timestamp,container,cpu_perc,mem_usage,mem_limit,mem_perc,net_io,block_io
2025-12-04T22:21:39,torch-api,0.29%,449.9MiB / 7.62GiB,5.77%,1.02kB / 126B,185MB / 106kB
2025-12-04T22:21:41,torch-api,0.29%,449.9MiB / 7.62GiB,5.77%,1.02kB / 126B,185MB / 106kB
2025-12-04T22:21:41,torch-api,0.29%,449.9MiB / 7.62GiB,5.77%,1.02kB / 126B,185MB / 106kB
2025-12-04T22:21:42,torch-api,0.27%,449.9MiB / 7.62GiB,5.77%,1.02kB / 126B,185MB / 106kB
2025-12-04T22:21:44,torch-api,0.25%,449.9MiB / 7.62GiB,5.77%,1.02kB / 126B,185MB / 106kB
2025-12-04T22:21:44,torch-api,0.25%,449.9MiB / 7.62GiB,5.77%,1.02kB / 126B,185MB / 106kB
2025-12-04T22:21:45,torch-api,0.29%,450.2MiB / 7.62GiB,5.77%,1.02kB / 126B,185MB / 106kB
2025-12-04T22:21:47,torch-api,0.29%,449.9MiB / 7.62GiB,5.77%,1.02kB / 126B,185MB / 106kB
2025-12-04T22:21:47,torch-api,0.29%,449.9MiB / 7.62GiB,5.77%,1.02kB / 126B,185MB / 106kB
2025-12-04T22:21:48,torch-api,0.26%,449.9MiB / 7.62GiB,5.77%,1.02kB / 126B,185MB / 106kB
2025-12-04T22:21:50,torch-api,0.33%,449.9MiB / 7.62GiB,5.77%,1.02kB / 126B,185MB / 106kB
2025-12-04T22:21:50,torch-api,0.33%,449.9MiB / 7.62GiB,5.77%,1.02kB / 126B,185MB / 106kB
2025-12-04T22:21:51,torch-api,0.25%,449.9MiB / 7.62GiB,5.77%,1.02kB / 126B,185MB / 106kB
2025-12-04T22:21:53,torch-api,0.28%,449.9MiB / 7.62GiB,5.77%,1.02kB / 126B,185MB / 106kB
2025-12-04T22:21:53,torch-api,0.28%,449.9MiB / 7.62GiB,5.77%,1.02kB / 126B,185MB / 106kB
2025-12-04T22:21:54,torch-api,0.28%,449.9MiB / 7.62GiB,5.77%,1.02kB / 126B,185MB / 106kB
2025-12-04T22:21:56,torch-api,0.30%,449.9MiB / 7.62GiB,5.77%,1.02kB / 126B,185MB / 106kB
2025-12-04T22:21:56,torch-api,0.30%,449.9MiB / 7.62GiB,5.77%,1.02kB / 126B,185MB / 106kB
2025-12-04T22:21:57,torch-api,0.33%,449.9MiB / 7.62GiB,5.77%,1.02kB / 126B,185MB / 106kB
2025-12-04T22:21:59,torch-api,0.31%,449.9MiB / 7.62GiB,5.77%,1.02kB / 126B,185MB / 106kB
2025-12-04T22:21:59,torch-api,0.31%,449.9MiB / 7.62GiB,5.77%,1.02kB / 126B,185MB / 106kB
2025-12-04T22:22:00,torch-api,0.30%,449.9MiB / 7.62GiB,5.77%,1.02kB / 126B,185MB / 106kB
2025-12-04T22:22:02,torch-api,0.17%,449.9MiB / 7.62GiB,5.77%,1.02kB / 126B,185MB / 106kB
2025-12-04T22:22:02,torch-api,0.17%,449.9MiB / 7.62GiB,5.77%,1.02kB / 126B,185MB / 106kB
2025-12-04T22:22:04,torch-api,0.16%,449.9MiB / 7.62GiB,5.77%,1.02kB / 126B,185MB / 106kB
2025-12-04T22:22:06,torch-api,0.15%,449.9MiB / 7.62GiB,5.77%,1.02kB / 126B,185MB / 106kB
2025-12-04T22:22:06,torch-api,0.15%,449.9MiB / 7.62GiB,5.77%,1.02kB / 126B,185MB / 106kB
2025-12-04T22:22:07,torch-api,7.18%,450.9MiB / 7.62GiB,5.78%,9.51MB / 29.1kB,185MB / 106kB
2025-12-04T22:22:09,torch-api,0.14%,450.9MiB / 7.62GiB,5.78%,9.51MB / 29.1kB,185MB / 106kB
2025-12-04T22:22:09,torch-api,0.14%,450.9MiB / 7.62GiB,5.78%,9.51MB / 29.1kB,185MB / 106kB
2025-12-04T22:22:10,torch-api,0.14%,450.9MiB / 7.62GiB,5.78%,9.51MB / 29.1kB,185MB / 106kB
2025-12-04T22:22:12,torch-api,0.14%,450.9MiB / 7.62GiB,5.78%,9.51MB / 29.1kB,185MB / 106kB
2025-12-04T22:22:12,torch-api,0.14%,450.9MiB / 7.62GiB,5.78%,9.51MB / 29.1kB,185MB / 106kB
2025-12-04T22:22:14,torch-api,0.15%,450.9MiB / 7.62GiB,5.78%,9.51MB / 29.1kB,185MB / 106kB
2025-12-04T22:22:16,torch-api,0.16%,450.9MiB / 7.62GiB,5.78%,9.51MB / 29.1kB,185MB / 106kB
2025-12-04T22:22:16,torch-api,0.16%,450.9MiB / 7.62GiB,5.78%,9.51MB / 29.1kB,185MB / 106kB
2025-12-04T22:22:18,torch-api,0.18%,450.9MiB / 7.62GiB,5.78%,9.51MB / 29.1kB,185MB / 106kB
2025-12-04T22:22:19,torch-api,0.17%,450.9MiB / 7.62GiB,5.78%,9.51MB / 29.1kB,185MB / 106kB
2025-12-04T22:22:19,torch-api,0.17%,450.9MiB / 7.62GiB,5.78%,9.51MB / 29.1kB,185MB / 106kB
2025-12-04T22:22:21,torch-api,0.24%,450.9MiB / 7.62GiB,5.78%,9.51MB / 29.1kB,185MB / 106kB
2025-12-04T22:22:22,torch-api,0.25%,450.9MiB / 7.62GiB,5.78%,9.51MB / 29.1kB,185MB / 106kB
2025-12-04T22:22:22,torch-api,0.25%,450.9MiB / 7.62GiB,5.78%,9.51MB / 29.1kB,185MB / 106kB
2025-12-04T22:22:24,torch-api,0.30%,450.9MiB / 7.62GiB,5.78%,9.51MB / 29.1kB,185MB / 106kB
2025-12-04T22:22:25,torch-api,0.31%,450.9MiB / 7.62GiB,5.78%,9.51MB / 29.1kB,185MB / 106kB
2025-12-04T22:22:25,torch-api,0.31%,450.9MiB / 7.62GiB,5.78%,9.51MB / 29.1kB,185MB / 106kB
2025-12-04T22:22:27,torch-api,0.30%,450.9MiB / 7.62GiB,5.78%,9.51MB / 29.1kB,185MB / 106kB
2025-12-04T22:22:28,torch-api,0.30%,450.9MiB / 7.62GiB,5.78%,9.51MB / 29.1kB,185MB / 106kB
2025-12-04T22:22:28,torch-api,0.30%,450.9MiB / 7.62GiB,5.78%,9.51MB / 29.1kB,185MB / 106kB
2025-12-04T22:22:30,torch-api,0.29%,450.9MiB / 7.62GiB,5.78%,9.51MB / 29.1kB,185MB / 106kB
2025-12-04T22:22:31,torch-api,0.32%,450.9MiB / 7.62GiB,5.78%,9.51MB / 29.1kB,185MB / 106kB
2025-12-04T22:22:31,torch-api,0.32%,450.9MiB / 7.62GiB,5.78%,9.51MB / 29.1kB,185MB / 106kB
2025-12-04T22:22:33,torch-api,0.33%,450.9MiB / 7.62GiB,5.78%,9.51MB / 29.1kB,185MB / 106kB
2025-12-04T22:22:34,torch-api,0.35%,450.9MiB / 7.62GiB,5.78%,9.51MB / 29.1kB,185MB / 106kB
2025-12-04T22:22:34,torch-api,0.35%,450.9MiB / 7.62GiB,5.78%,9.51MB / 29.1kB,185MB / 106kB
2025-12-04T22:22:36,torch-api,0.31%,450.9MiB / 7.62GiB,5.78%,9.51MB / 29.1kB,185MB / 106kB
2025-12-04T22:22:37,torch-api,0.30%,450.9MiB / 7.62GiB,5.78%,9.51MB / 29.1kB,185MB / 106kB
2025-12-04T22:22:37,torch-api,0.30%,450.9MiB / 7.62GiB,5.78%,9.51MB / 29.1kB,185MB / 106kB
2025-12-04T22:22:39,torch-api,0.25%,450.9MiB / 7.62GiB,5.78%,9.51MB / 29.1kB,185MB / 106kB
2025-12-04T22:22:40,torch-api,0.31%,450.9MiB / 7.62GiB,5.78%,9.51MB / 29.1kB,185MB / 106kB
2025-12-04T22:22:40,torch-api,0.31%,450.9MiB / 7.62GiB,5.78%,9.51MB / 29.1kB,185MB / 106kB
2025-12-04T22:22:42,torch-api,0.22%,450.9MiB / 7.62GiB,5.78%,9.51MB / 29.1kB,185MB / 106kB
2025-12-04T22:22:43,torch-api,0.24%,450.9MiB / 7.62GiB,5.78%,9.51MB / 29.1kB,185MB / 106kB
2025-12-04T22:22:43,torch-api,0.24%,450.9MiB / 7.62GiB,5.78%,9.51MB / 29.1kB,185MB / 106kB
2025-12-04T22:22:45,torch-api,0.26%,450.9MiB / 7.62GiB,5.78%,9.51MB / 29.1kB,185MB / 106kB
2025-12-04T22:22:46,torch-api,0.28%,450.9MiB / 7.62GiB,5.78%,9.51MB / 29.1kB,185MB / 106kB
2025-12-04T22:22:46,torch-api,0.28%,450.9MiB / 7.62GiB,5.78%,9.51MB / 29.1kB,185MB / 106kB
2025-12-04T22:22:48,torch-api,0.33%,450.9MiB / 7.62GiB,5.78%,9.51MB / 29.1kB,185MB / 106kB
2025-12-04T22:22:49,torch-api,0.26%,450.9MiB / 7.62GiB,5.78%,9.51MB / 29.1kB,185MB / 106kB
2025-12-04T22:22:49,torch-api,0.26%,450.9MiB / 7.62GiB,5.78%,9.51MB / 29.1kB,185MB / 106kB
2025-12-04T22:22:51,torch-api,0.23%,450.9MiB / 7.62GiB,5.78%,9.51MB / 29.1kB,185MB / 106kB
2025-12-04T22:22:52,torch-api,0.30%,450.9MiB / 7.62GiB,5.78%,9.51MB / 29.1kB,185MB / 106kB
2025-12-04T22:22:52,torch-api,0.30%,450.9MiB / 7.62GiB,5.78%,9.51MB / 29.1kB,185MB / 106kB
2025-12-04T22:22:54,torch-api,0.28%,450.9MiB / 7.62GiB,5.78%,9.51MB / 29.1kB,185MB / 106kB
2025-12-04T22:22:55,torch-api,0.24%,450.9MiB / 7.62GiB,5.78%,9.51MB / 29.1kB,185MB / 106kB
2025-12-04T22:22:55,torch-api,0.24%,450.9MiB / 7.62GiB,5.78%,9.51MB / 29.1kB,185MB / 106kB
2025-12-04T22:22:57,torch-api,0.19%,450.9MiB / 7.62GiB,5.78%,9.51MB / 29.1kB,185MB / 106kB
2025-12-04T22:22:58,torch-api,0.23%,450.9MiB / 7.62GiB,5.78%,9.51MB / 29.1kB,185MB / 106kB
2025-12-04T22:22:58,torch-api,0.23%,450.9MiB / 7.62GiB,5.78%,9.51MB / 29.1kB,185MB / 106kB
2025-12-04T22:23:00,torch-api,0.22%,450.9MiB / 7.62GiB,5.78%,9.51MB / 29.1kB,185MB / 106kB
2025-12-04T22:23:01,torch-api,0.20%,450.9MiB / 7.62GiB,5.78%,9.51MB / 29.1kB,185MB / 106kB
2025-12-04T22:23:01,torch-api,0.20%,450.9MiB / 7.62GiB,5.78%,9.51MB / 29.1kB,185MB / 106kB
2025-12-04T22:23:03,torch-api,0.21%,450.9MiB / 7.62GiB,5.78%,9.51MB / 29.1kB,185MB / 106kB
2025-12-04T22:23:04,torch-api,0.23%,450.9MiB / 7.62GiB,5.78%,9.51MB / 29.1kB,185MB / 106kB
2025-12-04T22:23:04,torch-api,0.23%,450.9MiB / 7.62GiB,5.78%,9.51MB / 29.1kB,185MB / 106kB
2025-12-04T22:23:06,torch-api,0.24%,450.9MiB / 7.62GiB,5.78%,9.51MB / 29.1kB,185MB / 106kB
2025-12-04T22:23:07,torch-api,0.31%,450.9MiB / 7.62GiB,5.78%,9.51MB / 29.1kB,185MB / 106kB
2025-12-04T22:23:07,torch-api,0.31%,450.9MiB / 7.62GiB,5.78%,9.51MB / 29.1kB,185MB / 106kB
2025-12-04T22:23:09,torch-api,0.32%,450.9MiB / 7.62GiB,5.78%,9.51MB / 29.1kB,185MB / 106kB
2025-12-04T22:23:10,torch-api,0.31%,450.9MiB / 7.62GiB,5.78%,9.51MB / 29.1kB,185MB / 106kB
2025-12-04T22:23:10,torch-api,0.31%,450.9MiB / 7.62GiB,5.78%,9.51MB / 29.1kB,185MB / 106kB
2025-12-04T22:23:12,torch-api,0.32%,450.9MiB / 7.62GiB,5.78%,9.51MB / 29.1kB,185MB / 106kB
2025-12-04T22:23:13,torch-api,0.28%,450.9MiB / 7.62GiB,5.78%,9.51MB / 29.1kB,185MB / 106kB
2025-12-04T22:23:13,torch-api,0.28%,450.9MiB / 7.62GiB,5.78%,9.51MB / 29.1kB,185MB / 106kB
2025-12-04T22:23:15,torch-api,0.31%,450.9MiB / 7.62GiB,5.78%,9.51MB / 29.1kB,185MB / 106kB
2025-12-04T22:23:16,torch-api,0.32%,450.9MiB / 7.62GiB,5.78%,9.51MB / 29.1kB,185MB / 106kB
2025-12-04T22:23:16,torch-api,0.32%,450.9MiB / 7.62GiB,5.78%,9.51MB / 29.1kB,185MB / 106kB
2025-12-04T22:23:18,torch-api,0.24%,450.9MiB / 7.62GiB,5.78%,9.51MB / 29.1kB,185MB / 106kB
2025-12-04T22:23:19,torch-api,0.28%,450.9MiB / 7.62GiB,5.78%,9.51MB / 29.1kB,185MB / 106kB
2025-12-04T22:23:19,torch-api,0.28%,450.9MiB / 7.62GiB,5.78%,9.51MB / 29.1kB,185MB / 106kB
2025-12-04T22:23:21,torch-api,0.29%,450.9MiB / 7.62GiB,5.78%,9.51MB / 29.1kB,185MB / 106kB
2025-12-04T22:23:22,torch-api,0.32%,450.9MiB / 7.62GiB,5.78%,9.51MB / 29.1kB,185MB / 106kB
2025-12-04T22:23:22,torch-api,0.32%,450.9MiB / 7.62GiB,5.78%,9.51MB / 29.1kB,185MB / 106kB
2025-12-04T22:23:24,torch-api,0.22%,450.9MiB / 7.62GiB,5.78%,9.51MB / 29.1kB,185MB / 106kB
2025-12-04T22:23:25,torch-api,0.27%,450.9MiB / 7.62GiB,5.78%,9.51MB / 29.1kB,185MB / 106kB
2025-12-04T22:23:25,torch-api,0.27%,450.9MiB / 7.62GiB,5.78%,9.51MB / 29.1kB,185MB / 106kB
2025-12-04T22:23:27,torch-api,0.32%,450.9MiB / 7.62GiB,5.78%,9.51MB / 29.1kB,185MB / 106kB
2025-12-04T22:23:28,torch-api,0.29%,450.9MiB / 7.62GiB,5.78%,9.51MB / 29.1kB,185MB / 106kB
2025-12-04T22:23:28,torch-api,0.29%,450.9MiB / 7.62GiB,5.78%,9.51MB / 29.1kB,185MB / 106kB
2025-12-04T22:23:30,torch-api,0.35%,450.9MiB / 7.62GiB,5.78%,9.51MB / 29.1kB,185MB / 106kB
2025-12-04T22:23:31,torch-api,0.27%,450.9MiB / 7.62GiB,5.78%,9.51MB / 29.1kB,185MB / 106kB
2025-12-04T22:23:31,torch-api,0.27%,450.9MiB / 7.62GiB,5.78%,9.51MB / 29.1kB,185MB / 106kB
2025-12-04T22:23:33,torch-api,0.27%,450.9MiB / 7.62GiB,5.78%,9.51MB / 29.1kB,185MB / 106kB
2025-12-04T22:23:34,torch-api,0.29%,450.9MiB / 7.62GiB,5.78%,9.51MB / 29.1kB,185MB / 106kB
2025-12-04T22:23:34,torch-api,0.29%,450.9MiB / 7.62GiB,5.78%,9.51MB / 29.1kB,185MB / 106kB
2025-12-04T22:23:36,torch-api,0.27%,450.9MiB / 7.62GiB,5.78%,9.51MB / 29.1kB,185MB / 106kB
2025-12-04T22:23:37,torch-api,0.33%,450.9MiB / 7.62GiB,5.78%,9.51MB / 29.1kB,185MB / 106kB
2025-12-04T22:23:37,torch-api,0.33%,450.9MiB / 7.62GiB,5.78%,9.51MB / 29.1kB,185MB / 106kB
2025-12-04T22:23:39,torch-api,0.17%,450.9MiB / 7.62GiB,5.78%,9.51MB / 29.1kB,185MB / 106kB
2025-12-04T22:23:41,torch-api,0.16%,450.9MiB / 7.62GiB,5.78%,9.51MB / 29.1kB,185MB / 106kB
2025-12-04T22:23:41,torch-api,0.16%,450.9MiB / 7.62GiB,5.78%,9.51MB / 29.1kB,185MB / 106kB
2025-12-04T22:23:43,torch-api,0.16%,450.9MiB / 7.62GiB,5.78%,9.51MB / 29.1kB,185MB / 106kB
2025-12-04T22:23:44,torch-api,0.17%,450.9MiB / 7.62GiB,5.78%,9.51MB / 29.1kB,185MB / 106kB
2025-12-04T22:23:44,torch-api,0.17%,450.9MiB / 7.62GiB,5.78%,9.51MB / 29.1kB,185MB / 106kB
2025-12-04T22:23:46,torch-api,0.15%,450.9MiB / 7.62GiB,5.78%,9.51MB / 29.1kB,185MB / 106kB
2025-12-04T22:23:47,torch-api,0.15%,450.9MiB / 7.62GiB,5.78%,9.51MB / 29.1kB,185MB / 106kB
2025-12-04T22:23:47,torch-api,0.15%,450.9MiB / 7.62GiB,5.78%,9.51MB / 29.1kB,185MB / 106kB
2025-12-04T22:23:49,torch-api,16.32%,455.6MiB / 7.62GiB,5.84%,46.8MB / 107kB,185MB / 106kB
2025-12-04T22:23:50,torch-api,45.52%,459MiB / 7.62GiB,5.88%,146MB / 298kB,185MB / 106kB
2025-12-04T22:23:50,torch-api,45.52%,459MiB / 7.62GiB,5.88%,146MB / 298kB,185MB / 106kB
2025-12-04T22:23:52,torch-api,5.54%,463.8MiB / 7.62GiB,5.94%,268MB / 515kB,185MB / 106kB
2025-12-04T22:23:53,torch-api,0.20%,463.8MiB / 7.62GiB,5.94%,268MB / 515kB,185MB / 106kB
2025-12-04T22:23:53,torch-api,0.20%,463.8MiB / 7.62GiB,5.94%,268MB / 515kB,185MB / 106kB
2025-12-04T22:23:55,torch-api,0.15%,463.8MiB / 7.62GiB,5.94%,268MB / 515kB,185MB / 106kB
2025-12-04T22:23:56,torch-api,0.15%,463.8MiB / 7.62GiB,5.94%,268MB / 515kB,185MB / 106kB
2025-12-04T22:23:56,torch-api,0.15%,463.8MiB / 7.62GiB,5.94%,268MB / 515kB,185MB / 106kB
2025-12-04T22:23:58,torch-api,0.16%,463.8MiB / 7.62GiB,5.94%,268MB / 515kB,185MB / 106kB
2025-12-04T22:23:59,torch-api,0.15%,463.8MiB / 7.62GiB,5.94%,268MB / 515kB,185MB / 106kB
2025-12-04T22:23:59,torch-api,0.15%,463.8MiB / 7.62GiB,5.94%,268MB / 515kB,185MB / 106kB
2025-12-04T22:24:02,torch-api,0.16%,463.8MiB / 7.62GiB,5.94%,268MB / 515kB,185MB / 106kB
2025-12-04T22:24:03,torch-api,0.17%,463.8MiB / 7.62GiB,5.94%,268MB / 515kB,185MB / 106kB
2025-12-04T22:24:03,torch-api,0.17%,463.8MiB / 7.62GiB,5.94%,268MB / 515kB,185MB / 106kB
2025-12-04T22:24:05,torch-api,0.26%,463.8MiB / 7.62GiB,5.94%,268MB / 515kB,185MB / 106kB
2025-12-04T22:24:06,torch-api,0.27%,463.8MiB / 7.62GiB,5.94%,268MB / 515kB,185MB / 106kB
2025-12-04T22:24:06,torch-api,0.27%,463.8MiB / 7.62GiB,5.94%,268MB / 515kB,185MB / 106kB
2025-12-04T22:24:08,torch-api,0.31%,463.8MiB / 7.62GiB,5.94%,268MB / 515kB,185MB / 106kB
2025-12-04T22:24:09,torch-api,0.28%,463.8MiB / 7.62GiB,5.94%,268MB / 515kB,185MB / 106kB
2025-12-04T22:24:09,torch-api,0.28%,463.8MiB / 7.62GiB,5.94%,268MB / 515kB,185MB / 106kB
2025-12-04T22:24:11,torch-api,0.30%,463.8MiB / 7.62GiB,5.94%,268MB / 515kB,185MB / 106kB
2025-12-04T22:24:12,torch-api,0.29%,463.8MiB / 7.62GiB,5.94%,268MB / 515kB,185MB / 106kB
2025-12-04T22:24:12,torch-api,0.29%,463.8MiB / 7.62GiB,5.94%,268MB / 515kB,185MB / 106kB
2025-12-04T22:24:14,torch-api,0.28%,463.8MiB / 7.62GiB,5.94%,268MB / 515kB,185MB / 106kB
2025-12-04T22:24:15,torch-api,0.30%,463.8MiB / 7.62GiB,5.94%,268MB / 515kB,185MB / 106kB
2025-12-04T22:24:15,torch-api,0.30%,463.8MiB / 7.62GiB,5.94%,268MB / 515kB,185MB / 106kB
2025-12-04T22:24:17,torch-api,0.29%,463.8MiB / 7.62GiB,5.94%,268MB / 515kB,185MB / 106kB
2025-12-04T22:24:18,torch-api,0.23%,463.8MiB / 7.62GiB,5.94%,268MB / 515kB,185MB / 106kB
2025-12-04T22:24:18,torch-api,0.23%,463.8MiB / 7.62GiB,5.94%,268MB / 515kB,185MB / 106kB
2025-12-04T22:24:20,torch-api,0.29%,463.8MiB / 7.62GiB,5.94%,268MB / 515kB,185MB / 106kB
2025-12-04T22:24:21,torch-api,0.33%,463.8MiB / 7.62GiB,5.94%,268MB / 515kB,185MB / 106kB
2025-12-04T22:24:21,torch-api,0.33%,463.8MiB / 7.62GiB,5.94%,268MB / 515kB,185MB / 106kB
2025-12-04T22:24:23,torch-api,0.33%,463.8MiB / 7.62GiB,5.94%,268MB / 515kB,185MB / 106kB
2025-12-04T22:24:24,torch-api,0.27%,463.8MiB / 7.62GiB,5.94%,268MB / 515kB,185MB / 106kB
2025-12-04T22:24:24,torch-api,0.27%,463.8MiB / 7.62GiB,5.94%,268MB / 515kB,185MB / 106kB
2025-12-04T22:24:26,torch-api,0.27%,463.8MiB / 7.62GiB,5.94%,268MB / 515kB,185MB / 106kB
2025-12-04T22:24:27,torch-api,0.24%,463.8MiB / 7.62GiB,5.94%,268MB / 515kB,185MB / 106kB
2025-12-04T22:24:27,torch-api,0.24%,463.8MiB / 7.62GiB,5.94%,268MB / 515kB,185MB / 106kB
2025-12-04T22:24:29,torch-api,0.25%,463.8MiB / 7.62GiB,5.94%,268MB / 515kB,185MB / 106kB
2025-12-04T22:24:30,torch-api,0.26%,463.8MiB / 7.62GiB,5.94%,268MB / 515kB,185MB / 106kB
2025-12-04T22:24:30,torch-api,0.26%,463.8MiB / 7.62GiB,5.94%,268MB / 515kB,185MB / 106kB
2025-12-04T22:24:32,torch-api,0.30%,463.8MiB / 7.62GiB,5.94%,268MB / 515kB,185MB / 106kB
2025-12-04T22:24:33,torch-api,0.31%,463.8MiB / 7.62GiB,5.94%,268MB / 515kB,185MB / 106kB
2025-12-04T22:24:33,torch-api,0.31%,463.8MiB / 7.62GiB,5.94%,268MB / 515kB,185MB / 106kB
2025-12-04T22:24:35,torch-api,0.34%,463.8MiB / 7.62GiB,5.94%,268MB / 515kB,185MB / 106kB
2025-12-04T22:24:36,torch-api,0.31%,463.8MiB / 7.62GiB,5.94%,268MB / 515kB,185MB / 106kB
2025-12-04T22:24:36,torch-api,0.31%,463.8MiB / 7.62GiB,5.94%,268MB / 515kB,185MB / 106kB
2025-12-04T22:24:38,torch-api,0.32%,463.8MiB / 7.62GiB,5.94%,268MB / 515kB,185MB / 106kB
2025-12-04T22:24:39,torch-api,0.34%,463.8MiB / 7.62GiB,5.94%,268MB / 515kB,185MB / 106kB
2025-12-04T22:24:39,torch-api,0.34%,463.8MiB / 7.62GiB,5.94%,268MB / 515kB,185MB / 106kB
2025-12-04T22:24:41,torch-api,0.27%,463.8MiB / 7.62GiB,5.94%,268MB / 515kB,185MB / 106kB
2025-12-04T22:24:42,torch-api,0.30%,463.8MiB / 7.62GiB,5.94%,268MB / 515kB,185MB / 106kB
2025-12-04T22:24:42,torch-api,0.30%,463.8MiB / 7.62GiB,5.94%,268MB / 515kB,185MB / 106kB
2025-12-04T22:24:44,torch-api,0.26%,463.8MiB / 7.62GiB,5.94%,268MB / 515kB,185MB / 106kB
2025-12-04T22:24:45,torch-api,0.33%,463.8MiB / 7.62GiB,5.94%,268MB / 515kB,185MB / 106kB
2025-12-04T22:24:45,torch-api,0.33%,463.8MiB / 7.62GiB,5.94%,268MB / 515kB,185MB / 106kB
2025-12-04T22:24:48,torch-api,0.35%,463.8MiB / 7.62GiB,5.94%,268MB / 515kB,185MB / 106kB
2025-12-04T22:24:49,torch-api,0.34%,463.8MiB / 7.62GiB,5.94%,268MB / 515kB,185MB / 106kB
2025-12-04T22:24:49,torch-api,0.34%,463.8MiB / 7.62GiB,5.94%,268MB / 515kB,185MB / 106kB
2025-12-04T22:24:51,torch-api,0.27%,463.8MiB / 7.62GiB,5.94%,268MB / 515kB,185MB / 106kB
2025-12-04T22:24:52,torch-api,0.23%,463.8MiB / 7.62GiB,5.94%,268MB / 515kB,185MB / 106kB
2025-12-04T22:24:54,torch-api,0.26%,463.8MiB / 7.62GiB,5.94%,268MB / 515kB,185MB / 106kB
2025-12-04T22:24:55,torch-api,0.26%,463.8MiB / 7.62GiB,5.94%,268MB / 515kB,185MB / 106kB
2025-12-04T22:24:57,torch-api,0.29%,463.8MiB / 7.62GiB,5.94%,268MB / 515kB,185MB / 106kB
2025-12-04T22:24:58,torch-api,0.33%,463.8MiB / 7.62GiB,5.94%,268MB / 515kB,185MB / 106kB
2025-12-04T22:25:00,torch-api,0.30%,463.8MiB / 7.62GiB,5.94%,268MB / 515kB,185MB / 106kB
2025-12-04T22:25:01,torch-api,0.32%,463.8MiB / 7.62GiB,5.94%,268MB / 515kB,185MB / 106kB
2025-12-04T22:25:03,torch-api,0.36%,463.8MiB / 7.62GiB,5.94%,268MB / 515kB,185MB / 106kB
2025-12-04T22:25:04,torch-api,0.34%,463.8MiB / 7.62GiB,5.94%,268MB / 515kB,185MB / 106kB
2025-12-04T22:25:06,torch-api,0.34%,463.8MiB / 7.62GiB,5.94%,268MB / 515kB,185MB / 106kB
2025-12-04T22:25:07,torch-api,0.30%,463.8MiB / 7.62GiB,5.94%,268MB / 515kB,185MB / 106kB
2025-12-04T22:25:09,torch-api,0.31%,463.8MiB / 7.62GiB,5.94%,268MB / 515kB,185MB / 106kB
2025-12-04T22:25:10,torch-api,0.30%,463.8MiB / 7.62GiB,5.94%,268MB / 515kB,185MB / 106kB
2025-12-04T22:25:12,torch-api,0.31%,463.8MiB / 7.62GiB,5.94%,268MB / 515kB,185MB / 106kB
2025-12-04T22:25:14,torch-api,0.28%,463.8MiB / 7.62GiB,5.94%,268MB / 515kB,185MB / 106kB
2025-12-04T22:25:15,torch-api,0.29%,463.8MiB / 7.62GiB,5.94%,268MB / 515kB,185MB / 106kB
2025-12-04T22:25:17,torch-api,0.28%,463.8MiB / 7.62GiB,5.94%,268MB / 515kB,185MB / 106kB
2025-12-04T22:25:18,torch-api,0.29%,463.8MiB / 7.62GiB,5.94%,268MB / 515kB,185MB / 106kB
2025-12-04T22:25:20,torch-api,0.16%,463.8MiB / 7.62GiB,5.94%,268MB / 515kB,185MB / 106kB
2025-12-04T22:25:21,torch-api,0.18%,463.8MiB / 7.62GiB,5.94%,268MB / 515kB,185MB / 106kB
2025-12-04T22:25:23,torch-api,0.23%,463.8MiB / 7.62GiB,5.94%,268MB / 515kB,185MB / 106kB
2025-12-04T22:25:24,torch-api,0.21%,463.8MiB / 7.62GiB,5.94%,268MB / 515kB,185MB / 106kB
2025-12-04T22:25:26,torch-api,0.21%,463.8MiB / 7.62GiB,5.94%,268MB / 515kB,185MB / 106kB
2025-12-04T22:25:27,torch-api,0.32%,463.8MiB / 7.62GiB,5.94%,268MB / 515kB,185MB / 106kB
2025-12-04T22:25:29,torch-api,0.25%,463.8MiB / 7.62GiB,5.94%,268MB / 515kB,185MB / 106kB
2025-12-04T22:25:30,torch-api,0.27%,463.8MiB / 7.62GiB,5.94%,268MB / 515kB,185MB / 106kB
2025-12-04T22:25:32,torch-api,0.23%,463.8MiB / 7.62GiB,5.94%,268MB / 515kB,185MB / 106kB
2025-12-04T22:25:33,torch-api,0.29%,463.8MiB / 7.62GiB,5.94%,268MB / 515kB,185MB / 106kB
2025-12-04T22:25:35,torch-api,0.29%,463.8MiB / 7.62GiB,5.94%,268MB / 515kB,185MB / 106kB
2025-12-04T22:25:36,torch-api,0.30%,463.8MiB / 7.62GiB,5.94%,268MB / 515kB,185MB / 106kB
2025-12-04T22:25:38,torch-api,0.27%,463.8MiB / 7.62GiB,5.94%,268MB / 515kB,185MB / 106kB
2025-12-04T22:25:39,torch-api,0.23%,463.8MiB / 7.62GiB,5.94%,268MB / 515kB,185MB / 106kB
2025-12-04T22:25:41,torch-api,0.27%,463.8MiB / 7.62GiB,5.94%,268MB / 515kB,185MB / 106kB
2025-12-04T22:25:42,torch-api,0.27%,463.8MiB / 7.62GiB,5.94%,268MB / 515kB,185MB / 106kB
2025-12-04T22:25:45,torch-api,0.00%,0B / 0B,0.00%,0B / 0B,0B / 0B
2025-12-04T22:25:44,torch-api,0.00%,0B / 0B,0.00%,0B / 0B,0B / 0B
2025-12-04T22:25:47,torch-api,0.00%,0B / 0B,0.00%,0B / 0B,0B / 0B
2025-12-04T22:25:48,torch-api,0.00%,0B / 0B,0.00%,0B / 0B,0B / 0B
2025-12-04T22:25:49,torch-api,0.00%,0B / 0B,0.00%,0B / 0B,0B / 0B
2025-12-04T22:25:49,torch-api,0.00%,0B / 0B,0.00%,0B / 0B,0B / 0B
2025-12-04T22:25:50,torch-api,0.00%,0B / 0B,0.00%,0B / 0B,0B / 0B
2025-12-04T22:25:51,torch-api,0.00%,0B / 0B,0.00%,0B / 0B,0B / 0B
2025-12-04T22:25:52,torch-api,0.00%,0B / 0B,0.00%,0B / 0B,0B / 0B
2025-12-04T22:25:53,torch-api,0.00%,0B / 0B,0.00%,0B / 0B,0B / 0B
2025-12-04T22:25:54,torch-api,0.00%,0B / 0B,0.00%,0B / 0B,0B / 0B
2025-12-04T22:25:54,torch-api,0.00%,0B / 0B,0.00%,0B / 0B,0B / 0B
2025-12-04T22:25:55,torch-api,0.00%,0B / 0B,0.00%,0B / 0B,0B / 0B
2025-12-04T22:25:56,torch-api,0.00%,0B / 0B,0.00%,0B / 0B,0B / 0B
2025-12-04T22:25:57,torch-api,0.00%,0B / 0B,0.00%,0B / 0B,0B / 0B
2025-12-04T22:25:58,torch-api,0.00%,0B / 0B,0.00%,0B / 0B,0B / 0B
2025-12-04T22:25:59,torch-api,0.00%,0B / 0B,0.00%,0B / 0B,0B / 0B
2025-12-04T22:25:59,torch-api,0.00%,0B / 0B,0.00%,0B / 0B,0B / 0B
2025-12-04T22:26:00,torch-api,0.00%,0B / 0B,0.00%,0B / 0B,0B / 0B
2025-12-04T22:26:01,torch-api,0.00%,0B / 0B,0.00%,0B / 0B,0B / 0B
2025-12-04T22:26:02,torch-api,0.00%,0B / 0B,0.00%,0B / 0B,0B / 0B
2025-12-04T22:26:03,torch-api,0.00%,0B / 0B,0.00%,0B / 0B,0B / 0B
2025-12-04T22:26:04,torch-api,0.00%,0B / 0B,0.00%,0B / 0B,0B / 0B
2025-12-04T22:26:04,torch-api,0.00%,0B / 0B,0.00%,0B / 0B,0B / 0B
2025-12-04T22:26:05,torch-api,0.00%,0B / 0B,0.00%,0B / 0B,0B / 0B
2025-12-04T22:26:06,torch-api,0.00%,0B / 0B,0.00%,0B / 0B,0B / 0B
2025-12-04T22:26:07,torch-api,0.00%,0B / 0B,0.00%,0B / 0B,0B / 0B
2025-12-04T22:26:08,torch-api,0.00%,0B / 0B,0.00%,0B / 0B,0B / 0B
2025-12-04T22:26:09,torch-api,0.00%,0B / 0B,0.00%,0B / 0B,0B / 0B
2025-12-04T22:26:09,torch-api,0.00%,0B / 0B,0.00%,0B / 0B,0B / 0B
2025-12-04T22:26:10,torch-api,0.00%,0B / 0B,0.00%,0B / 0B,0B / 0B
2025-12-04T22:26:11,torch-api,0.00%,0B / 0B,0.00%,0B / 0B,0B / 0B
2025-12-04T22:26:12,torch-api,0.00%,0B / 0B,0.00%,0B / 0B,0B / 0B
2025-12-04T22:26:12,torch-api,0.00%,0B / 0B,0.00%,0B / 0B,0B / 0B
2025-12-04T22:26:13,torch-api,0.00%,0B / 0B,0.00%,0B / 0B,0B / 0B
2025-12-04T22:26:14,torch-api,0.00%,0B / 0B,0.00%,0B / 0B,0B / 0B
2025-12-04T22:26:15,torch-api,0.00%,0B / 0B,0.00%,0B / 0B,0B / 0B
2025-12-04T22:26:16,torch-api,0.00%,0B / 0B,0.00%,0B / 0B,0B / 0B
2025-12-04T22:26:17,torch-api,0.00%,0B / 0B,0.00%,0B / 0B,0B / 0B
2025-12-04T22:26:17,torch-api,0.00%,0B / 0B,0.00%,0B / 0B,0B / 0B
2025-12-04T22:26:18,torch-api,0.00%,0B / 0B,0.00%,0B / 0B,0B / 0B
2025-12-04T22:26:19,torch-api,0.00%,0B / 0B,0.00%,0B / 0B,0B / 0B
2025-12-04T22:26:20,torch-api,0.00%,0B / 0B,0.00%,0B / 0B,0B / 0B
2025-12-04T22:26:21,torch-api,0.00%,0B / 0B,0.00%,0B / 0B,0B / 0B
2025-12-04T22:26:21,torch-api,0.00%,0B / 0B,0.00%,0B / 0B,0B / 0B
2025-12-04T22:26:22,torch-api,0.00%,0B / 0B,0.00%,0B / 0B,0B / 0B
2025-12-04T22:26:23,torch-api,0.00%,0B / 0B,0.00%,0B / 0B,0B / 0B
2025-12-04T22:26:24,torch-api,0.00%,0B / 0B,0.00%,0B / 0B,0B / 0B
2025-12-04T22:26:25,torch-api,0.00%,0B / 0B,0.00%,0B / 0B,0B / 0B
2025-12-04T22:26:26,torch-api,0.00%,0B / 0B,0.00%,0B / 0B,0B / 0B
2025-12-04T22:26:27,torch-api,0.00%,0B / 0B,0.00%,0B / 0B,0B / 0B
2025-12-04T22:26:27,torch-api,0.00%,0B / 0B,0.00%,0B / 0B,0B / 0B
2025-12-04T22:26:28,torch-api,0.00%,0B / 0B,0.00%,0B / 0B,0B / 0B
2025-12-04T22:26:29,torch-api,0.00%,0B / 0B,0.00%,0B / 0B,0B / 0B
2025-12-04T22:26:30,torch-api,0.00%,0B / 0B,0.00%,0B / 0B,0B / 0B
2025-12-04T22:26:31,torch-api,0.00%,0B / 0B,0.00%,0B / 0B,0B / 0B
2025-12-04T22:26:32,torch-api,0.00%,0B / 0B,0.00%,0B / 0B,0B / 0B
2025-12-04T22:26:32,torch-api,0.00%,0B / 0B,0.00%,0B / 0B,0B / 0B
2025-12-04T22:26:33,torch-api,0.00%,0B / 0B,0.00%,0B / 0B,0B / 0B
2025-12-04T22:26:34,torch-api,0.00%,0B / 0B,0.00%,0B / 0B,0B / 0B
2025-12-04T22:26:35,torch-api,0.00%,0B / 0B,0.00%,0B / 0B,0B / 0B
2025-12-04T22:26:36,torch-api,0.00%,0B / 0B,0.00%,0B / 0B,0B / 0B
2025-12-04T22:26:37,torch-api,0.00%,0B / 0B,0.00%,0B / 0B,0B / 0B
2025-12-04T22:26:37,torch-api,0.00%,0B / 0B,0.00%,0B / 0B,0B / 0B
2025-12-04T22:26:38,torch-api,0.00%,0B / 0B,0.00%,0B / 0B,0B / 0B
2025-12-04T22:26:39,torch-api,0.00%,0B / 0B,0.00%,0B / 0B,0B / 0B
2025-12-04T22:26:40,torch-api,0.00%,0B / 0B,0.00%,0B / 0B,0B / 0B
2025-12-04T22:26:40,torch-api,0.00%,0B / 0B,0.00%,0B / 0B,0B / 0B
2025-12-04T22:26:41,torch-api,0.00%,0B / 0B,0.00%,0B / 0B,0B / 0B
2025-12-04T22:26:42,torch-api,0.00%,0B / 0B,0.00%,0B / 0B,0B / 0B
2025-12-04T22:26:43,torch-api,0.00%,0B / 0B,0.00%,0B / 0B,0B / 0B
2025-12-04T22:26:44,torch-api,0.00%,0B / 0B,0.00%,0B / 0B,0B / 0B
2025-12-04T22:26:45,torch-api,0.00%,0B / 0B,0.00%,0B / 0B,0B / 0B
2025-12-04T22:26:45,torch-api,0.00%,0B / 0B,0.00%,0B / 0B,0B / 0B
2025-12-04T22:26:46,torch-api,0.00%,0B / 0B,0.00%,0B / 0B,0B / 0B
2025-12-04T22:26:47,torch-api,0.00%,0B / 0B,0.00%,0B / 0B,0B / 0B
2025-12-04T22:26:48,torch-api,0.00%,0B / 0B,0.00%,0B / 0B,0B / 0B
2025-12-04T22:26:49,torch-api,0.00%,0B / 0B,0.00%,0B / 0B,0B / 0B
2025-12-04T22:26:50,torch-api,0.00%,0B / 0B,0.00%,0B / 0B,0B / 0B
2025-12-04T22:26:50,torch-api,0.00%,0B / 0B,0.00%,0B / 0B,0B / 0B
2025-12-04T22:26:51,torch-api,0.00%,0B / 0B,0.00%,0B / 0B,0B / 0B
2025-12-04T22:26:52,torch-api,0.00%,0B / 0B,0.00%,0B / 0B,0B / 0B
2025-12-04T22:26:53,torch-api,0.00%,0B / 0B,0.00%,0B / 0B,0B / 0B
2025-12-04T22:26:54,torch-api,0.00%,0B / 0B,0.00%,0B / 0B,0B / 0B
2025-12-04T22:26:54,torch-api,0.00%,0B / 0B,0.00%,0B / 0B,0B / 0B
2025-12-04T22:26:55,torch-api,0.00%,0B / 0B,0.00%,0B / 0B,0B / 0B
2025-12-04T22:26:56,torch-api,0.00%,0B / 0B,0.00%,0B / 0B,0B / 0B
2025-12-04T22:26:57,torch-api,0.00%,0B / 0B,0.00%,0B / 0B,0B / 0B
2025-12-04T22:26:58,torch-api,0.00%,0B / 0B,0.00%,0B / 0B,0B / 0B
2025-12-04T22:26:59,torch-api,0.00%,0B / 0B,0.00%,0B / 0B,0B / 0B
2025-12-04T22:27:00,torch-api,0.00%,0B / 0B,0.00%,0B / 0B,0B / 0B
2025-12-04T22:27:00,torch-api,0.00%,0B / 0B,0.00%,0B / 0B,0B / 0B
2025-12-04T22:27:01,torch-api,0.00%,0B / 0B,0.00%,0B / 0B,0B / 0B
2025-12-04T22:27:02,torch-api,0.00%,0B / 0B,0.00%,0B / 0B,0B / 0B
2025-12-04T22:27:03,torch-api,0.00%,0B / 0B,0.00%,0B / 0B,0B / 0B
2025-12-04T22:27:04,torch-api,0.00%,0B / 0B,0.00%,0B / 0B,0B / 0B
2025-12-04T22:27:05,torch-api,0.00%,0B / 0B,0.00%,0B / 0B,0B / 0B
2025-12-04T22:27:05,torch-api,0.00%,0B / 0B,0.00%,0B / 0B,0B / 0B
2025-12-04T22:27:06,torch-api,0.00%,0B / 0B,0.00%,0B / 0B,0B / 0B
2025-12-04T22:27:07,torch-api,0.00%,0B / 0B,0.00%,0B / 0B,0B / 0B
2025-12-04T22:27:08,torch-api,0.00%,0B / 0B,0.00%,0B / 0B,0B / 0B
2025-12-04T22:27:08,torch-api,0.00%,0B / 0B,0.00%,0B / 0B,0B / 0B
2025-12-04T22:27:09,torch-api,0.00%,0B / 0B,0.00%,0B / 0B,0B / 0B
2025-12-04T22:27:10,torch-api,0.00%,0B / 0B,0.00%,0B / 0B,0B / 0B
2025-12-04T22:27:11,torch-api,0.00%,0B / 0B,0.00%,0B / 0B,0B / 0B
2025-12-04T22:27:12,torch-api,0.00%,0B / 0B,0.00%,0B / 0B,0B / 0B
2025-12-04T22:27:13,torch-api,0.00%,0B / 0B,0.00%,0B / 0B,0B / 0B
2025-12-04T22:27:13,torch-api,0.00%,0B / 0B,0.00%,0B / 0B,0B / 0B
2025-12-04T22:27:14,torch-api,0.00%,0B / 0B,0.00%,0B / 0B,0B / 0B
2025-12-04T22:27:15,torch-api,0.00%,0B / 0B,0.00%,0B / 0B,0B / 0B
2025-12-04T22:27:16,torch-api,0.00%,0B / 0B,0.00%,0B / 0B,0B / 0B
2025-12-04T22:27:17,torch-api,0.00%,0B / 0B,0.00%,0B / 0B,0B / 0B
2025-12-04T22:27:18,torch-api,0.00%,0B / 0B,0.00%,0B / 0B,0B / 0B
2025-12-04T22:27:18,torch-api,0.00%,0B / 0B,0.00%,0B / 0B,0B / 0B
2025-12-04T22:27:19,torch-api,0.00%,0B / 0B,0.00%,0B / 0B,0B / 0B
2025-12-04T22:27:20,torch-api,0.00%,0B / 0B,0.00%,0B / 0B,0B / 0B
2025-12-04T22:27:21,torch-api,0.00%,0B / 0B,0.00%,0B / 0B,0B / 0B
2025-12-04T22:27:21,torch-api,0.00%,0B / 0B,0.00%,0B / 0B,0B / 0B
2025-12-04T22:27:23,torch-api,0.00%,0B / 0B,0.00%,0B / 0B,0B / 0B
2025-12-04T22:27:23,torch-api,0.00%,0B / 0B,0.00%,0B / 0B,0B / 0B
2025-12-04T22:27:24,torch-api,0.00%,0B / 0B,0.00%,0B / 0B,0B / 0B
2025-12-04T22:27:25,torch-api,0.00%,0B / 0B,0.00%,0B / 0B,0B / 0B
2025-12-04T22:27:26,torch-api,0.00%,0B / 0B,0.00%,0B / 0B,0B / 0B
2025-12-04T22:27:26,torch-api,0.00%,0B / 0B,0.00%,0B / 0B,0B / 0B
2025-12-04T22:27:28,torch-api,0.00%,0B / 0B,0.00%,0B / 0B,0B / 0B
2025-12-04T22:27:28,torch-api,0.00%,0B / 0B,0.00%,0B / 0B,0B / 0B
2025-12-04T22:27:30,torch-api,0.00%,0B / 0B,0.00%,0B / 0B,0B / 0B
2025-12-04T22:27:30,torch-api,0.00%,0B / 0B,0.00%,0B / 0B,0B / 0B
2025-12-04T22:27:31,torch-api,0.00%,0B / 0B,0.00%,0B / 0B,0B / 0B
2025-12-04T22:27:32,torch-api,0.00%,0B / 0B,0.00%,0B / 0B,0B / 0B
2025-12-04T22:27:33,torch-api,0.00%,0B / 0B,0.00%,0B / 0B,0B / 0B
2025-12-04T22:27:33,torch-api,0.00%,0B / 0B,0.00%,0B / 0B,0B / 0B
2025-12-04T22:27:35,torch-api,0.00%,0B / 0B,0.00%,0B / 0B,0B / 0B
2025-12-04T22:27:35,torch-api,0.00%,0B / 0B,0.00%,0B / 0B,0B / 0B
2025-12-04T22:27:36,torch-api,0.00%,0B / 0B,0.00%,0B / 0B,0B / 0B
2025-12-04T22:27:36,torch-api,0.00%,0B / 0B,0.00%,0B / 0B,0B / 0B
2025-12-04T22:27:38,torch-api,0.00%,0B / 0B,0.00%,0B / 0B,0B / 0B
2025-12-04T22:27:38,torch-api,0.00%,0B / 0B,0.00%,0B / 0B,0B / 0B
2025-12-04T22:27:39,torch-api,0.00%,0B / 0B,0.00%,0B / 0B,0B / 0B
2025-12-04T22:27:40,torch-api,0.00%,0B / 0B,0.00%,0B / 0B,0B / 0B
2025-12-04T22:27:41,torch-api,0.00%,0B / 0B,0.00%,0B / 0B,0B / 0B
2025-12-04T22:27:41,torch-api,0.00%,0B / 0B,0.00%,0B / 0B,0B / 0B
2025-12-04T22:27:43,torch-api,0.00%,0B / 0B,0.00%,0B / 0B,0B / 0B
2025-12-04T22:27:43,torch-api,0.00%,0B / 0B,0.00%,0B / 0B,0B / 0B
2025-12-04T22:27:44,torch-api,0.00%,0B / 0B,0.00%,0B / 0B,0B / 0B
2025-12-04T22:27:45,torch-api,0.00%,0B / 0B,0.00%,0B / 0B,0B / 0B
2025-12-04T22:27:46,torch-api,0.00%,0B / 0B,0.00%,0B / 0B,0B / 0B
2025-12-04T22:27:46,torch-api,0.00%,0B / 0B,0.00%,0B / 0B,0B / 0B
2025-12-04T22:27:48,torch-api,0.00%,0B / 0B,0.00%,0B / 0B,0B / 0B
2025-12-04T22:27:48,torch-api,0.00%,0B / 0B,0.00%,0B / 0B,0B / 0B
2025-12-04T22:27:49,torch-api,0.00%,0B / 0B,0.00%,0B / 0B,0B / 0B
2025-12-04T22:27:50,torch-api,0.00%,0B / 0B,0.00%,0B / 0B,0B / 0B
2025-12-04T22:27:51,torch-api,0.00%,0B / 0B,0.00%,0B / 0B,0B / 0B
2025-12-04T22:27:51,torch-api,0.00%,0B / 0B,0.00%,0B / 0B,0B / 0B
2025-12-04T22:27:52,torch-api,0.00%,0B / 0B,0.00%,0B / 0B,0B / 0B
2025-12-04T22:27:53,torch-api,0.00%,0B / 0B,0.00%,0B / 0B,0B / 0B
2025-12-04T22:27:54,torch-api,0.00%,0B / 0B,0.00%,0B / 0B,0B / 0B
2025-12-04T22:27:54,torch-api,0.00%,0B / 0B,0.00%,0B / 0B,0B / 0B
2025-12-04T22:27:56,torch-api,0.00%,0B / 0B,0.00%,0B / 0B,0B / 0B
2025-12-04T22:27:56,torch-api,0.00%,0B / 0B,0.00%,0B / 0B,0B / 0B
2025-12-04T22:27:57,torch-api,0.00%,0B / 0B,0.00%,0B / 0B,0B / 0B
2025-12-04T22:27:58,torch-api,0.00%,0B / 0B,0.00%,0B / 0B,0B / 0B
2025-12-04T22:27:59,torch-api,0.00%,0B / 0B,0.00%,0B / 0B,0B / 0B
2025-12-04T22:27:59,torch-api,0.00%,0B / 0B,0.00%,0B / 0B,0B / 0B
2025-12-04T22:28:00,torch-api,0.00%,0B / 0B,0.00%,0B / 0B,0B / 0B
2025-12-04T22:28:01,torch-api,0.00%,0B / 0B,0.00%,0B / 0B,0B / 0B
2025-12-04T22:28:03,torch-api,0.00%,0B / 0B,0.00%,0B / 0B,0B / 0B
2025-12-04T22:28:03,torch-api,0.00%,0B / 0B,0.00%,0B / 0B,0B / 0B
2025-12-04T22:28:04,torch-api,0.00%,0B / 0B,0.00%,0B / 0B,0B / 0B
2025-12-04T22:28:05,torch-api,0.00%,0B / 0B,0.00%,0B / 0B,0B / 0B
2025-12-04T22:28:06,torch-api,0.00%,0B / 0B,0.00%,0B / 0B,0B / 0B
2025-12-04T22:28:06,torch-api,0.00%,0B / 0B,0.00%,0B / 0B,0B / 0B
2025-12-04T22:28:07,torch-api,0.00%,0B / 0B,0.00%,0B / 0B,0B / 0B
2025-12-04T22:28:08,torch-api,0.00%,0B / 0B,0.00%,0B / 0B,0B / 0B
2025-12-04T22:28:09,torch-api,0.00%,0B / 0B,0.00%,0B / 0B,0B / 0B
2025-12-04T22:28:10,torch-api,0.00%,0B / 0B,0.00%,0B / 0B,0B / 0B
2025-12-04T22:28:11,torch-api,0.00%,0B / 0B,0.00%,0B / 0B,0B / 0B
2025-12-04T22:28:11,torch-api,0.00%,0B / 0B,0.00%,0B / 0B,0B / 0B
2025-12-04T22:28:12,torch-api,0.00%,0B / 0B,0.00%,0B / 0B,0B / 0B
2025-12-04T22:28:13,torch-api,0.00%,0B / 0B,0.00%,0B / 0B,0B / 0B
2025-12-04T22:28:14,torch-api,0.00%,0B / 0B,0.00%,0B / 0B,0B / 0B
2025-12-04T22:28:14,torch-api,0.00%,0B / 0B,0.00%,0B / 0B,0B / 0B
2025-12-04T22:28:16,torch-api,0.00%,0B / 0B,0.00%,0B / 0B,0B / 0B
2025-12-04T22:28:16,torch-api,0.00%,0B / 0B,0.00%,0B / 0B,0B / 0B
2025-12-04T22:28:17,torch-api,0.00%,0B / 0B,0.00%,0B / 0B,0B / 0B
2025-12-04T22:28:18,torch-api,0.00%,0B / 0B,0.00%,0B / 0B,0B / 0B
2025-12-04T22:28:19,torch-api,0.00%,0B / 0B,0.00%,0B / 0B,0B / 0B
2025-12-04T22:28:19,torch-api,0.00%,0B / 0B,0.00%,0B / 0B,0B / 0B
2025-12-04T22:28:21,torch-api,0.00%,0B / 0B,0.00%,0B / 0B,0B / 0B
2025-12-04T22:28:21,torch-api,0.00%,0B / 0B,0.00%,0B / 0B,0B / 0B
2025-12-04T22:28:22,torch-api,0.00%,0B / 0B,0.00%,0B / 0B,0B / 0B
2025-12-04T22:28:23,torch-api,0.00%,0B / 0B,0.00%,0B / 0B,0B / 0B
2025-12-04T22:28:24,torch-api,0.00%,0B / 0B,0.00%,0B / 0B,0B / 0B
2025-12-04T22:28:24,torch-api,0.00%,0B / 0B,0.00%,0B / 0B,0B / 0B
2025-12-04T22:28:25,torch-api,0.00%,0B / 0B,0.00%,0B / 0B,0B / 0B
2025-12-04T22:28:26,torch-api,0.00%,0B / 0B,0.00%,0B / 0B,0B / 0B
2025-12-04T22:28:27,torch-api,0.00%,0B / 0B,0.00%,0B / 0B,0B / 0B
2025-12-04T22:28:27,torch-api,0.00%,0B / 0B,0.00%,0B / 0B,0B / 0B
2025-12-04T22:28:29,torch-api,0.00%,0B / 0B,0.00%,0B / 0B,0B / 0B
2025-12-04T22:28:29,torch-api,0.00%,0B / 0B,0.00%,0B / 0B,0B / 0B
2025-12-04T22:28:30,torch-api,0.00%,0B / 0B,0.00%,0B / 0B,0B / 0B
2025-12-04T22:28:31,torch-api,0.00%,0B / 0B,0.00%,0B / 0B,0B / 0B
2025-12-04T22:28:32,torch-api,0.00%,0B / 0B,0.00%,0B / 0B,0B / 0B
2025-12-04T22:28:32,torch-api,0.00%,0B / 0B,0.00%,0B / 0B,0B / 0B
2025-12-04T22:28:34,torch-api,0.00%,0B / 0B,0.00%,0B / 0B,0B / 0B
2025-12-04T22:28:34,torch-api,0.00%,0B / 0B,0.00%,0B / 0B,0B / 0B
2025-12-04T22:28:36,torch-api,0.00%,0B / 0B,0.00%,0B / 0B,0B / 0B
2025-12-04T22:28:36,torch-api,0.00%,0B / 0B,0.00%,0B / 0B,0B / 0B
2025-12-04T22:28:37,torch-api,0.00%,0B / 0B,0.00%,0B / 0B,0B / 0B
2025-12-04T22:28:38,torch-api,0.00%,0B / 0B,0.00%,0B / 0B,0B / 0B
2025-12-04T22:28:39,torch-api,0.00%,0B / 0B,0.00%,0B / 0B,0B / 0B
2025-12-04T22:28:39,torch-api,0.00%,0B / 0B,0.00%,0B / 0B,0B / 0B
2025-12-04T22:28:40,torch-api,0.00%,0B / 0B,0.00%,0B / 0B,0B / 0B
2025-12-04T22:28:41,torch-api,0.00%,0B / 0B,0.00%,0B / 0B,0B / 0B
2025-12-04T22:28:42,torch-api,0.00%,0B / 0B,0.00%,0B / 0B,0B / 0B
2025-12-04T22:28:42,torch-api,0.00%,0B / 0B,0.00%,0B / 0B,0B / 0B
2025-12-04T22:28:44,torch-api,0.00%,0B / 0B,0.00%,0B / 0B,0B / 0B
2025-12-04T22:28:44,torch-api,0.00%,0B / 0B,0.00%,0B / 0B,0B / 0B
2025-12-04T22:28:45,torch-api,0.00%,0B / 0B,0.00%,0B / 0B,0B / 0B
2025-12-04T22:28:46,torch-api,0.00%,0B / 0B,0.00%,0B / 0B,0B / 0B
2025-12-04T22:28:47,torch-api,0.00%,0B / 0B,0.00%,0B / 0B,0B / 0B
2025-12-04T22:28:47,torch-api,0.00%,0B / 0B,0.00%,0B / 0B,0B / 0B
2025-12-04T22:28:49,torch-api,0.00%,0B / 0B,0.00%,0B / 0B,0B / 0B
2025-12-04T22:28:49,torch-api,0.00%,0B / 0B,0.00%,0B / 0B,0B / 0B
2025-12-04T22:28:50,torch-api,0.00%,0B / 0B,0.00%,0B / 0B,0B / 0B
2025-12-04T22:28:51,torch-api,0.00%,0B / 0B,0.00%,0B / 0B,0B / 0B
2025-12-04T22:28:52,torch-api,0.00%,0B / 0B,0.00%,0B / 0B,0B / 0B
2025-12-04T22:28:52,torch-api,0.00%,0B / 0B,0.00%,0B / 0B,0B / 0B
2025-12-04T22:28:54,torch-api,0.00%,0B / 0B,0.00%,0B / 0B,0B / 0B
2025-12-04T22:28:54,torch-api,0.00%,0B / 0B,0.00%,0B / 0B,0B / 0B
2025-12-04T22:28:55,torch-api,0.00%,0B / 0B,0.00%,0B / 0B,0B / 0B
2025-12-04T22:28:56,torch-api,0.00%,0B / 0B,0.00%,0B / 0B,0B / 0B
2025-12-04T22:28:57,torch-api,0.00%,0B / 0B,0.00%,0B / 0B,0B / 0B
2025-12-04T22:28:57,torch-api,0.00%,0B / 0B,0.00%,0B / 0B,0B / 0B
2025-12-04T22:28:59,torch-api,0.00%,0B / 0B,0.00%,0B / 0B,0B / 0B
2025-12-04T22:28:59,torch-api,0.00%,0B / 0B,0.00%,0B / 0B,0B / 0B
2025-12-04T22:29:00,torch-api,0.00%,0B / 0B,0.00%,0B / 0B,0B / 0B
2025-12-04T22:29:00,torch-api,0.00%,0B / 0B,0.00%,0B / 0B,0B / 0B
2025-12-04T22:29:02,torch-api,0.00%,0B / 0B,0.00%,0B / 0B,0B / 0B
2025-12-04T22:29:02,torch-api,0.00%,0B / 0B,0.00%,0B / 0B,0B / 0B
2025-12-04T22:29:03,torch-api,0.00%,0B / 0B,0.00%,0B / 0B,0B / 0B
2025-12-04T22:29:04,torch-api,0.00%,0B / 0B,0.00%,0B / 0B,0B / 0B
2025-12-04T22:29:05,torch-api,0.00%,0B / 0B,0.00%,0B / 0B,0B / 0B
2025-12-04T22:29:05,torch-api,0.00%,0B / 0B,0.00%,0B / 0B,0B / 0B
2025-12-04T22:29:07,torch-api,0.00%,0B / 0B,0.00%,0B / 0B,0B / 0B
2025-12-04T22:29:07,torch-api,0.00%,0B / 0B,0.00%,0B / 0B,0B / 0B
2025-12-04T22:29:09,torch-api,0.00%,0B / 0B,0.00%,0B / 0B,0B / 0B
2025-12-04T22:29:09,torch-api,0.00%,0B / 0B,0.00%,0B / 0B,0B / 0B
2025-12-04T22:29:10,torch-api,0.00%,0B / 0B,0.00%,0B / 0B,0B / 0B
2025-12-04T22:29:11,torch-api,0.00%,0B / 0B,0.00%,0B / 0B,0B / 0B
2025-12-04T22:29:12,torch-api,0.00%,0B / 0B,0.00%,0B / 0B,0B / 0B
2025-12-04T22:29:12,torch-api,0.00%,0B / 0B,0.00%,0B / 0B,0B / 0B
2025-12-04T22:29:14,torch-api,0.00%,0B / 0B,0.00%,0B / 0B,0B / 0B
2025-12-04T22:29:14,torch-api,0.00%,0B / 0B,0.00%,0B / 0B,0B / 0B
2025-12-04T22:29:15,torch-api,0.00%,0B / 0B,0.00%,0B / 0B,0B / 0B
2025-12-04T22:29:16,torch-api,0.00%,0B / 0B,0.00%,0B / 0B,0B / 0B
2025-12-04T22:29:17,torch-api,0.00%,0B / 0B,0.00%,0B / 0B,0B / 0B
2025-12-04T22:29:17,torch-api,0.00%,0B / 0B,0.00%,0B / 0B,0B / 0B
2025-12-04T22:29:19,torch-api,0.00%,0B / 0B,0.00%,0B / 0B,0B / 0B
2025-12-04T22:29:19,torch-api,0.00%,0B / 0B,0.00%,0B / 0B,0B / 0B
2025-12-04T22:29:20,torch-api,0.00%,0B / 0B,0.00%,0B / 0B,0B / 0B
2025-12-04T22:29:21,torch-api,0.00%,0B / 0B,0.00%,0B / 0B,0B / 0B
2025-12-04T22:29:22,torch-api,0.00%,0B / 0B,0.00%,0B / 0B,0B / 0B
2025-12-04T22:29:22,torch-api,0.00%,0B / 0B,0.00%,0B / 0B,0B / 0B
2025-12-04T22:29:23,torch-api,0.00%,0B / 0B,0.00%,0B / 0B,0B / 0B
2025-12-04T22:29:24,torch-api,0.00%,0B / 0B,0.00%,0B / 0B,0B / 0B
2025-12-04T22:29:25,torch-api,0.00%,0B / 0B,0.00%,0B / 0B,0B / 0B
2025-12-04T22:29:26,torch-api,0.00%,0B / 0B,0.00%,0B / 0B,0B / 0B
2025-12-04T22:29:27,torch-api,0.00%,0B / 0B,0.00%,0B / 0B,0B / 0B
2025-12-04T22:29:27,torch-api,0.00%,0B / 0B,0.00%,0B / 0B,0B / 0B
2025-12-04T22:29:28,torch-api,0.00%,0B / 0B,0.00%,0B / 0B,0B / 0B
2025-12-04T22:29:29,torch-api,0.00%,0B / 0B,0.00%,0B / 0B,0B / 0B
2025-12-04T22:29:30,torch-api,0.00%,0B / 0B,0.00%,0B / 0B,0B / 0B
2025-12-04T22:29:31,torch-api,0.00%,0B / 0B,0.00%,0B / 0B,0B / 0B
2025-12-04T22:29:32,torch-api,0.00%,0B / 0B,0.00%,0B / 0B,0B / 0B
2025-12-04T22:29:32,torch-api,0.00%,0B / 0B,0.00%,0B / 0B,0B / 0B
2025-12-04T22:29:33,torch-api,0.00%,0B / 0B,0.00%,0B / 0B,0B / 0B
2025-12-04T22:29:34,torch-api,0.00%,0B / 0B,0.00%,0B / 0B,0B / 0B
2025-12-04T22:29:35,torch-api,0.00%,0B / 0B,0.00%,0B / 0B,0B / 0B
2025-12-04T22:29:36,torch-api,0.00%,0B / 0B,0.00%,0B / 0B,0B / 0B
2025-12-04T22:29:37,torch-api,0.00%,0B / 0B,0.00%,0B / 0B,0B / 0B
2025-12-04T22:29:37,torch-api,0.00%,0B / 0B,0.00%,0B / 0B,0B / 0B
2025-12-04T22:29:38,torch-api,0.00%,0B / 0B,0.00%,0B / 0B,0B / 0B
2025-12-04T22:29:39,torch-api,0.00%,0B / 0B,0.00%,0B / 0B,0B / 0B
2025-12-04T22:29:40,torch-api,0.00%,0B / 0B,0.00%,0B / 0B,0B / 0B
2025-12-04T22:29:41,torch-api,0.00%,0B / 0B,0.00%,0B / 0B,0B / 0B
2025-12-04T22:29:42,torch-api,0.00%,0B / 0B,0.00%,0B / 0B,0B / 0B
2025-12-04T22:29:43,torch-api,0.00%,0B / 0B,0.00%,0B / 0B,0B / 0B
2025-12-04T22:29:44,torch-api,0.00%,0B / 0B,0.00%,0B / 0B,0B / 0B
2025-12-04T22:29:44,torch-api,0.00%,0B / 0B,0.00%,0B / 0B,0B / 0B
2025-12-04T22:29:45,torch-api,0.00%,0B / 0B,0.00%,0B / 0B,0B / 0B
2025-12-04T22:29:46,torch-api,0.00%,0B / 0B,0.00%,0B / 0B,0B / 0B
2025-12-04T22:29:47,torch-api,0.00%,0B / 0B,0.00%,0B / 0B,0B / 0B
2025-12-04T22:29:48,torch-api,0.00%,0B / 0B,0.00%,0B / 0B,0B / 0B
2025-12-04T22:29:49,torch-api,0.00%,0B / 0B,0.00%,0B / 0B,0B / 0B
2025-12-04T22:29:49,torch-api,0.00%,0B / 0B,0.00%,0B / 0B,0B / 0B
2025-12-04T22:29:50,torch-api,0.00%,0B / 0B,0.00%,0B / 0B,0B / 0B
2025-12-04T22:29:51,torch-api,0.00%,0B / 0B,0.00%,0B / 0B,0B / 0B
2025-12-04T22:29:52,torch-api,0.00%,0B / 0B,0.00%,0B / 0B,0B / 0B
2025-12-04T22:29:53,torch-api,0.00%,0B / 0B,0.00%,0B / 0B,0B / 0B
2025-12-04T22:29:53,torch-api,0.00%,0B / 0B,0.00%,0B / 0B,0B / 0B
2025-12-04T22:29:54,torch-api,0.00%,0B / 0B,0.00%,0B / 0B,0B / 0B
2025-12-04T22:29:55,torch-api,0.00%,0B / 0B,0.00%,0B / 0B,0B / 0B
2025-12-04T22:29:56,torch-api,0.00%,0B / 0B,0.00%,0B / 0B,0B / 0B
2025-12-04T22:29:57,torch-api,0.00%,0B / 0B,0.00%,0B / 0B,0B / 0B
2025-12-04T22:29:57,torch-api,0.00%,0B / 0B,0.00%,0B / 0B,0B / 0B
2025-12-04T22:29:58,torch-api,0.00%,0B / 0B,0.00%,0B / 0B,0B / 0B
2025-12-04T22:29:59,torch-api,0.00%,0B / 0B,0.00%,0B / 0B,0B / 0B
2025-12-04T22:30:00,torch-api,0.00%,0B / 0B,0.00%,0B / 0B,0B / 0B
2025-12-04T22:30:01,torch-api,0.00%,0B / 0B,0.00%,0B / 0B,0B / 0B
2025-12-04T22:30:02,torch-api,0.00%,0B / 0B,0.00%,0B / 0B,0B / 0B
2025-12-04T22:30:02,torch-api,0.00%,0B / 0B,0.00%,0B / 0B,0B / 0B
2025-12-04T22:30:03,torch-api,0.00%,0B / 0B,0.00%,0B / 0B,0B / 0B
2025-12-04T22:30:04,torch-api,0.00%,0B / 0B,0.00%,0B / 0B,0B / 0B
2025-12-04T22:30:05,torch-api,0.00%,0B / 0B,0.00%,0B / 0B,0B / 0B
2025-12-04T22:30:06,torch-api,0.00%,0B / 0B,0.00%,0B / 0B,0B / 0B
2025-12-04T22:30:06,torch-api,0.00%,0B / 0B,0.00%,0B / 0B,0B / 0B
2025-12-04T22:30:07,torch-api,0.00%,0B / 0B,0.00%,0B / 0B,0B / 0B
2025-12-04T22:30:08,torch-api,0.00%,0B / 0B,0.00%,0B / 0B,0B / 0B
2025-12-04T22:30:09,torch-api,0.00%,0B / 0B,0.00%,0B / 0B,0B / 0B
2025-12-04T22:30:10,torch-api,0.00%,0B / 0B,0.00%,0B / 0B,0B / 0B
2025-12-04T22:30:11,torch-api,0.00%,0B / 0B,0.00%,0B / 0B,0B / 0B
2025-12-04T22:30:11,torch-api,0.00%,0B / 0B,0.00%,0B / 0B,0B / 0B
2025-12-04T22:30:12,torch-api,0.00%,0B / 0B,0.00%,0B / 0B,0B / 0B
2025-12-04T22:30:13,torch-api,0.00%,0B / 0B,0.00%,0B / 0B,0B / 0B
2025-12-04T22:30:15,torch-api,0.00%,0B / 0B,0.00%,0B / 0B,0B / 0B
2025-12-04T22:30:15,torch-api,0.00%,0B / 0B,0.00%,0B / 0B,0B / 0B
2025-12-04T22:30:16,torch-api,0.00%,0B / 0B,0.00%,0B / 0B,0B / 0B
2025-12-04T22:30:17,torch-api,0.00%,0B / 0B,0.00%,0B / 0B,0B / 0B
2025-12-04T22:30:18,torch-api,0.00%,0B / 0B,0.00%,0B / 0B,0B / 0B
2025-12-04T22:30:18,torch-api,0.00%,0B / 0B,0.00%,0B / 0B,0B / 0B
2025-12-04T22:30:19,torch-api,0.00%,0B / 0B,0.00%,0B / 0B,0B / 0B
2025-12-04T22:30:20,torch-api,0.00%,0B / 0B,0.00%,0B / 0B,0B / 0B
2025-12-04T22:30:21,torch-api,0.00%,0B / 0B,0.00%,0B / 0B,0B / 0B
2025-12-04T22:30:22,torch-api,0.00%,0B / 0B,0.00%,0B / 0B,0B / 0B
2025-12-04T22:30:23,torch-api,0.00%,0B / 0B,0.00%,0B / 0B,0B / 0B
2025-12-04T22:30:23,torch-api,278.20%,143MiB / 7.62GiB,1.83%,486B / 84B,123MB / 94.2kB
2025-12-04T22:30:24,torch-api,79.85%,228.6MiB / 7.62GiB,2.93%,736B / 126B,136MB / 94.2kB
2025-12-04T22:30:27,torch-api,84.30%,323.5MiB / 7.62GiB,4.15%,736B / 126B,168MB / 94.2kB
2025-12-04T22:30:28,torch-api,65.46%,465.5MiB / 7.62GiB,5.97%,736B / 126B,182MB / 106kB
2025-12-04T22:30:30,torch-api,0.19%,465.2MiB / 7.62GiB,5.96%,806B / 126B,182MB / 106kB
2025-12-04T22:30:31,torch-api,0.27%,465.2MiB / 7.62GiB,5.96%,806B / 126B,182MB / 106kB
2025-12-04T22:30:33,torch-api,0.28%,465.2MiB / 7.62GiB,5.96%,806B / 126B,182MB / 106kB
2025-12-04T22:30:34,torch-api,0.21%,465.2MiB / 7.62GiB,5.96%,806B / 126B,182MB / 106kB
2025-12-04T22:30:36,torch-api,0.29%,465.2MiB / 7.62GiB,5.96%,806B / 126B,182MB / 106kB
2025-12-04T22:30:37,torch-api,0.32%,465.2MiB / 7.62GiB,5.96%,876B / 126B,182MB / 106kB
2025-12-04T22:30:39,torch-api,0.29%,465.2MiB / 7.62GiB,5.96%,876B / 126B,182MB / 106kB
2025-12-04T22:30:40,torch-api,0.29%,465.2MiB / 7.62GiB,5.96%,876B / 126B,182MB / 106kB
2025-12-04T22:30:42,torch-api,0.30%,465.2MiB / 7.62GiB,5.96%,876B / 126B,182MB / 106kB
2025-12-04T22:30:43,torch-api,0.29%,465.2MiB / 7.62GiB,5.96%,876B / 126B,182MB / 106kB
2025-12-04T22:30:45,torch-api,0.27%,465.2MiB / 7.62GiB,5.96%,876B / 126B,182MB / 106kB
2025-12-04T22:30:46,torch-api,0.35%,465.2MiB / 7.62GiB,5.96%,876B / 126B,182MB / 106kB
2025-12-04T22:30:48,torch-api,0.30%,465.2MiB / 7.62GiB,5.96%,876B / 126B,182MB / 106kB
2025-12-04T22:30:49,torch-api,0.30%,465.2MiB / 7.62GiB,5.96%,876B / 126B,182MB / 106kB
2025-12-04T22:30:51,torch-api,0.31%,465.2MiB / 7.62GiB,5.96%,876B / 126B,182MB / 106kB
2025-12-04T22:30:52,torch-api,0.26%,465.2MiB / 7.62GiB,5.96%,876B / 126B,182MB / 106kB
2025-12-04T22:30:54,torch-api,0.19%,465.2MiB / 7.62GiB,5.96%,946B / 126B,182MB / 106kB
2025-12-04T22:30:55,torch-api,0.19%,465.2MiB / 7.62GiB,5.96%,946B / 126B,182MB / 106kB
2025-12-04T22:30:57,torch-api,0.31%,465.2MiB / 7.62GiB,5.96%,946B / 126B,182MB / 106kB
2025-12-04T22:30:58,torch-api,0.36%,465.2MiB / 7.62GiB,5.96%,946B / 126B,182MB / 106kB
2025-12-04T22:31:00,torch-api,0.28%,465.2MiB / 7.62GiB,5.96%,946B / 126B,182MB / 106kB
2025-12-04T22:31:01,torch-api,0.26%,465.2MiB / 7.62GiB,5.96%,946B / 126B,182MB / 106kB
2025-12-04T22:31:03,torch-api,0.25%,465.2MiB / 7.62GiB,5.96%,946B / 126B,182MB / 106kB
2025-12-04T22:31:04,torch-api,0.27%,465.2MiB / 7.62GiB,5.96%,946B / 126B,182MB / 106kB
2025-12-04T22:31:06,torch-api,0.32%,465.2MiB / 7.62GiB,5.96%,946B / 126B,182MB / 106kB
2025-12-04T22:31:07,torch-api,0.29%,465.2MiB / 7.62GiB,5.96%,946B / 126B,182MB / 106kB
2025-12-04T22:31:09,torch-api,0.28%,465.2MiB / 7.62GiB,5.96%,946B / 126B,182MB / 106kB
2025-12-04T22:31:10,torch-api,0.31%,465.2MiB / 7.62GiB,5.96%,946B / 126B,182MB / 106kB
2025-12-04T22:31:12,torch-api,0.36%,465.2MiB / 7.62GiB,5.96%,946B / 126B,182MB / 106kB
2025-12-04T22:31:13,torch-api,0.32%,465.2MiB / 7.62GiB,5.96%,946B / 126B,182MB / 106kB
2025-12-04T22:31:15,torch-api,0.30%,465.2MiB / 7.62GiB,5.96%,946B / 126B,182MB / 106kB
2025-12-04T22:31:16,torch-api,0.26%,465.2MiB / 7.62GiB,5.96%,946B / 126B,182MB / 106kB
2025-12-04T22:31:18,torch-api,0.25%,465.2MiB / 7.62GiB,5.96%,946B / 126B,182MB / 106kB
2025-12-04T22:31:20,torch-api,0.23%,465.2MiB / 7.62GiB,5.96%,946B / 126B,182MB / 106kB
2025-12-04T22:31:22,torch-api,0.32%,465.5MiB / 7.62GiB,5.97%,946B / 126B,182MB / 106kB
2025-12-04T22:31:23,torch-api,0.29%,465.2MiB / 7.62GiB,5.96%,946B / 126B,182MB / 106kB
2025-12-04T22:31:25,torch-api,0.27%,450MiB / 7.62GiB,5.77%,946B / 126B,182MB / 106kB
2025-12-04T22:31:26,torch-api,0.28%,450MiB / 7.62GiB,5.77%,946B / 126B,182MB / 106kB
2025-12-04T22:31:28,torch-api,0.31%,450MiB / 7.62GiB,5.77%,1.02kB / 126B,182MB / 106kB
2025-12-04T22:31:29,torch-api,0.25%,450MiB / 7.62GiB,5.77%,1.02kB / 126B,182MB / 106kB
2025-12-04T22:31:31,torch-api,0.29%,449.9MiB / 7.62GiB,5.77%,1.02kB / 126B,182MB / 106kB
2025-12-04T22:31:32,torch-api,0.29%,449.9MiB / 7.62GiB,5.77%,1.02kB / 126B,182MB / 106kB
2025-12-04T22:31:34,torch-api,0.29%,449.9MiB / 7.62GiB,5.77%,1.02kB / 126B,182MB / 106kB
2025-12-04T22:31:35,torch-api,0.32%,449.9MiB / 7.62GiB,5.77%,1.02kB / 126B,182MB / 106kB
2025-12-04T22:31:37,torch-api,0.30%,449.9MiB / 7.62GiB,5.77%,1.02kB / 126B,182MB / 106kB
2025-12-04T22:31:38,torch-api,0.34%,449.9MiB / 7.62GiB,5.77%,1.02kB / 126B,182MB / 106kB
2025-12-04T22:31:40,torch-api,0.30%,449.9MiB / 7.62GiB,5.77%,1.02kB / 126B,182MB / 106kB
2025-12-04T22:31:41,torch-api,0.35%,449.9MiB / 7.62GiB,5.77%,1.02kB / 126B,182MB / 106kB
2025-12-04T22:31:43,torch-api,0.24%,449.9MiB / 7.62GiB,5.77%,1.02kB / 126B,182MB / 106kB
2025-12-04T22:31:44,torch-api,0.28%,449.9MiB / 7.62GiB,5.77%,1.02kB / 126B,182MB / 106kB
2025-12-04T22:31:46,torch-api,0.27%,449.9MiB / 7.62GiB,5.77%,1.02kB / 126B,182MB / 106kB
2025-12-04T22:31:47,torch-api,0.29%,449.9MiB / 7.62GiB,5.77%,1.02kB / 126B,182MB / 106kB
2025-12-04T22:31:49,torch-api,0.27%,449.9MiB / 7.62GiB,5.77%,1.02kB / 126B,182MB / 106kB
2025-12-04T22:31:50,torch-api,0.32%,449.9MiB / 7.62GiB,5.77%,1.02kB / 126B,182MB / 106kB
2025-12-04T22:31:52,torch-api,0.33%,449.9MiB / 7.62GiB,5.77%,1.02kB / 126B,182MB / 106kB
2025-12-04T22:31:53,torch-api,0.30%,449.9MiB / 7.62GiB,5.77%,1.02kB / 126B,182MB / 106kB
2025-12-04T22:31:56,torch-api,0.29%,449.9MiB / 7.62GiB,5.77%,1.02kB / 126B,182MB / 106kB
2025-12-04T22:31:57,torch-api,0.32%,449.9MiB / 7.62GiB,5.77%,1.02kB / 126B,182MB / 106kB
2025-12-04T22:31:59,torch-api,0.28%,449.9MiB / 7.62GiB,5.77%,1.02kB / 126B,182MB / 106kB
2025-12-04T22:32:00,torch-api,0.25%,449.9MiB / 7.62GiB,5.77%,1.02kB / 126B,182MB / 106kB
2025-12-04T22:32:02,torch-api,0.23%,449.9MiB / 7.62GiB,5.77%,1.02kB / 126B,182MB / 106kB
2025-12-04T22:32:03,torch-api,0.32%,449.9MiB / 7.62GiB,5.77%,1.02kB / 126B,182MB / 106kB
2025-12-04T22:32:05,torch-api,0.29%,449.9MiB / 7.62GiB,5.77%,1.02kB / 126B,182MB / 106kB
2025-12-04T22:32:06,torch-api,0.27%,449.9MiB / 7.62GiB,5.77%,1.02kB / 126B,182MB / 106kB
2025-12-04T22:32:08,torch-api,0.26%,449.9MiB / 7.62GiB,5.77%,1.02kB / 126B,182MB / 106kB
2025-12-04T22:32:09,torch-api,0.31%,449.9MiB / 7.62GiB,5.77%,1.02kB / 126B,182MB / 106kB
2025-12-04T22:32:11,torch-api,0.16%,449.9MiB / 7.62GiB,5.77%,1.02kB / 126B,182MB / 106kB
2025-12-04T22:32:12,torch-api,0.18%,449.9MiB / 7.62GiB,5.77%,1.02kB / 126B,182MB / 106kB
2025-12-04T22:32:14,torch-api,1.48%,450.1MiB / 7.62GiB,5.77%,1.5MB / 7.18kB,182MB / 106kB
2025-12-04T22:32:15,torch-api,5.07%,450.5MiB / 7.62GiB,5.77%,6.36MB / 27.9kB,182MB / 106kB
2025-12-04T22:32:17,torch-api,0.15%,450.5MiB / 7.62GiB,5.77%,6.36MB / 27.9kB,182MB / 106kB
2025-12-04T22:32:18,torch-api,0.16%,450.5MiB / 7.62GiB,5.77%,6.36MB / 27.9kB,182MB / 106kB
2025-12-04T22:32:20,torch-api,0.15%,450.5MiB / 7.62GiB,5.77%,6.36MB / 27.9kB,182MB / 106kB
2025-12-04T22:32:22,torch-api,0.16%,450.5MiB / 7.62GiB,5.77%,6.36MB / 27.9kB,182MB / 106kB
2025-12-04T22:32:24,torch-api,0.18%,450.5MiB / 7.62GiB,5.77%,6.36MB / 27.9kB,182MB / 106kB
2025-12-04T22:32:26,torch-api,0.18%,450.5MiB / 7.62GiB,5.77%,6.36MB / 27.9kB,182MB / 106kB
2025-12-04T22:32:27,torch-api,0.18%,450.5MiB / 7.62GiB,5.77%,6.36MB / 27.9kB,182MB / 106kB
2025-12-04T22:32:29,torch-api,0.21%,450.5MiB / 7.62GiB,5.77%,6.36MB / 27.9kB,182MB / 106kB
2025-12-04T22:32:30,torch-api,0.21%,450.5MiB / 7.62GiB,5.77%,6.36MB / 27.9kB,182MB / 106kB
2025-12-04T22:32:32,torch-api,0.34%,450.5MiB / 7.62GiB,5.77%,6.36MB / 27.9kB,182MB / 106kB
2025-12-04T22:32:33,torch-api,0.28%,450.5MiB / 7.62GiB,5.77%,6.36MB / 27.9kB,182MB / 106kB
2025-12-04T22:32:35,torch-api,0.33%,450.5MiB / 7.62GiB,5.77%,6.36MB / 27.9kB,182MB / 106kB
2025-12-04T22:32:36,torch-api,0.31%,450.5MiB / 7.62GiB,5.77%,6.36MB / 27.9kB,182MB / 106kB
2025-12-04T22:32:38,torch-api,0.33%,450.5MiB / 7.62GiB,5.77%,6.36MB / 27.9kB,182MB / 106kB
2025-12-04T22:32:39,torch-api,0.26%,450.5MiB / 7.62GiB,5.77%,6.36MB / 27.9kB,182MB / 106kB
2025-12-04T22:32:41,torch-api,0.30%,450.5MiB / 7.62GiB,5.77%,6.36MB / 27.9kB,182MB / 106kB
2025-12-04T22:32:42,torch-api,0.31%,450.5MiB / 7.62GiB,5.77%,6.36MB / 27.9kB,182MB / 106kB
2025-12-04T22:32:44,torch-api,0.28%,450.5MiB / 7.62GiB,5.77%,6.36MB / 27.9kB,182MB / 106kB
2025-12-04T22:32:45,torch-api,0.29%,450.5MiB / 7.62GiB,5.77%,6.36MB / 27.9kB,182MB / 106kB
2025-12-04T22:32:47,torch-api,0.32%,450.5MiB / 7.62GiB,5.77%,6.36MB / 27.9kB,182MB / 106kB
2025-12-04T22:32:48,torch-api,0.35%,450.5MiB / 7.62GiB,5.77%,6.36MB / 27.9kB,182MB / 106kB
2025-12-04T22:32:50,torch-api,0.26%,450.5MiB / 7.62GiB,5.77%,6.36MB / 27.9kB,182MB / 106kB
2025-12-04T22:32:51,torch-api,0.25%,450.5MiB / 7.62GiB,5.77%,6.36MB / 27.9kB,182MB / 106kB
2025-12-04T22:32:53,torch-api,0.16%,450.5MiB / 7.62GiB,5.77%,6.36MB / 27.9kB,182MB / 106kB
2025-12-04T22:32:54,torch-api,0.18%,450.5MiB / 7.62GiB,5.77%,6.36MB / 27.9kB,182MB / 106kB
2025-12-04T22:32:56,torch-api,0.17%,450.5MiB / 7.62GiB,5.77%,6.36MB / 27.9kB,182MB / 106kB
2025-12-04T22:32:58,torch-api,0.17%,450.5MiB / 7.62GiB,5.77%,6.36MB / 27.9kB,182MB / 106kB
2025-12-04T22:33:00,torch-api,0.18%,450.5MiB / 7.62GiB,5.77%,6.36MB / 27.9kB,182MB / 106kB
2025-12-04T22:33:01,torch-api,0.19%,450.5MiB / 7.62GiB,5.77%,6.36MB / 27.9kB,182MB / 106kB
2025-12-04T22:33:03,torch-api,0.16%,450.5MiB / 7.62GiB,5.77%,6.36MB / 27.9kB,182MB / 106kB
2025-12-04T22:33:04,torch-api,0.14%,450.5MiB / 7.62GiB,5.77%,6.36MB / 27.9kB,182MB / 106kB
2025-12-04T22:33:06,torch-api,0.17%,450.5MiB / 7.62GiB,5.77%,6.36MB / 27.9kB,182MB / 106kB
2025-12-04T22:33:07,torch-api,0.16%,450.5MiB / 7.62GiB,5.77%,6.36MB / 27.9kB,182MB / 106kB
2025-12-04T22:33:09,torch-api,0.20%,450.5MiB / 7.62GiB,5.77%,6.36MB / 27.9kB,182MB / 106kB
2025-12-04T22:33:10,torch-api,8.05%,458.2MiB / 7.62GiB,5.87%,29.7MB / 75.4kB,182MB / 106kB
2025-12-04T22:33:12,torch-api,24.92%,464.9MiB / 7.62GiB,5.96%,263MB / 334kB,182MB / 106kB
2025-12-04T22:33:13,torch-api,0.25%,464.9MiB / 7.62GiB,5.96%,263MB / 334kB,182MB / 106kB
2025-12-04T22:33:15,torch-api,0.16%,464.9MiB / 7.62GiB,5.96%,263MB / 334kB,182MB / 106kB
2025-12-04T22:33:16,torch-api,0.16%,464.9MiB / 7.62GiB,5.96%,263MB / 334kB,182MB / 106kB
2025-12-04T22:33:18,torch-api,0.15%,464.9MiB / 7.62GiB,5.96%,263MB / 334kB,182MB / 106kB
2025-12-04T22:33:19,torch-api,0.17%,464.9MiB / 7.62GiB,5.96%,263MB / 334kB,182MB / 106kB
2025-12-04T22:33:21,torch-api,0.16%,464.9MiB / 7.62GiB,5.96%,263MB / 334kB,182MB / 106kB
2025-12-04T22:33:22,torch-api,0.17%,464.9MiB / 7.62GiB,5.96%,263MB / 334kB,182MB / 106kB
2025-12-04T22:33:24,torch-api,0.29%,464.9MiB / 7.62GiB,5.96%,263MB / 334kB,182MB / 106kB
2025-12-04T22:33:25,torch-api,0.36%,464.9MiB / 7.62GiB,5.96%,263MB / 334kB,182MB / 106kB
2025-12-04T22:33:27,torch-api,0.28%,464.9MiB / 7.62GiB,5.96%,263MB / 334kB,182MB / 106kB
2025-12-04T22:33:28,torch-api,0.29%,464.9MiB / 7.62GiB,5.96%,263MB / 334kB,182MB / 106kB
2025-12-04T22:33:31,torch-api,0.28%,464.9MiB / 7.62GiB,5.96%,263MB / 334kB,182MB / 106kB
2025-12-04T22:33:32,torch-api,0.26%,464.9MiB / 7.62GiB,5.96%,263MB / 334kB,182MB / 106kB
2025-12-04T22:33:34,torch-api,0.29%,464.9MiB / 7.62GiB,5.96%,263MB / 334kB,182MB / 106kB
2025-12-04T22:33:35,torch-api,0.36%,464.9MiB / 7.62GiB,5.96%,263MB / 334kB,182MB / 106kB
2025-12-04T22:33:37,torch-api,0.24%,464.9MiB / 7.62GiB,5.96%,263MB / 334kB,182MB / 106kB
2025-12-04T22:33:38,torch-api,0.29%,464.9MiB / 7.62GiB,5.96%,263MB / 334kB,182MB / 106kB
2025-12-04T22:33:40,torch-api,0.32%,464.9MiB / 7.62GiB,5.96%,263MB / 334kB,182MB / 106kB
2025-12-04T22:33:41,torch-api,0.23%,464.9MiB / 7.62GiB,5.96%,263MB / 334kB,182MB / 106kB
2025-12-04T22:33:43,torch-api,0.15%,464.9MiB / 7.62GiB,5.96%,263MB / 334kB,182MB / 106kB
2025-12-04T22:33:44,torch-api,0.14%,464.9MiB / 7.62GiB,5.96%,263MB / 334kB,182MB / 106kB
2025-12-04T22:33:46,torch-api,0.14%,464.9MiB / 7.62GiB,5.96%,263MB / 334kB,182MB / 106kB
2025-12-04T22:33:48,torch-api,0.15%,464.9MiB / 7.62GiB,5.96%,263MB / 334kB,182MB / 106kB
2025-12-04T22:33:50,torch-api,0.18%,464.9MiB / 7.62GiB,5.96%,263MB / 334kB,182MB / 106kB
2025-12-04T22:33:51,torch-api,0.17%,464.9MiB / 7.62GiB,5.96%,263MB / 334kB,182MB / 106kB
2025-12-04T22:33:53,torch-api,0.17%,464.9MiB / 7.62GiB,5.96%,263MB / 334kB,182MB / 106kB
2025-12-04T22:33:54,torch-api,0.25%,464.9MiB / 7.62GiB,5.96%,263MB / 334kB,182MB / 106kB
2025-12-04T22:33:56,torch-api,0.23%,464.9MiB / 7.62GiB,5.96%,263MB / 334kB,182MB / 106kB
2025-12-04T22:33:57,torch-api,0.18%,464.8MiB / 7.62GiB,5.96%,263MB / 334kB,182MB / 106kB
2025-12-04T22:33:59,torch-api,0.32%,464.8MiB / 7.62GiB,5.96%,263MB / 334kB,182MB / 106kB
2025-12-04T22:34:00,torch-api,0.30%,464.8MiB / 7.62GiB,5.96%,263MB / 334kB,182MB / 106kB
2025-12-04T22:34:02,torch-api,0.29%,464.8MiB / 7.62GiB,5.96%,263MB / 334kB,182MB / 106kB
2025-12-04T22:34:04,torch-api,0.33%,464.8MiB / 7.62GiB,5.96%,263MB / 334kB,182MB / 106kB
2025-12-04T22:34:06,torch-api,0.27%,464.8MiB / 7.62GiB,5.96%,263MB / 334kB,182MB / 106kB
2025-12-04T22:34:07,torch-api,0.29%,464.8MiB / 7.62GiB,5.96%,263MB / 334kB,182MB / 106kB
2025-12-04T22:34:09,torch-api,0.22%,464.8MiB / 7.62GiB,5.96%,263MB / 334kB,182MB / 106kB
2025-12-04T22:34:10,torch-api,0.24%,464.8MiB / 7.62GiB,5.96%,263MB / 334kB,182MB / 106kB
2025-12-04T22:34:12,torch-api,0.21%,464.8MiB / 7.62GiB,5.96%,263MB / 334kB,182MB / 106kB
2025-12-04T22:34:13,torch-api,0.25%,464.8MiB / 7.62GiB,5.96%,263MB / 334kB,182MB / 106kB
2025-12-04T22:34:15,torch-api,0.25%,464.8MiB / 7.62GiB,5.96%,263MB / 334kB,182MB / 106kB
2025-12-04T22:34:16,torch-api,0.23%,464.8MiB / 7.62GiB,5.96%,263MB / 334kB,182MB / 106kB
2025-12-04T22:34:18,torch-api,0.21%,464.8MiB / 7.62GiB,5.96%,263MB / 334kB,182MB / 106kB
2025-12-04T22:34:19,torch-api,0.23%,464.8MiB / 7.62GiB,5.96%,263MB / 334kB,182MB / 106kB
2025-12-04T22:34:21,torch-api,0.33%,464.8MiB / 7.62GiB,5.96%,263MB / 334kB,182MB / 106kB
2025-12-04T22:34:22,torch-api,0.25%,464.8MiB / 7.62GiB,5.96%,263MB / 334kB,182MB / 106kB
2025-12-04T22:34:24,torch-api,0.23%,464.8MiB / 7.62GiB,5.96%,263MB / 334kB,182MB / 106kB
2025-12-04T22:34:25,torch-api,0.25%,464.8MiB / 7.62GiB,5.96%,263MB / 334kB,182MB / 106kB
2025-12-04T22:34:27,torch-api,0.30%,464.8MiB / 7.62GiB,5.96%,263MB / 334kB,182MB / 106kB
2025-12-04T22:34:28,torch-api,0.37%,464.8MiB / 7.62GiB,5.96%,263MB / 334kB,182MB / 106kB
2025-12-04T22:34:30,torch-api,0.33%,464.8MiB / 7.62GiB,5.96%,263MB / 334kB,182MB / 106kB
2025-12-04T22:34:31,torch-api,0.29%,464.8MiB / 7.62GiB,5.96%,263MB / 334kB,182MB / 106kB
2025-12-04T22:34:33,torch-api,0.25%,464.8MiB / 7.62GiB,5.96%,263MB / 334kB,182MB / 106kB
2025-12-04T22:34:34,torch-api,0.30%,464.8MiB / 7.62GiB,5.96%,263MB / 334kB,182MB / 106kB
2025-12-04T22:34:37,torch-api,0.25%,464.8MiB / 7.62GiB,5.96%,263MB / 334kB,182MB / 106kB
2025-12-04T22:34:38,torch-api,0.28%,464.8MiB / 7.62GiB,5.96%,263MB / 334kB,182MB / 106kB
2025-12-04T22:34:40,torch-api,0.22%,464.8MiB / 7.62GiB,5.96%,263MB / 334kB,182MB / 106kB
2025-12-04T22:34:41,torch-api,0.22%,464.8MiB / 7.62GiB,5.96%,263MB / 334kB,182MB / 106kB
2025-12-04T22:34:43,torch-api,0.23%,464.8MiB / 7.62GiB,5.96%,263MB / 334kB,182MB / 106kB
2025-12-04T22:34:44,torch-api,0.24%,464.8MiB / 7.62GiB,5.96%,263MB / 334kB,182MB / 106kB
2025-12-04T22:34:46,torch-api,0.22%,464.8MiB / 7.62GiB,5.96%,263MB / 334kB,182MB / 106kB
2025-12-04T22:34:47,torch-api,0.24%,464.8MiB / 7.62GiB,5.96%,263MB / 334kB,182MB / 106kB
2025-12-04T22:34:49,torch-api,0.21%,464.8MiB / 7.62GiB,5.96%,263MB / 334kB,182MB / 106kB
2025-12-04T22:34:50,torch-api,0.19%,464.8MiB / 7.62GiB,5.96%,263MB / 334kB,182MB / 106kB
2025-12-04T22:34:52,torch-api,0.18%,464.8MiB / 7.62GiB,5.96%,263MB / 334kB,182MB / 106kB
2025-12-04T22:34:53,torch-api,0.22%,464.8MiB / 7.62GiB,5.96%,263MB / 334kB,182MB / 106kB
2025-12-04T22:34:55,torch-api,0.21%,464.8MiB / 7.62GiB,5.96%,263MB / 334kB,182MB / 106kB
2025-12-04T22:34:56,torch-api,0.32%,464.8MiB / 7.62GiB,5.96%,263MB / 334kB,182MB / 106kB
2025-12-04T22:34:58,torch-api,0.31%,464.8MiB / 7.62GiB,5.96%,263MB / 334kB,182MB / 106kB
2025-12-04T22:34:59,torch-api,0.32%,464.8MiB / 7.62GiB,5.96%,263MB / 334kB,182MB / 106kB
2025-12-04T22:35:02,torch-api,0.00%,0B / 0B,0.00%,0B / 0B,0B / 0B
2025-12-04T22:35:01,torch-api,0.00%,0B / 0B,0.00%,0B / 0B,0B / 0B
2025-12-04T22:35:03,torch-api,0.00%,0B / 0B,0.00%,0B / 0B,0B / 0B
2025-12-04T22:35:04,torch-api,0.00%,0B / 0B,0.00%,0B / 0B,0B / 0B
2025-12-04T22:35:05,torch-api,0.00%,0B / 0B,0.00%,0B / 0B,0B / 0B
2025-12-04T22:35:05,torch-api,0.00%,0B / 0B,0.00%,0B / 0B,0B / 0B
2025-12-04T22:35:07,torch-api,0.00%,0B / 0B,0.00%,0B / 0B,0B / 0B
2025-12-04T22:35:07,torch-api,0.00%,0B / 0B,0.00%,0B / 0B,0B / 0B
2025-12-04T22:35:09,torch-api,0.00%,0B / 0B,0.00%,0B / 0B,0B / 0B
2025-12-04T22:35:09,torch-api,0.00%,0B / 0B,0.00%,0B / 0B,0B / 0B
2025-12-04T22:35:10,torch-api,0.00%,0B / 0B,0.00%,0B / 0B,0B / 0B
2025-12-04T22:35:11,torch-api,0.00%,0B / 0B,0.00%,0B / 0B,0B / 0B
2025-12-04T22:35:12,torch-api,0.00%,0B / 0B,0.00%,0B / 0B,0B / 0B
2025-12-04T22:35:12,torch-api,0.00%,0B / 0B,0.00%,0B / 0B,0B / 0B
2025-12-04T22:35:14,torch-api,0.00%,0B / 0B,0.00%,0B / 0B,0B / 0B
2025-12-04T22:35:14,torch-api,0.00%,0B / 0B,0.00%,0B / 0B,0B / 0B
2025-12-04T22:35:15,torch-api,0.00%,0B / 0B,0.00%,0B / 0B,0B / 0B
2025-12-04T22:35:16,torch-api,0.00%,0B / 0B,0.00%,0B / 0B,0B / 0B
2025-12-04T22:35:17,torch-api,0.00%,0B / 0B,0.00%,0B / 0B,0B / 0B
2025-12-04T22:35:17,torch-api,0.00%,0B / 0B,0.00%,0B / 0B,0B / 0B
2025-12-04T22:35:19,torch-api,0.00%,0B / 0B,0.00%,0B / 0B,0B / 0B
2025-12-04T22:35:19,torch-api,0.00%,0B / 0B,0.00%,0B / 0B,0B / 0B
2025-12-04T22:35:20,torch-api,0.00%,0B / 0B,0.00%,0B / 0B,0B / 0B
2025-12-04T22:35:21,torch-api,0.00%,0B / 0B,0.00%,0B / 0B,0B / 0B
2025-12-04T22:35:22,torch-api,0.00%,0B / 0B,0.00%,0B / 0B,0B / 0B
2025-12-04T22:35:22,torch-api,0.00%,0B / 0B,0.00%,0B / 0B,0B / 0B
2025-12-04T22:35:23,torch-api,0.00%,0B / 0B,0.00%,0B / 0B,0B / 0B
2025-12-04T22:35:24,torch-api,0.00%,0B / 0B,0.00%,0B / 0B,0B / 0B
2025-12-04T22:35:25,torch-api,0.00%,0B / 0B,0.00%,0B / 0B,0B / 0B
2025-12-04T22:35:26,torch-api,0.00%,0B / 0B,0.00%,0B / 0B,0B / 0B
2025-12-04T22:35:27,torch-api,0.00%,0B / 0B,0.00%,0B / 0B,0B / 0B
2025-12-04T22:35:27,torch-api,0.00%,0B / 0B,0.00%,0B / 0B,0B / 0B
2025-12-04T22:35:28,torch-api,0.00%,0B / 0B,0.00%,0B / 0B,0B / 0B
2025-12-04T22:35:29,torch-api,0.00%,0B / 0B,0.00%,0B / 0B,0B / 0B
2025-12-04T22:35:30,torch-api,0.00%,0B / 0B,0.00%,0B / 0B,0B / 0B
2025-12-04T22:35:30,torch-api,0.00%,0B / 0B,0.00%,0B / 0B,0B / 0B
2025-12-04T22:35:31,torch-api,0.00%,0B / 0B,0.00%,0B / 0B,0B / 0B
2025-12-04T22:35:32,torch-api,0.00%,0B / 0B,0.00%,0B / 0B,0B / 0B
2025-12-04T22:35:33,torch-api,0.00%,0B / 0B,0.00%,0B / 0B,0B / 0B
2025-12-04T22:35:34,torch-api,0.00%,0B / 0B,0.00%,0B / 0B,0B / 0B
2025-12-04T22:35:35,torch-api,0.00%,0B / 0B,0.00%,0B / 0B,0B / 0B
2025-12-04T22:35:35,torch-api,0.00%,0B / 0B,0.00%,0B / 0B,0B / 0B
2025-12-04T22:35:36,torch-api,0.00%,0B / 0B,0.00%,0B / 0B,0B / 0B
2025-12-04T22:35:37,torch-api,0.00%,0B / 0B,0.00%,0B / 0B,0B / 0B
2025-12-04T22:35:38,torch-api,0.00%,0B / 0B,0.00%,0B / 0B,0B / 0B
2025-12-04T22:35:39,torch-api,0.00%,0B / 0B,0.00%,0B / 0B,0B / 0B
2025-12-04T22:35:40,torch-api,0.00%,0B / 0B,0.00%,0B / 0B,0B / 0B
2025-12-04T22:35:40,torch-api,0.00%,0B / 0B,0.00%,0B / 0B,0B / 0B
2025-12-04T22:35:42,torch-api,0.00%,0B / 0B,0.00%,0B / 0B,0B / 0B
2025-12-04T22:35:42,torch-api,0.00%,0B / 0B,0.00%,0B / 0B,0B / 0B
2025-12-04T22:35:43,torch-api,0.00%,0B / 0B,0.00%,0B / 0B,0B / 0B
2025-12-04T22:35:44,torch-api,0.00%,0B / 0B,0.00%,0B / 0B,0B / 0B
2025-12-04T22:35:45,torch-api,0.00%,0B / 0B,0.00%,0B / 0B,0B / 0B
2025-12-04T22:35:46,torch-api,0.00%,0B / 0B,0.00%,0B / 0B,0B / 0B
2025-12-04T22:35:47,torch-api,0.00%,0B / 0B,0.00%,0B / 0B,0B / 0B
2025-12-04T22:35:47,torch-api,0.00%,0B / 0B,0.00%,0B / 0B,0B / 0B
2025-12-04T22:35:48,torch-api,0.00%,0B / 0B,0.00%,0B / 0B,0B / 0B
2025-12-04T22:35:49,torch-api,0.00%,0B / 0B,0.00%,0B / 0B,0B / 0B
2025-12-04T22:35:50,torch-api,0.00%,0B / 0B,0.00%,0B / 0B,0B / 0B
2025-12-04T22:35:50,torch-api,0.00%,0B / 0B,0.00%,0B / 0B,0B / 0B
2025-12-04T22:35:51,torch-api,0.00%,0B / 0B,0.00%,0B / 0B,0B / 0B
2025-12-04T22:35:52,torch-api,0.00%,0B / 0B,0.00%,0B / 0B,0B / 0B
2025-12-04T22:35:53,torch-api,0.00%,0B / 0B,0.00%,0B / 0B,0B / 0B
2025-12-04T22:35:54,torch-api,0.00%,0B / 0B,0.00%,0B / 0B,0B / 0B
2025-12-04T22:35:55,torch-api,0.00%,0B / 0B,0.00%,0B / 0B,0B / 0B
2025-12-04T22:35:55,torch-api,0.00%,0B / 0B,0.00%,0B / 0B,0B / 0B
2025-12-04T22:35:56,torch-api,0.00%,0B / 0B,0.00%,0B / 0B,0B / 0B
2025-12-04T22:35:57,torch-api,0.00%,0B / 0B,0.00%,0B / 0B,0B / 0B
2025-12-04T22:35:58,torch-api,0.00%,0B / 0B,0.00%,0B / 0B,0B / 0B
2025-12-04T22:35:59,torch-api,0.00%,0B / 0B,0.00%,0B / 0B,0B / 0B
2025-12-04T22:35:59,torch-api,0.00%,0B / 0B,0.00%,0B / 0B,0B / 0B
2025-12-04T22:36:00,torch-api,0.00%,0B / 0B,0.00%,0B / 0B,0B / 0B
2025-12-04T22:36:01,torch-api,0.00%,0B / 0B,0.00%,0B / 0B,0B / 0B
2025-12-04T22:36:02,torch-api,0.00%,0B / 0B,0.00%,0B / 0B,0B / 0B
2025-12-04T22:36:03,torch-api,0.00%,0B / 0B,0.00%,0B / 0B,0B / 0B
2025-12-04T22:36:03,torch-api,0.00%,0B / 0B,0.00%,0B / 0B,0B / 0B
2025-12-04T22:36:04,torch-api,0.00%,0B / 0B,0.00%,0B / 0B,0B / 0B
2025-12-04T22:36:05,torch-api,0.00%,0B / 0B,0.00%,0B / 0B,0B / 0B
2025-12-04T22:36:06,torch-api,0.00%,0B / 0B,0.00%,0B / 0B,0B / 0B
2025-12-04T22:36:07,torch-api,0.00%,0B / 0B,0.00%,0B / 0B,0B / 0B
2025-12-04T22:36:07,torch-api,0.00%,0B / 0B,0.00%,0B / 0B,0B / 0B
2025-12-04T22:36:08,torch-api,0.00%,0B / 0B,0.00%,0B / 0B,0B / 0B
2025-12-04T22:36:09,torch-api,0.00%,0B / 0B,0.00%,0B / 0B,0B / 0B
2025-12-04T22:36:10,torch-api,0.00%,0B / 0B,0.00%,0B / 0B,0B / 0B
2025-12-04T22:36:11,torch-api,0.00%,0B / 0B,0.00%,0B / 0B,0B / 0B
2025-12-04T22:36:12,torch-api,0.00%,0B / 0B,0.00%,0B / 0B,0B / 0B
2025-12-04T22:36:12,torch-api,0.00%,0B / 0B,0.00%,0B / 0B,0B / 0B
2025-12-04T22:36:13,torch-api,0.00%,0B / 0B,0.00%,0B / 0B,0B / 0B
2025-12-04T22:36:15,torch-api,0.00%,0B / 0B,0.00%,0B / 0B,0B / 0B
2025-12-04T22:36:15,torch-api,0.00%,0B / 0B,0.00%,0B / 0B,0B / 0B
2025-12-04T22:36:16,torch-api,0.00%,0B / 0B,0.00%,0B / 0B,0B / 0B
2025-12-04T22:36:17,torch-api,0.00%,0B / 0B,0.00%,0B / 0B,0B / 0B
2025-12-04T22:36:18,torch-api,0.00%,0B / 0B,0.00%,0B / 0B,0B / 0B
2025-12-04T22:36:19,torch-api,0.00%,0B / 0B,0.00%,0B / 0B,0B / 0B
2025-12-04T22:36:19,torch-api,0.00%,0B / 0B,0.00%,0B / 0B,0B / 0B
2025-12-04T22:36:20,torch-api,0.00%,0B / 0B,0.00%,0B / 0B,0B / 0B
2025-12-04T22:36:21,torch-api,0.00%,0B / 0B,0.00%,0B / 0B,0B / 0B
2025-12-04T22:36:22,torch-api,0.00%,0B / 0B,0.00%,0B / 0B,0B / 0B
2025-12-04T22:36:23,torch-api,0.00%,0B / 0B,0.00%,0B / 0B,0B / 0B
2025-12-04T22:36:23,torch-api,0.00%,0B / 0B,0.00%,0B / 0B,0B / 0B
2025-12-04T22:36:24,torch-api,0.00%,0B / 0B,0.00%,0B / 0B,0B / 0B
2025-12-04T22:36:25,torch-api,0.00%,0B / 0B,0.00%,0B / 0B,0B / 0B
2025-12-04T22:36:26,torch-api,0.00%,0B / 0B,0.00%,0B / 0B,0B / 0B
2025-12-04T22:36:27,torch-api,0.00%,0B / 0B,0.00%,0B / 0B,0B / 0B
2025-12-04T22:36:27,torch-api,0.00%,0B / 0B,0.00%,0B / 0B,0B / 0B
2025-12-04T22:36:28,torch-api,0.00%,0B / 0B,0.00%,0B / 0B,0B / 0B
2025-12-04T22:36:29,torch-api,0.00%,0B / 0B,0.00%,0B / 0B,0B / 0B
2025-12-04T22:36:30,torch-api,0.00%,0B / 0B,0.00%,0B / 0B,0B / 0B
2025-12-04T22:36:31,torch-api,0.00%,0B / 0B,0.00%,0B / 0B,0B / 0B
2025-12-04T22:36:32,torch-api,0.00%,0B / 0B,0.00%,0B / 0B,0B / 0B
2025-12-04T22:36:32,torch-api,0.00%,0B / 0B,0.00%,0B / 0B,0B / 0B
2025-12-04T22:36:33,torch-api,0.00%,0B / 0B,0.00%,0B / 0B,0B / 0B
2025-12-04T22:36:34,torch-api,0.00%,0B / 0B,0.00%,0B / 0B,0B / 0B
2025-12-04T22:36:35,torch-api,0.00%,0B / 0B,0.00%,0B / 0B,0B / 0B
2025-12-04T22:36:36,torch-api,0.00%,0B / 0B,0.00%,0B / 0B,0B / 0B
2025-12-04T22:36:36,torch-api,0.00%,0B / 0B,0.00%,0B / 0B,0B / 0B
2025-12-04T22:36:37,torch-api,0.00%,0B / 0B,0.00%,0B / 0B,0B / 0B
2025-12-04T22:36:38,torch-api,0.00%,0B / 0B,0.00%,0B / 0B,0B / 0B
2025-12-04T22:36:39,torch-api,0.00%,0B / 0B,0.00%,0B / 0B,0B / 0B
2025-12-04T22:36:40,torch-api,0.00%,0B / 0B,0.00%,0B / 0B,0B / 0B
2025-12-04T22:36:41,torch-api,0.00%,0B / 0B,0.00%,0B / 0B,0B / 0B
2025-12-04T22:36:41,torch-api,0.00%,0B / 0B,0.00%,0B / 0B,0B / 0B
2025-12-04T22:36:42,torch-api,0.00%,0B / 0B,0.00%,0B / 0B,0B / 0B
2025-12-04T22:36:43,torch-api,0.00%,0B / 0B,0.00%,0B / 0B,0B / 0B
2025-12-04T22:36:44,torch-api,0.00%,0B / 0B,0.00%,0B / 0B,0B / 0B
2025-12-04T22:36:45,torch-api,0.00%,0B / 0B,0.00%,0B / 0B,0B / 0B
2025-12-04T22:36:45,torch-api,0.00%,0B / 0B,0.00%,0B / 0B,0B / 0B
2025-12-04T22:36:46,torch-api,0.00%,0B / 0B,0.00%,0B / 0B,0B / 0B
2025-12-04T22:36:48,torch-api,0.00%,0B / 0B,0.00%,0B / 0B,0B / 0B
2025-12-04T22:36:49,torch-api,0.00%,0B / 0B,0.00%,0B / 0B,0B / 0B
2025-12-04T22:36:49,torch-api,0.00%,0B / 0B,0.00%,0B / 0B,0B / 0B
2025-12-04T22:36:50,torch-api,0.00%,0B / 0B,0.00%,0B / 0B,0B / 0B
2025-12-04T22:36:51,torch-api,0.00%,0B / 0B,0.00%,0B / 0B,0B / 0B
2025-12-04T22:36:52,torch-api,0.00%,0B / 0B,0.00%,0B / 0B,0B / 0B
2025-12-04T22:36:53,torch-api,0.00%,0B / 0B,0.00%,0B / 0B,0B / 0B
2025-12-04T22:36:53,torch-api,0.00%,0B / 0B,0.00%,0B / 0B,0B / 0B
2025-12-04T22:36:54,torch-api,0.00%,0B / 0B,0.00%,0B / 0B,0B / 0B
2025-12-04T22:36:55,torch-api,0.00%,0B / 0B,0.00%,0B / 0B,0B / 0B
2025-12-04T22:36:56,torch-api,0.00%,0B / 0B,0.00%,0B / 0B,0B / 0B
2025-12-04T22:36:57,torch-api,0.00%,0B / 0B,0.00%,0B / 0B,0B / 0B
2025-12-04T22:36:57,torch-api,0.00%,0B / 0B,0.00%,0B / 0B,0B / 0B
2025-12-04T22:36:58,torch-api,0.00%,0B / 0B,0.00%,0B / 0B,0B / 0B
2025-12-04T22:36:59,torch-api,0.00%,0B / 0B,0.00%,0B / 0B,0B / 0B
2025-12-04T22:37:00,torch-api,0.00%,0B / 0B,0.00%,0B / 0B,0B / 0B
2025-12-04T22:37:01,torch-api,0.00%,0B / 0B,0.00%,0B / 0B,0B / 0B
2025-12-04T22:37:02,torch-api,0.00%,0B / 0B,0.00%,0B / 0B,0B / 0B
2025-12-04T22:37:02,torch-api,0.00%,0B / 0B,0.00%,0B / 0B,0B / 0B
2025-12-04T22:37:03,torch-api,0.00%,0B / 0B,0.00%,0B / 0B,0B / 0B
2025-12-04T22:37:04,torch-api,0.00%,0B / 0B,0.00%,0B / 0B,0B / 0B
2025-12-04T22:37:05,torch-api,0.00%,0B / 0B,0.00%,0B / 0B,0B / 0B
2025-12-04T22:37:05,torch-api,0.00%,0B / 0B,0.00%,0B / 0B,0B / 0B
2025-12-04T22:37:06,torch-api,0.00%,0B / 0B,0.00%,0B / 0B,0B / 0B
2025-12-04T22:37:07,torch-api,0.00%,0B / 0B,0.00%,0B / 0B,0B / 0B
2025-12-04T22:37:08,torch-api,0.00%,0B / 0B,0.00%,0B / 0B,0B / 0B
2025-12-04T22:37:09,torch-api,0.00%,0B / 0B,0.00%,0B / 0B,0B / 0B
2025-12-04T22:37:10,torch-api,0.00%,0B / 0B,0.00%,0B / 0B,0B / 0B
2025-12-04T22:37:10,torch-api,0.00%,0B / 0B,0.00%,0B / 0B,0B / 0B
2025-12-04T22:37:11,torch-api,0.00%,0B / 0B,0.00%,0B / 0B,0B / 0B
2025-12-04T22:37:12,torch-api,0.00%,0B / 0B,0.00%,0B / 0B,0B / 0B
2025-12-04T22:37:13,torch-api,0.00%,0B / 0B,0.00%,0B / 0B,0B / 0B
2025-12-04T22:37:13,torch-api,0.00%,0B / 0B,0.00%,0B / 0B,0B / 0B
2025-12-04T22:37:14,torch-api,0.00%,0B / 0B,0.00%,0B / 0B,0B / 0B
2025-12-04T22:37:15,torch-api,0.00%,0B / 0B,0.00%,0B / 0B,0B / 0B
2025-12-04T22:37:16,torch-api,0.00%,0B / 0B,0.00%,0B / 0B,0B / 0B
2025-12-04T22:37:17,torch-api,0.00%,0B / 0B,0.00%,0B / 0B,0B / 0B
2025-12-04T22:37:18,torch-api,0.00%,0B / 0B,0.00%,0B / 0B,0B / 0B
2025-12-04T22:37:18,torch-api,0.00%,0B / 0B,0.00%,0B / 0B,0B / 0B
2025-12-04T22:37:20,torch-api,0.00%,0B / 0B,0.00%,0B / 0B,0B / 0B
2025-12-04T22:37:21,torch-api,0.00%,0B / 0B,0.00%,0B / 0B,0B / 0B
2025-12-04T22:37:22,torch-api,0.00%,0B / 0B,0.00%,0B / 0B,0B / 0B
2025-12-04T22:37:22,torch-api,0.00%,0B / 0B,0.00%,0B / 0B,0B / 0B
2025-12-04T22:37:23,torch-api,0.00%,0B / 0B,0.00%,0B / 0B,0B / 0B
2025-12-04T22:37:24,torch-api,0.00%,0B / 0B,0.00%,0B / 0B,0B / 0B
2025-12-04T22:37:25,torch-api,0.00%,0B / 0B,0.00%,0B / 0B,0B / 0B
2025-12-04T22:37:25,torch-api,0.00%,0B / 0B,0.00%,0B / 0B,0B / 0B
2025-12-04T22:37:26,torch-api,0.00%,0B / 0B,0.00%,0B / 0B,0B / 0B
2025-12-04T22:37:27,torch-api,0.00%,0B / 0B,0.00%,0B / 0B,0B / 0B
2025-12-04T22:37:28,torch-api,0.00%,0B / 0B,0.00%,0B / 0B,0B / 0B
2025-12-04T22:37:29,torch-api,0.00%,0B / 0B,0.00%,0B / 0B,0B / 0B
2025-12-04T22:37:30,torch-api,0.00%,0B / 0B,0.00%,0B / 0B,0B / 0B
2025-12-04T22:37:30,torch-api,0.00%,0B / 0B,0.00%,0B / 0B,0B / 0B
2025-12-04T22:37:31,torch-api,0.00%,0B / 0B,0.00%,0B / 0B,0B / 0B
2025-12-04T22:37:32,torch-api,0.00%,0B / 0B,0.00%,0B / 0B,0B / 0B
2025-12-04T22:37:33,torch-api,0.00%,0B / 0B,0.00%,0B / 0B,0B / 0B
2025-12-04T22:37:34,torch-api,0.00%,0B / 0B,0.00%,0B / 0B,0B / 0B
2025-12-04T22:37:34,torch-api,0.00%,0B / 0B,0.00%,0B / 0B,0B / 0B
2025-12-04T22:37:35,torch-api,0.00%,0B / 0B,0.00%,0B / 0B,0B / 0B
2025-12-04T22:37:36,torch-api,0.00%,0B / 0B,0.00%,0B / 0B,0B / 0B
2025-12-04T22:37:37,torch-api,0.00%,0B / 0B,0.00%,0B / 0B,0B / 0B
2025-12-04T22:37:38,torch-api,0.00%,0B / 0B,0.00%,0B / 0B,0B / 0B
2025-12-04T22:37:38,torch-api,0.00%,0B / 0B,0.00%,0B / 0B,0B / 0B
2025-12-04T22:37:39,torch-api,0.00%,0B / 0B,0.00%,0B / 0B,0B / 0B
2025-12-04T22:37:40,torch-api,0.00%,0B / 0B,0.00%,0B / 0B,0B / 0B
2025-12-04T22:37:41,torch-api,0.00%,0B / 0B,0.00%,0B / 0B,0B / 0B
2025-12-04T22:37:42,torch-api,0.00%,0B / 0B,0.00%,0B / 0B,0B / 0B
2025-12-04T22:37:43,torch-api,0.00%,0B / 0B,0.00%,0B / 0B,0B / 0B
2025-12-04T22:37:43,torch-api,0.00%,0B / 0B,0.00%,0B / 0B,0B / 0B
2025-12-04T22:37:44,torch-api,0.00%,0B / 0B,0.00%,0B / 0B,0B / 0B
2025-12-04T22:37:45,torch-api,0.00%,0B / 0B,0.00%,0B / 0B,0B / 0B
2025-12-04T22:37:46,torch-api,0.00%,0B / 0B,0.00%,0B / 0B,0B / 0B
2025-12-04T22:37:47,torch-api,0.00%,0B / 0B,0.00%,0B / 0B,0B / 0B
2025-12-04T22:37:47,torch-api,0.00%,0B / 0B,0.00%,0B / 0B,0B / 0B
2025-12-04T22:37:48,torch-api,0.00%,0B / 0B,0.00%,0B / 0B,0B / 0B
2025-12-04T22:37:49,torch-api,0.00%,0B / 0B,0.00%,0B / 0B,0B / 0B
2025-12-04T22:37:50,torch-api,0.00%,0B / 0B,0.00%,0B / 0B,0B / 0B
2025-12-04T22:37:51,torch-api,0.00%,0B / 0B,0.00%,0B / 0B,0B / 0B
2025-12-04T22:37:51,torch-api,0.00%,0B / 0B,0.00%,0B / 0B,0B / 0B
2025-12-04T22:37:53,torch-api,0.00%,0B / 0B,0.00%,0B / 0B,0B / 0B
2025-12-04T22:37:54,torch-api,0.00%,0B / 0B,0.00%,0B / 0B,0B / 0B
2025-12-04T22:37:54,torch-api,0.00%,0B / 0B,0.00%,0B / 0B,0B / 0B
2025-12-04T22:37:55,torch-api,0.00%,0B / 0B,0.00%,0B / 0B,0B / 0B
2025-12-04T22:37:56,torch-api,0.00%,0B / 0B,0.00%,0B / 0B,0B / 0B
2025-12-04T22:37:57,torch-api,0.00%,0B / 0B,0.00%,0B / 0B,0B / 0B
2025-12-04T22:37:58,torch-api,0.00%,0B / 0B,0.00%,0B / 0B,0B / 0B
2025-12-04T22:37:58,torch-api,0.00%,0B / 0B,0.00%,0B / 0B,0B / 0B
2025-12-04T22:37:59,torch-api,0.00%,0B / 0B,0.00%,0B / 0B,0B / 0B
2025-12-04T22:38:00,torch-api,0.00%,0B / 0B,0.00%,0B / 0B,0B / 0B
2025-12-04T22:38:01,torch-api,0.00%,0B / 0B,0.00%,0B / 0B,0B / 0B
2025-12-04T22:38:02,torch-api,0.00%,0B / 0B,0.00%,0B / 0B,0B / 0B
2025-12-04T22:38:03,torch-api,0.00%,0B / 0B,0.00%,0B / 0B,0B / 0B
2025-12-04T22:38:03,torch-api,0.00%,0B / 0B,0.00%,0B / 0B,0B / 0B
2025-12-04T22:38:04,torch-api,0.00%,0B / 0B,0.00%,0B / 0B,0B / 0B
2025-12-04T22:38:05,torch-api,0.00%,0B / 0B,0.00%,0B / 0B,0B / 0B
2025-12-04T22:38:06,torch-api,0.00%,0B / 0B,0.00%,0B / 0B,0B / 0B
2025-12-04T22:38:07,torch-api,0.00%,0B / 0B,0.00%,0B / 0B,0B / 0B
2025-12-04T22:38:07,torch-api,0.00%,0B / 0B,0.00%,0B / 0B,0B / 0B
2025-12-04T22:38:08,torch-api,0.00%,0B / 0B,0.00%,0B / 0B,0B / 0B
2025-12-04T22:38:09,torch-api,0.00%,0B / 0B,0.00%,0B / 0B,0B / 0B
2025-12-04T22:38:10,torch-api,0.00%,0B / 0B,0.00%,0B / 0B,0B / 0B
2025-12-04T22:38:11,torch-api,0.00%,0B / 0B,0.00%,0B / 0B,0B / 0B
2025-12-04T22:38:12,torch-api,0.00%,0B / 0B,0.00%,0B / 0B,0B / 0B
2025-12-04T22:38:12,torch-api,0.00%,0B / 0B,0.00%,0B / 0B,0B / 0B
2025-12-04T22:38:13,torch-api,0.00%,0B / 0B,0.00%,0B / 0B,0B / 0B
2025-12-04T22:38:14,torch-api,0.00%,0B / 0B,0.00%,0B / 0B,0B / 0B
2025-12-04T22:38:15,torch-api,0.00%,0B / 0B,0.00%,0B / 0B,0B / 0B
2025-12-04T22:38:16,torch-api,0.00%,0B / 0B,0.00%,0B / 0B,0B / 0B
2025-12-04T22:38:16,torch-api,0.00%,0B / 0B,0.00%,0B / 0B,0B / 0B
2025-12-04T22:38:17,torch-api,0.00%,0B / 0B,0.00%,0B / 0B,0B / 0B
2025-12-04T22:38:18,torch-api,0.00%,0B / 0B,0.00%,0B / 0B,0B / 0B
2025-12-04T22:38:19,torch-api,0.00%,0B / 0B,0.00%,0B / 0B,0B / 0B
2025-12-04T22:38:20,torch-api,0.00%,0B / 0B,0.00%,0B / 0B,0B / 0B
2025-12-04T22:38:21,torch-api,0.00%,0B / 0B,0.00%,0B / 0B,0B / 0B
2025-12-04T22:38:21,torch-api,0.00%,0B / 0B,0.00%,0B / 0B,0B / 0B
2025-12-04T22:38:22,torch-api,0.00%,0B / 0B,0.00%,0B / 0B,0B / 0B
2025-12-04T22:38:23,torch-api,0.00%,0B / 0B,0.00%,0B / 0B,0B / 0B
2025-12-04T22:38:24,torch-api,0.00%,0B / 0B,0.00%,0B / 0B,0B / 0B
2025-12-04T22:38:25,torch-api,0.00%,0B / 0B,0.00%,0B / 0B,0B / 0B
2025-12-04T22:38:26,torch-api,0.00%,0B / 0B,0.00%,0B / 0B,0B / 0B
2025-12-04T22:38:27,torch-api,0.00%,0B / 0B,0.00%,0B / 0B,0B / 0B
2025-12-04T22:38:28,torch-api,0.00%,0B / 0B,0.00%,0B / 0B,0B / 0B
2025-12-04T22:38:28,torch-api,0.00%,0B / 0B,0.00%,0B / 0B,0B / 0B
2025-12-04T22:38:29,torch-api,0.00%,0B / 0B,0.00%,0B / 0B,0B / 0B
2025-12-04T22:38:30,torch-api,0.00%,0B / 0B,0.00%,0B / 0B,0B / 0B
2025-12-04T22:38:31,torch-api,0.00%,0B / 0B,0.00%,0B / 0B,0B / 0B
2025-12-04T22:38:32,torch-api,0.00%,0B / 0B,0.00%,0B / 0B,0B / 0B
2025-12-04T22:38:33,torch-api,0.00%,0B / 0B,0.00%,0B / 0B,0B / 0B
2025-12-04T22:38:33,torch-api,0.00%,0B / 0B,0.00%,0B / 0B,0B / 0B
2025-12-04T22:38:34,torch-api,0.00%,0B / 0B,0.00%,0B / 0B,0B / 0B
2025-12-04T22:38:35,torch-api,0.00%,0B / 0B,0.00%,0B / 0B,0B / 0B
2025-12-04T22:38:36,torch-api,0.00%,0B / 0B,0.00%,0B / 0B,0B / 0B
2025-12-04T22:38:36,torch-api,0.00%,0B / 0B,0.00%,0B / 0B,0B / 0B
2025-12-04T22:38:37,torch-api,0.00%,0B / 0B,0.00%,0B / 0B,0B / 0B
2025-12-04T22:38:38,torch-api,0.00%,0B / 0B,0.00%,0B / 0B,0B / 0B
2025-12-04T22:38:39,torch-api,0.00%,0B / 0B,0.00%,0B / 0B,0B / 0B
2025-12-04T22:38:40,torch-api,0.00%,0B / 0B,0.00%,0B / 0B,0B / 0B
2025-12-04T22:38:41,torch-api,0.00%,0B / 0B,0.00%,0B / 0B,0B / 0B
2025-12-04T22:38:41,torch-api,0.00%,0B / 0B,0.00%,0B / 0B,0B / 0B
2025-12-04T22:38:42,torch-api,0.00%,0B / 0B,0.00%,0B / 0B,0B / 0B
2025-12-04T22:38:43,torch-api,0.00%,0B / 0B,0.00%,0B / 0B,0B / 0B
2025-12-04T22:38:44,torch-api,0.00%,0B / 0B,0.00%,0B / 0B,0B / 0B
2025-12-04T22:38:45,torch-api,0.00%,0B / 0B,0.00%,0B / 0B,0B / 0B
2025-12-04T22:38:46,torch-api,0.00%,0B / 0B,0.00%,0B / 0B,0B / 0B
2025-12-04T22:38:46,torch-api,0.00%,0B / 0B,0.00%,0B / 0B,0B / 0B
2025-12-04T22:38:47,torch-api,0.00%,0B / 0B,0.00%,0B / 0B,0B / 0B
2025-12-04T22:38:48,torch-api,0.00%,0B / 0B,0.00%,0B / 0B,0B / 0B
2025-12-04T22:38:49,torch-api,0.00%,0B / 0B,0.00%,0B / 0B,0B / 0B
2025-12-04T22:38:50,torch-api,0.00%,0B / 0B,0.00%,0B / 0B,0B / 0B
2025-12-04T22:38:51,torch-api,0.00%,0B / 0B,0.00%,0B / 0B,0B / 0B
2025-12-04T22:38:51,torch-api,0.00%,0B / 0B,0.00%,0B / 0B,0B / 0B
2025-12-04T22:38:52,torch-api,0.00%,0B / 0B,0.00%,0B / 0B,0B / 0B
2025-12-04T22:38:53,torch-api,0.00%,0B / 0B,0.00%,0B / 0B,0B / 0B
2025-12-04T22:38:54,torch-api,0.00%,0B / 0B,0.00%,0B / 0B,0B / 0B
2025-12-04T22:38:55,torch-api,0.00%,0B / 0B,0.00%,0B / 0B,0B / 0B
2025-12-04T22:38:55,torch-api,0.00%,0B / 0B,0.00%,0B / 0B,0B / 0B
2025-12-04T22:38:56,torch-api,0.00%,0B / 0B,0.00%,0B / 0B,0B / 0B
2025-12-04T22:38:57,torch-api,0.00%,0B / 0B,0.00%,0B / 0B,0B / 0B
2025-12-04T22:38:58,torch-api,0.00%,0B / 0B,0.00%,0B / 0B,0B / 0B
2025-12-04T22:38:59,torch-api,0.00%,0B / 0B,0.00%,0B / 0B,0B / 0B
2025-12-04T22:39:00,torch-api,0.00%,0B / 0B,0.00%,0B / 0B,0B / 0B
2025-12-04T22:39:01,torch-api,0.00%,0B / 0B,0.00%,0B / 0B,0B / 0B
2025-12-04T22:39:02,torch-api,0.00%,0B / 0B,0.00%,0B / 0B,0B / 0B
2025-12-04T22:39:02,torch-api,0.00%,0B / 0B,0.00%,0B / 0B,0B / 0B
2025-12-04T22:39:03,torch-api,0.00%,0B / 0B,0.00%,0B / 0B,0B / 0B
2025-12-04T22:39:04,torch-api,0.00%,0B / 0B,0.00%,0B / 0B,0B / 0B
2025-12-04T22:39:05,torch-api,0.00%,0B / 0B,0.00%,0B / 0B,0B / 0B
2025-12-04T22:39:06,torch-api,0.00%,0B / 0B,0.00%,0B / 0B,0B / 0B
2025-12-04T22:39:07,torch-api,0.00%,0B / 0B,0.00%,0B / 0B,0B / 0B
2025-12-04T22:39:07,torch-api,0.00%,0B / 0B,0.00%,0B / 0B,0B / 0B
2025-12-04T22:39:08,torch-api,0.00%,0B / 0B,0.00%,0B / 0B,0B / 0B
2025-12-04T22:39:09,torch-api,0.00%,0B / 0B,0.00%,0B / 0B,0B / 0B
2025-12-04T22:39:10,torch-api,0.00%,0B / 0B,0.00%,0B / 0B,0B / 0B
2025-12-04T22:39:11,torch-api,0.00%,0B / 0B,0.00%,0B / 0B,0B / 0B
2025-12-04T22:39:11,torch-api,0.00%,0B / 0B,0.00%,0B / 0B,0B / 0B
2025-12-04T22:39:12,torch-api,0.00%,0B / 0B,0.00%,0B / 0B,0B / 0B
2025-12-04T22:39:13,torch-api,0.00%,0B / 0B,0.00%,0B / 0B,0B / 0B
2025-12-04T22:39:14,torch-api,0.00%,0B / 0B,0.00%,0B / 0B,0B / 0B
2025-12-04T22:39:15,torch-api,0.00%,0B / 0B,0.00%,0B / 0B,0B / 0B
2025-12-04T22:39:16,torch-api,0.00%,0B / 0B,0.00%,0B / 0B,0B / 0B
2025-12-04T22:39:16,torch-api,0.00%,0B / 0B,0.00%,0B / 0B,0B / 0B
2025-12-04T22:39:17,torch-api,0.00%,0B / 0B,0.00%,0B / 0B,0B / 0B
2025-12-04T22:39:18,torch-api,0.00%,0B / 0B,0.00%,0B / 0B,0B / 0B
2025-12-04T22:39:19,torch-api,0.00%,0B / 0B,0.00%,0B / 0B,0B / 0B
2025-12-04T22:39:20,torch-api,0.00%,0B / 0B,0.00%,0B / 0B,0B / 0B
2025-12-04T22:39:20,torch-api,0.00%,0B / 0B,0.00%,0B / 0B,0B / 0B
2025-12-04T22:39:21,torch-api,0.00%,0B / 0B,0.00%,0B / 0B,0B / 0B
2025-12-04T22:39:22,torch-api,0.00%,0B / 0B,0.00%,0B / 0B,0B / 0B
2025-12-04T22:39:23,torch-api,0.00%,0B / 0B,0.00%,0B / 0B,0B / 0B
2025-12-04T22:39:24,torch-api,0.00%,0B / 0B,0.00%,0B / 0B,0B / 0B
2025-12-04T22:39:25,torch-api,0.00%,0B / 0B,0.00%,0B / 0B,0B / 0B
2025-12-04T22:39:25,torch-api,0.00%,0B / 0B,0.00%,0B / 0B,0B / 0B
2025-12-04T22:39:26,torch-api,0.00%,0B / 0B,0.00%,0B / 0B,0B / 0B
2025-12-04T22:39:27,torch-api,0.00%,0B / 0B,0.00%,0B / 0B,0B / 0B
2025-12-04T22:39:28,torch-api,0.00%,0B / 0B,0.00%,0B / 0B,0B / 0B
2025-12-04T22:39:29,torch-api,0.00%,0B / 0B,0.00%,0B / 0B,0B / 0B
2025-12-04T22:39:30,torch-api,0.00%,0B / 0B,0.00%,0B / 0B,0B / 0B
2025-12-04T22:39:30,torch-api,0.00%,0B / 0B,0.00%,0B / 0B,0B / 0B
2025-12-04T22:39:32,torch-api,0.00%,0B / 0B,0.00%,0B / 0B,0B / 0B
2025-12-04T22:39:33,torch-api,0.00%,0B / 0B,0.00%,0B / 0B,0B / 0B
2025-12-04T22:39:33,torch-api,0.00%,0B / 0B,0.00%,0B / 0B,0B / 0B
2025-12-04T22:39:34,torch-api,0.00%,0B / 0B,0.00%,0B / 0B,0B / 0B
2025-12-04T22:39:35,torch-api,0.00%,0B / 0B,0.00%,0B / 0B,0B / 0B
2025-12-04T22:39:36,torch-api,0.00%,0B / 0B,0.00%,0B / 0B,0B / 0B
2025-12-04T22:39:37,torch-api,0.00%,0B / 0B,0.00%,0B / 0B,0B / 0B
2025-12-04T22:39:37,torch-api,0.00%,0B / 0B,0.00%,0B / 0B,0B / 0B
2025-12-04T22:39:38,torch-api,0.00%,0B / 0B,0.00%,0B / 0B,0B / 0B
2025-12-04T22:39:39,torch-api,0.00%,0B / 0B,0.00%,0B / 0B,0B / 0B
2025-12-04T22:39:40,torch-api,0.00%,0B / 0B,0.00%,0B / 0B,0B / 0B
2025-12-04T22:39:41,torch-api,0.00%,0B / 0B,0.00%,0B / 0B,0B / 0B
2025-12-04T22:39:42,torch-api,0.00%,0B / 0B,0.00%,0B / 0B,0B / 0B
2025-12-04T22:39:42,torch-api,0.00%,0B / 0B,0.00%,0B / 0B,0B / 0B
2025-12-04T22:39:43,torch-api,0.00%,0B / 0B,0.00%,0B / 0B,0B / 0B
2025-12-04T22:39:44,torch-api,0.00%,0B / 0B,0.00%,0B / 0B,0B / 0B
2025-12-04T22:39:45,torch-api,0.00%,0B / 0B,0.00%,0B / 0B,0B / 0B
2025-12-04T22:39:46,torch-api,0.00%,0B / 0B,0.00%,0B / 0B,0B / 0B
2025-12-04T22:39:47,torch-api,0.00%,0B / 0B,0.00%,0B / 0B,0B / 0B
2025-12-04T22:39:47,torch-api,0.00%,0B / 0B,0.00%,0B / 0B,0B / 0B
2025-12-04T22:39:48,torch-api,0.00%,0B / 0B,0.00%,0B / 0B,0B / 0B
2025-12-04T22:39:49,torch-api,0.00%,0B / 0B,0.00%,0B / 0B,0B / 0B
2025-12-04T22:39:50,torch-api,0.00%,0B / 0B,0.00%,0B / 0B,0B / 0B
2025-12-04T22:39:51,torch-api,0.00%,0B / 0B,0.00%,0B / 0B,0B / 0B
2025-12-04T22:39:52,torch-api,0.00%,0B / 0B,0.00%,0B / 0B,0B / 0B
2025-12-04T22:39:52,torch-api,0.00%,0B / 0B,0.00%,0B / 0B,0B / 0B
2025-12-04T22:39:53,torch-api,0.00%,0B / 0B,0.00%,0B / 0B,0B / 0B
2025-12-04T22:39:54,torch-api,0.00%,0B / 0B,0.00%,0B / 0B,0B / 0B
2025-12-04T22:39:55,torch-api,0.00%,0B / 0B,0.00%,0B / 0B,0B / 0B
2025-12-04T22:39:56,torch-api,0.00%,0B / 0B,0.00%,0B / 0B,0B / 0B
2025-12-04T22:39:57,torch-api,0.00%,0B / 0B,0.00%,0B / 0B,0B / 0B
2025-12-04T22:39:57,torch-api,0.00%,0B / 0B,0.00%,0B / 0B,0B / 0B
2025-12-04T22:39:58,torch-api,0.00%,0B / 0B,0.00%,0B / 0B,0B / 0B
2025-12-04T22:39:59,torch-api,0.00%,0B / 0B,0.00%,0B / 0B,0B / 0B
2025-12-04T22:40:00,torch-api,0.00%,0B / 0B,0.00%,0B / 0B,0B / 0B
2025-12-04T22:40:01,torch-api,0.00%,0B / 0B,0.00%,0B / 0B,0B / 0B
2025-12-04T22:40:02,torch-api,0.00%,0B / 0B,0.00%,0B / 0B,0B / 0B
2025-12-04T22:40:02,torch-api,0.00%,0B / 0B,0.00%,0B / 0B,0B / 0B
2025-12-04T22:40:04,torch-api,0.00%,0B / 0B,0.00%,0B / 0B,0B / 0B
2025-12-04T22:40:04,torch-api,0.00%,0B / 0B,0.00%,0B / 0B,0B / 0B
2025-12-04T22:40:05,torch-api,0.00%,0B / 0B,0.00%,0B / 0B,0B / 0B
2025-12-04T22:40:06,torch-api,0.00%,0B / 0B,0.00%,0B / 0B,0B / 0B
2025-12-04T22:40:07,torch-api,0.00%,0B / 0B,0.00%,0B / 0B,0B / 0B
2025-12-04T22:40:08,torch-api,0.00%,0B / 0B,0.00%,0B / 0B,0B / 0B
2025-12-04T22:40:09,torch-api,0.00%,0B / 0B,0.00%,0B / 0B,0B / 0B
2025-12-04T22:40:09,torch-api,0.00%,0B / 0B,0.00%,0B / 0B,0B / 0B
2025-12-04T22:40:10,torch-api,0.00%,0B / 0B,0.00%,0B / 0B,0B / 0B
2025-12-04T22:40:11,torch-api,0.00%,0B / 0B,0.00%,0B / 0B,0B / 0B
2025-12-04T22:40:12,torch-api,0.00%,0B / 0B,0.00%,0B / 0B,0B / 0B
2025-12-04T22:40:13,torch-api,0.00%,0B / 0B,0.00%,0B / 0B,0B / 0B
2025-12-04T22:40:14,torch-api,0.00%,0B / 0B,0.00%,0B / 0B,0B / 0B
2025-12-04T22:40:14,torch-api,0.00%,0B / 0B,0.00%,0B / 0B,0B / 0B
2025-12-04T22:40:15,torch-api,0.00%,0B / 0B,0.00%,0B / 0B,0B / 0B
2025-12-04T22:40:16,torch-api,0.00%,0B / 0B,0.00%,0B / 0B,0B / 0B
2025-12-04T22:40:17,torch-api,0.00%,0B / 0B,0.00%,0B / 0B,0B / 0B
2025-12-04T22:40:18,torch-api,0.00%,0B / 0B,0.00%,0B / 0B,0B / 0B
2025-12-04T22:40:19,torch-api,0.00%,0B / 0B,0.00%,0B / 0B,0B / 0B
2025-12-04T22:40:19,torch-api,0.00%,0B / 0B,0.00%,0B / 0B,0B / 0B
2025-12-04T22:40:20,torch-api,0.00%,0B / 0B,0.00%,0B / 0B,0B / 0B
2025-12-04T22:40:21,torch-api,0.00%,0B / 0B,0.00%,0B / 0B,0B / 0B
2025-12-04T22:40:22,torch-api,0.00%,0B / 0B,0.00%,0B / 0B,0B / 0B
2025-12-04T22:40:23,torch-api,0.00%,0B / 0B,0.00%,0B / 0B,0B / 0B
2025-12-04T22:40:24,torch-api,0.00%,0B / 0B,0.00%,0B / 0B,0B / 0B
2025-12-04T22:40:24,torch-api,0.00%,0B / 0B,0.00%,0B / 0B,0B / 0B
2025-12-04T22:40:25,torch-api,0.00%,0B / 0B,0.00%,0B / 0B,0B / 0B
2025-12-04T22:40:26,torch-api,0.00%,0B / 0B,0.00%,0B / 0B,0B / 0B
2025-12-04T22:40:27,torch-api,0.00%,0B / 0B,0.00%,0B / 0B,0B / 0B
2025-12-04T22:40:28,torch-api,0.00%,0B / 0B,0.00%,0B / 0B,0B / 0B
2025-12-04T22:40:28,torch-api,0.00%,0B / 0B,0.00%,0B / 0B,0B / 0B
2025-12-04T22:40:29,torch-api,0.00%,0B / 0B,0.00%,0B / 0B,0B / 0B
2025-12-04T22:40:30,torch-api,0.00%,0B / 0B,0.00%,0B / 0B,0B / 0B
2025-12-04T22:40:31,torch-api,0.00%,0B / 0B,0.00%,0B / 0B,0B / 0B
2025-12-04T22:40:32,torch-api,0.00%,0B / 0B,0.00%,0B / 0B,0B / 0B
2025-12-04T22:40:33,torch-api,0.00%,0B / 0B,0.00%,0B / 0B,0B / 0B
2025-12-04T22:40:33,torch-api,0.00%,0B / 0B,0.00%,0B / 0B,0B / 0B
2025-12-04T22:40:34,torch-api,0.00%,0B / 0B,0.00%,0B / 0B,0B / 0B
2025-12-04T22:40:35,torch-api,0.00%,0B / 0B,0.00%,0B / 0B,0B / 0B
2025-12-04T22:40:36,torch-api,0.00%,0B / 0B,0.00%,0B / 0B,0B / 0B
2025-12-04T22:40:37,torch-api,0.00%,0B / 0B,0.00%,0B / 0B,0B / 0B
2025-12-04T22:40:38,torch-api,0.00%,0B / 0B,0.00%,0B / 0B,0B / 0B
2025-12-04T22:40:39,torch-api,0.00%,0B / 0B,0.00%,0B / 0B,0B / 0B
2025-12-04T22:40:40,torch-api,0.00%,0B / 0B,0.00%,0B / 0B,0B / 0B
2025-12-04T22:40:41,torch-api,0.00%,0B / 0B,0.00%,0B / 0B,0B / 0B
2025-12-04T22:40:41,torch-api,0.00%,0B / 0B,0.00%,0B / 0B,0B / 0B
2025-12-04T22:40:42,torch-api,0.00%,0B / 0B,0.00%,0B / 0B,0B / 0B
2025-12-04T22:40:43,torch-api,0.00%,0B / 0B,0.00%,0B / 0B,0B / 0B
2025-12-04T22:40:44,torch-api,0.00%,0B / 0B,0.00%,0B / 0B,0B / 0B
2025-12-04T22:40:45,torch-api,0.00%,0B / 0B,0.00%,0B / 0B,0B / 0B
2025-12-04T22:40:45,torch-api,0.00%,0B / 0B,0.00%,0B / 0B,0B / 0B
2025-12-04T22:40:46,torch-api,0.00%,0B / 0B,0.00%,0B / 0B,0B / 0B
2025-12-04T22:40:47,torch-api,0.00%,0B / 0B,0.00%,0B / 0B,0B / 0B
2025-12-04T22:40:48,torch-api,0.00%,0B / 0B,0.00%,0B / 0B,0B / 0B
2025-12-04T22:40:49,torch-api,0.00%,0B / 0B,0.00%,0B / 0B,0B / 0B
2025-12-04T22:40:50,torch-api,0.00%,0B / 0B,0.00%,0B / 0B,0B / 0B
2025-12-04T22:40:51,torch-api,0.00%,0B / 0B,0.00%,0B / 0B,0B / 0B
2025-12-04T22:40:52,torch-api,0.00%,0B / 0B,0.00%,0B / 0B,0B / 0B
2025-12-04T22:40:52,torch-api,0.00%,0B / 0B,0.00%,0B / 0B,0B / 0B
2025-12-04T22:40:53,torch-api,0.00%,0B / 0B,0.00%,0B / 0B,0B / 0B
2025-12-04T22:40:54,torch-api,0.00%,0B / 0B,0.00%,0B / 0B,0B / 0B
2025-12-04T22:40:55,torch-api,0.00%,0B / 0B,0.00%,0B / 0B,0B / 0B
2025-12-04T22:40:56,torch-api,0.00%,0B / 0B,0.00%,0B / 0B,0B / 0B
2025-12-04T22:40:57,torch-api,0.00%,0B / 0B,0.00%,0B / 0B,0B / 0B
2025-12-04T22:40:57,torch-api,0.00%,0B / 0B,0.00%,0B / 0B,0B / 0B
2025-12-04T22:40:58,torch-api,0.00%,0B / 0B,0.00%,0B / 0B,0B / 0B
2025-12-04T22:40:59,torch-api,0.00%,0B / 0B,0.00%,0B / 0B,0B / 0B
2025-12-04T22:41:00,torch-api,0.00%,0B / 0B,0.00%,0B / 0B,0B / 0B
2025-12-04T22:41:01,torch-api,0.00%,0B / 0B,0.00%,0B / 0B,0B / 0B
2025-12-04T22:41:02,torch-api,0.00%,0B / 0B,0.00%,0B / 0B,0B / 0B
2025-12-04T22:41:02,torch-api,0.00%,0B / 0B,0.00%,0B / 0B,0B / 0B
2025-12-04T22:41:03,torch-api,0.00%,0B / 0B,0.00%,0B / 0B,0B / 0B
2025-12-04T22:41:04,torch-api,0.00%,0B / 0B,0.00%,0B / 0B,0B / 0B
2025-12-04T22:41:05,torch-api,0.00%,0B / 0B,0.00%,0B / 0B,0B / 0B
2025-12-04T22:41:06,torch-api,0.00%,0B / 0B,0.00%,0B / 0B,0B / 0B
2025-12-04T22:41:07,torch-api,0.00%,0B / 0B,0.00%,0B / 0B,0B / 0B
2025-12-04T22:41:07,torch-api,0.00%,0B / 0B,0.00%,0B / 0B,0B / 0B
2025-12-04T22:41:08,torch-api,0.00%,0B / 0B,0.00%,0B / 0B,0B / 0B
2025-12-04T22:41:10,torch-api,0.00%,0B / 0B,0.00%,0B / 0B,0B / 0B
2025-12-04T22:41:10,torch-api,0.00%,0B / 0B,0.00%,0B / 0B,0B / 0B
2025-12-04T22:41:11,torch-api,0.00%,0B / 0B,0.00%,0B / 0B,0B / 0B
2025-12-04T22:41:12,torch-api,0.00%,0B / 0B,0.00%,0B / 0B,0B / 0B
2025-12-04T22:41:13,torch-api,0.00%,0B / 0B,0.00%,0B / 0B,0B / 0B
2025-12-04T22:41:14,torch-api,0.00%,0B / 0B,0.00%,0B / 0B,0B / 0B
2025-12-04T22:41:14,torch-api,0.00%,0B / 0B,0.00%,0B / 0B,0B / 0B
2025-12-04T22:41:15,torch-api,0.00%,0B / 0B,0.00%,0B / 0B,0B / 0B
2025-12-04T22:41:16,torch-api,0.00%,0B / 0B,0.00%,0B / 0B,0B / 0B
2025-12-04T22:41:17,torch-api,0.00%,0B / 0B,0.00%,0B / 0B,0B / 0B
2025-12-04T22:41:18,torch-api,0.00%,0B / 0B,0.00%,0B / 0B,0B / 0B
2025-12-04T22:41:19,torch-api,0.00%,0B / 0B,0.00%,0B / 0B,0B / 0B
2025-12-04T22:41:19,torch-api,0.00%,0B / 0B,0.00%,0B / 0B,0B / 0B
2025-12-04T22:41:20,torch-api,0.00%,0B / 0B,0.00%,0B / 0B,0B / 0B
2025-12-04T22:41:21,torch-api,0.00%,0B / 0B,0.00%,0B / 0B,0B / 0B
2025-12-04T22:41:22,torch-api,0.00%,0B / 0B,0.00%,0B / 0B,0B / 0B
2025-12-04T22:41:23,torch-api,0.00%,0B / 0B,0.00%,0B / 0B,0B / 0B
2025-12-04T22:41:24,torch-api,0.00%,0B / 0B,0.00%,0B / 0B,0B / 0B
2025-12-04T22:41:24,torch-api,0.00%,0B / 0B,0.00%,0B / 0B,0B / 0B
2025-12-04T22:41:25,torch-api,0.00%,0B / 0B,0.00%,0B / 0B,0B / 0B
2025-12-04T22:41:26,torch-api,0.00%,0B / 0B,0.00%,0B / 0B,0B / 0B
2025-12-04T22:41:27,torch-api,0.00%,0B / 0B,0.00%,0B / 0B,0B / 0B
2025-12-04T22:41:28,torch-api,0.00%,0B / 0B,0.00%,0B / 0B,0B / 0B
2025-12-04T22:41:29,torch-api,0.00%,0B / 0B,0.00%,0B / 0B,0B / 0B
2025-12-04T22:41:29,torch-api,0.00%,0B / 0B,0.00%,0B / 0B,0B / 0B
2025-12-04T22:41:30,torch-api,0.00%,0B / 0B,0.00%,0B / 0B,0B / 0B
2025-12-04T22:41:31,torch-api,0.00%,0B / 0B,0.00%,0B / 0B,0B / 0B
2025-12-04T22:41:32,torch-api,0.00%,0B / 0B,0.00%,0B / 0B,0B / 0B
2025-12-04T22:41:33,torch-api,0.00%,0B / 0B,0.00%,0B / 0B,0B / 0B
2025-12-04T22:41:34,torch-api,0.00%,0B / 0B,0.00%,0B / 0B,0B / 0B
2025-12-04T22:41:34,torch-api,0.00%,0B / 0B,0.00%,0B / 0B,0B / 0B
2025-12-04T22:41:35,torch-api,0.00%,0B / 0B,0.00%,0B / 0B,0B / 0B
2025-12-04T22:41:36,torch-api,0.00%,0B / 0B,0.00%,0B / 0B,0B / 0B
2025-12-04T22:41:37,torch-api,0.00%,0B / 0B,0.00%,0B / 0B,0B / 0B
2025-12-04T22:41:38,torch-api,0.00%,0B / 0B,0.00%,0B / 0B,0B / 0B
2025-12-04T22:41:38,torch-api,0.00%,0B / 0B,0.00%,0B / 0B,0B / 0B
2025-12-04T22:41:39,torch-api,0.00%,0B / 0B,0.00%,0B / 0B,0B / 0B
2025-12-04T22:41:40,torch-api,0.00%,0B / 0B,0.00%,0B / 0B,0B / 0B
2025-12-04T22:41:41,torch-api,0.00%,0B / 0B,0.00%,0B / 0B,0B / 0B
2025-12-04T22:41:42,torch-api,0.00%,0B / 0B,0.00%,0B / 0B,0B / 0B
2025-12-04T22:41:43,torch-api,0.00%,0B / 0B,0.00%,0B / 0B,0B / 0B
2025-12-04T22:41:44,torch-api,0.00%,0B / 0B,0.00%,0B / 0B,0B / 0B
2025-12-04T22:41:45,torch-api,0.00%,0B / 0B,0.00%,0B / 0B,0B / 0B
2025-12-04T22:41:46,torch-api,0.00%,0B / 0B,0.00%,0B / 0B,0B / 0B
2025-12-04T22:41:46,torch-api,0.00%,0B / 0B,0.00%,0B / 0B,0B / 0B
2025-12-04T22:41:47,torch-api,0.00%,0B / 0B,0.00%,0B / 0B,0B / 0B
2025-12-04T22:41:48,torch-api,0.00%,0B / 0B,0.00%,0B / 0B,0B / 0B
2025-12-04T22:41:49,torch-api,0.00%,0B / 0B,0.00%,0B / 0B,0B / 0B
2025-12-04T22:41:50,torch-api,0.00%,0B / 0B,0.00%,0B / 0B,0B / 0B
2025-12-04T22:41:51,torch-api,0.00%,0B / 0B,0.00%,0B / 0B,0B / 0B
2025-12-04T22:41:51,torch-api,0.00%,0B / 0B,0.00%,0B / 0B,0B / 0B
2025-12-04T22:41:52,torch-api,0.00%,0B / 0B,0.00%,0B / 0B,0B / 0B
2025-12-04T22:41:53,torch-api,0.00%,0B / 0B,0.00%,0B / 0B,0B / 0B
2025-12-04T22:41:54,torch-api,0.00%,0B / 0B,0.00%,0B / 0B,0B / 0B
2025-12-04T22:41:54,torch-api,0.00%,0B / 0B,0.00%,0B / 0B,0B / 0B
2025-12-04T22:41:55,torch-api,0.00%,0B / 0B,0.00%,0B / 0B,0B / 0B
2025-12-04T22:41:56,torch-api,0.00%,0B / 0B,0.00%,0B / 0B,0B / 0B
2025-12-04T22:41:57,torch-api,0.00%,0B / 0B,0.00%,0B / 0B,0B / 0B
2025-12-04T22:41:58,torch-api,0.00%,0B / 0B,0.00%,0B / 0B,0B / 0B
2025-12-04T22:41:59,torch-api,0.00%,0B / 0B,0.00%,0B / 0B,0B / 0B
2025-12-04T22:41:59,torch-api,0.00%,0B / 0B,0.00%,0B / 0B,0B / 0B
2025-12-04T22:42:00,torch-api,0.00%,0B / 0B,0.00%,0B / 0B,0B / 0B
2025-12-04T22:42:01,torch-api,0.00%,0B / 0B,0.00%,0B / 0B,0B / 0B
2025-12-04T22:42:02,torch-api,0.00%,0B / 0B,0.00%,0B / 0B,0B / 0B
2025-12-04T22:42:03,torch-api,0.00%,0B / 0B,0.00%,0B / 0B,0B / 0B
2025-12-04T22:42:03,torch-api,0.00%,0B / 0B,0.00%,0B / 0B,0B / 0B
2025-12-04T22:42:04,torch-api,0.00%,0B / 0B,0.00%,0B / 0B,0B / 0B
2025-12-04T22:42:05,torch-api,0.00%,0B / 0B,0.00%,0B / 0B,0B / 0B
2025-12-04T22:42:06,torch-api,0.00%,0B / 0B,0.00%,0B / 0B,0B / 0B
2025-12-04T22:42:07,torch-api,0.00%,0B / 0B,0.00%,0B / 0B,0B / 0B
2025-12-04T22:42:08,torch-api,0.00%,0B / 0B,0.00%,0B / 0B,0B / 0B
2025-12-04T22:42:08,torch-api,0.00%,0B / 0B,0.00%,0B / 0B,0B / 0B
2025-12-04T22:42:09,torch-api,0.00%,0B / 0B,0.00%,0B / 0B,0B / 0B
2025-12-04T22:42:10,torch-api,0.00%,0B / 0B,0.00%,0B / 0B,0B / 0B
2025-12-04T22:42:11,torch-api,0.00%,0B / 0B,0.00%,0B / 0B,0B / 0B
2025-12-04T22:42:12,torch-api,0.00%,0B / 0B,0.00%,0B / 0B,0B / 0B
2025-12-04T22:42:12,torch-api,0.00%,0B / 0B,0.00%,0B / 0B,0B / 0B
2025-12-04T22:42:13,torch-api,0.00%,0B / 0B,0.00%,0B / 0B,0B / 0B
2025-12-04T22:42:14,torch-api,0.00%,0B / 0B,0.00%,0B / 0B,0B / 0B
2025-12-04T22:42:15,torch-api,0.00%,0B / 0B,0.00%,0B / 0B,0B / 0B
2025-12-04T22:42:16,torch-api,0.00%,0B / 0B,0.00%,0B / 0B,0B / 0B
2025-12-04T22:42:17,torch-api,0.00%,0B / 0B,0.00%,0B / 0B,0B / 0B
2025-12-04T22:42:18,torch-api,0.00%,0B / 0B,0.00%,0B / 0B,0B / 0B
2025-12-04T22:42:19,torch-api,0.00%,0B / 0B,0.00%,0B / 0B,0B / 0B
2025-12-04T22:42:20,torch-api,0.00%,0B / 0B,0.00%,0B / 0B,0B / 0B
2025-12-04T22:42:21,torch-api,0.00%,0B / 0B,0.00%,0B / 0B,0B / 0B
2025-12-04T22:42:21,torch-api,0.00%,0B / 0B,0.00%,0B / 0B,0B / 0B
2025-12-04T22:42:22,torch-api,0.00%,0B / 0B,0.00%,0B / 0B,0B / 0B
2025-12-04T22:42:23,torch-api,0.00%,0B / 0B,0.00%,0B / 0B,0B / 0B
2025-12-04T22:42:24,torch-api,0.00%,0B / 0B,0.00%,0B / 0B,0B / 0B
2025-12-04T22:42:24,torch-api,0.00%,0B / 0B,0.00%,0B / 0B,0B / 0B
2025-12-04T22:42:26,torch-api,0.00%,0B / 0B,0.00%,0B / 0B,0B / 0B
2025-12-04T22:42:26,torch-api,0.00%,0B / 0B,0.00%,0B / 0B,0B / 0B
2025-12-04T22:42:27,torch-api,0.00%,0B / 0B,0.00%,0B / 0B,0B / 0B
2025-12-04T22:42:28,torch-api,0.00%,0B / 0B,0.00%,0B / 0B,0B / 0B
2025-12-04T22:42:29,torch-api,0.00%,0B / 0B,0.00%,0B / 0B,0B / 0B
2025-12-04T22:42:29,torch-api,0.00%,0B / 0B,0.00%,0B / 0B,0B / 0B
2025-12-04T22:42:30,torch-api,0.00%,0B / 0B,0.00%,0B / 0B,0B / 0B
2025-12-04T22:42:31,torch-api,0.00%,0B / 0B,0.00%,0B / 0B,0B / 0B
2025-12-04T22:42:32,torch-api,0.00%,0B / 0B,0.00%,0B / 0B,0B / 0B
2025-12-04T22:42:33,torch-api,0.00%,0B / 0B,0.00%,0B / 0B,0B / 0B
2025-12-04T22:42:34,torch-api,0.00%,0B / 0B,0.00%,0B / 0B,0B / 0B
2025-12-04T22:42:34,torch-api,0.00%,0B / 0B,0.00%,0B / 0B,0B / 0B
2025-12-04T22:42:35,torch-api,0.00%,0B / 0B,0.00%,0B / 0B,0B / 0B
2025-12-04T22:42:36,torch-api,0.00%,0B / 0B,0.00%,0B / 0B,0B / 0B
2025-12-04T22:42:37,torch-api,0.00%,0B / 0B,0.00%,0B / 0B,0B / 0B
2025-12-04T22:42:38,torch-api,0.00%,0B / 0B,0.00%,0B / 0B,0B / 0B
2025-12-04T22:42:39,torch-api,0.00%,0B / 0B,0.00%,0B / 0B,0B / 0B
2025-12-04T22:42:39,torch-api,0.00%,0B / 0B,0.00%,0B / 0B,0B / 0B
2025-12-04T22:42:40,torch-api,0.00%,0B / 0B,0.00%,0B / 0B,0B / 0B
2025-12-04T22:42:41,torch-api,0.00%,0B / 0B,0.00%,0B / 0B,0B / 0B
2025-12-04T22:42:42,torch-api,0.00%,0B / 0B,0.00%,0B / 0B,0B / 0B
2025-12-04T22:42:43,torch-api,0.00%,0B / 0B,0.00%,0B / 0B,0B / 0B
2025-12-04T22:42:43,torch-api,0.00%,0B / 0B,0.00%,0B / 0B,0B / 0B
2025-12-04T22:42:44,torch-api,0.00%,0B / 0B,0.00%,0B / 0B,0B / 0B
2025-12-04T22:42:45,torch-api,0.00%,0B / 0B,0.00%,0B / 0B,0B / 0B
2025-12-04T22:42:46,torch-api,0.00%,0B / 0B,0.00%,0B / 0B,0B / 0B
2025-12-04T22:42:47,torch-api,0.00%,0B / 0B,0.00%,0B / 0B,0B / 0B
2025-12-04T22:42:48,torch-api,0.00%,0B / 0B,0.00%,0B / 0B,0B / 0B
2025-12-04T22:42:49,torch-api,0.00%,0B / 0B,0.00%,0B / 0B,0B / 0B
2025-12-04T22:42:50,torch-api,0.00%,0B / 0B,0.00%,0B / 0B,0B / 0B
2025-12-04T22:42:51,torch-api,0.00%,0B / 0B,0.00%,0B / 0B,0B / 0B
2025-12-04T22:42:51,torch-api,0.00%,0B / 0B,0.00%,0B / 0B,0B / 0B
2025-12-04T22:42:52,torch-api,0.00%,0B / 0B,0.00%,0B / 0B,0B / 0B
2025-12-04T22:42:53,torch-api,0.00%,0B / 0B,0.00%,0B / 0B,0B / 0B
2025-12-04T22:42:54,torch-api,0.00%,0B / 0B,0.00%,0B / 0B,0B / 0B
2025-12-04T22:42:55,torch-api,0.00%,0B / 0B,0.00%,0B / 0B,0B / 0B
2025-12-04T22:42:56,torch-api,0.00%,0B / 0B,0.00%,0B / 0B,0B / 0B
2025-12-04T22:42:56,torch-api,0.00%,0B / 0B,0.00%,0B / 0B,0B / 0B
2025-12-04T22:42:57,torch-api,0.00%,0B / 0B,0.00%,0B / 0B,0B / 0B
2025-12-04T22:42:58,torch-api,0.00%,0B / 0B,0.00%,0B / 0B,0B / 0B
2025-12-04T22:42:59,torch-api,0.00%,0B / 0B,0.00%,0B / 0B,0B / 0B
2025-12-04T22:43:00,torch-api,0.00%,0B / 0B,0.00%,0B / 0B,0B / 0B
2025-12-04T22:43:01,torch-api,0.00%,0B / 0B,0.00%,0B / 0B,0B / 0B
2025-12-04T22:43:01,torch-api,0.00%,0B / 0B,0.00%,0B / 0B,0B / 0B
2025-12-04T22:43:02,torch-api,0.00%,0B / 0B,0.00%,0B / 0B,0B / 0B
2025-12-04T22:43:03,torch-api,0.00%,0B / 0B,0.00%,0B / 0B,0B / 0B
2025-12-04T22:43:04,torch-api,0.00%,0B / 0B,0.00%,0B / 0B,0B / 0B
2025-12-04T22:43:05,torch-api,0.00%,0B / 0B,0.00%,0B / 0B,0B / 0B
2025-12-04T22:43:05,torch-api,0.00%,0B / 0B,0.00%,0B / 0B,0B / 0B
2025-12-04T22:43:06,torch-api,0.00%,0B / 0B,0.00%,0B / 0B,0B / 0B
2025-12-04T22:43:07,torch-api,0.00%,0B / 0B,0.00%,0B / 0B,0B / 0B
2025-12-04T22:43:08,torch-api,0.00%,0B / 0B,0.00%,0B / 0B,0B / 0B
2025-12-04T22:43:09,torch-api,0.00%,0B / 0B,0.00%,0B / 0B,0B / 0B
2025-12-04T22:43:10,torch-api,0.00%,0B / 0B,0.00%,0B / 0B,0B / 0B
2025-12-04T22:43:10,torch-api,0.00%,0B / 0B,0.00%,0B / 0B,0B / 0B
2025-12-04T22:43:11,torch-api,0.00%,0B / 0B,0.00%,0B / 0B,0B / 0B
2025-12-04T22:43:12,torch-api,0.00%,0B / 0B,0.00%,0B / 0B,0B / 0B
2025-12-04T22:43:13,torch-api,0.00%,0B / 0B,0.00%,0B / 0B,0B / 0B
2025-12-04T22:43:14,torch-api,0.00%,0B / 0B,0.00%,0B / 0B,0B / 0B
2025-12-04T22:43:15,torch-api,0.00%,0B / 0B,0.00%,0B / 0B,0B / 0B
2025-12-04T22:43:15,torch-api,0.00%,0B / 0B,0.00%,0B / 0B,0B / 0B
2025-12-04T22:43:16,torch-api,0.00%,0B / 0B,0.00%,0B / 0B,0B / 0B
2025-12-04T22:43:17,torch-api,0.00%,0B / 0B,0.00%,0B / 0B,0B / 0B
2025-12-04T22:43:18,torch-api,0.00%,0B / 0B,0.00%,0B / 0B,0B / 0B
2025-12-04T22:43:19,torch-api,0.00%,0B / 0B,0.00%,0B / 0B,0B / 0B
2025-12-04T22:43:19,torch-api,0.00%,0B / 0B,0.00%,0B / 0B,0B / 0B
2025-12-04T22:43:21,torch-api,0.00%,0B / 0B,0.00%,0B / 0B,0B / 0B
2025-12-04T22:43:22,torch-api,0.00%,0B / 0B,0.00%,0B / 0B,0B / 0B
2025-12-04T22:43:23,torch-api,0.00%,0B / 0B,0.00%,0B / 0B,0B / 0B
2025-12-04T22:43:23,torch-api,0.00%,0B / 0B,0.00%,0B / 0B,0B / 0B
2025-12-04T22:43:24,torch-api,0.00%,0B / 0B,0.00%,0B / 0B,0B / 0B
2025-12-04T22:43:25,torch-api,0.00%,0B / 0B,0.00%,0B / 0B,0B / 0B
2025-12-04T22:43:26,torch-api,0.00%,0B / 0B,0.00%,0B / 0B,0B / 0B
2025-12-04T22:43:27,torch-api,0.00%,0B / 0B,0.00%,0B / 0B,0B / 0B
2025-12-04T22:43:28,torch-api,0.00%,0B / 0B,0.00%,0B / 0B,0B / 0B
2025-12-04T22:43:28,torch-api,0.00%,0B / 0B,0.00%,0B / 0B,0B / 0B
2025-12-04T22:43:29,torch-api,0.00%,0B / 0B,0.00%,0B / 0B,0B / 0B
2025-12-04T22:43:30,torch-api,0.00%,0B / 0B,0.00%,0B / 0B,0B / 0B
2025-12-04T22:43:32,torch-api,0.00%,0B / 0B,0.00%,0B / 0B,0B / 0B
2025-12-04T22:43:32,torch-api,0.00%,0B / 0B,0.00%,0B / 0B,0B / 0B
2025-12-04T22:43:34,torch-api,0.00%,0B / 0B,0.00%,0B / 0B,0B / 0B
2025-12-04T22:43:35,torch-api,0.00%,0B / 0B,0.00%,0B / 0B,0B / 0B
2025-12-04T22:43:36,torch-api,0.00%,0B / 0B,0.00%,0B / 0B,0B / 0B
2025-12-04T22:43:37,torch-api,0.00%,0B / 0B,0.00%,0B / 0B,0B / 0B
2025-12-04T22:43:38,torch-api,0.00%,0B / 0B,0.00%,0B / 0B,0B / 0B
2025-12-04T22:43:39,torch-api,0.00%,0B / 0B,0.00%,0B / 0B,0B / 0B
2025-12-04T22:43:40,torch-api,0.00%,0B / 0B,0.00%,0B / 0B,0B / 0B
2025-12-04T22:43:40,torch-api,0.00%,0B / 0B,0.00%,0B / 0B,0B / 0B
2025-12-04T22:43:41,torch-api,0.00%,0B / 0B,0.00%,0B / 0B,0B / 0B
2025-12-04T22:43:42,torch-api,0.00%,0B / 0B,0.00%,0B / 0B,0B / 0B
2025-12-04T22:43:43,torch-api,0.00%,0B / 0B,0.00%,0B / 0B,0B / 0B
2025-12-04T22:43:44,torch-api,0.00%,0B / 0B,0.00%,0B / 0B,0B / 0B
2025-12-04T22:43:45,torch-api,0.00%,0B / 0B,0.00%,0B / 0B,0B / 0B
2025-12-04T22:43:45,torch-api,0.00%,0B / 0B,0.00%,0B / 0B,0B / 0B
2025-12-04T22:43:46,torch-api,0.00%,0B / 0B,0.00%,0B / 0B,0B / 0B
2025-12-04T22:43:47,torch-api,0.00%,0B / 0B,0.00%,0B / 0B,0B / 0B
2025-12-04T22:43:48,torch-api,0.00%,0B / 0B,0.00%,0B / 0B,0B / 0B
2025-12-04T22:43:49,torch-api,0.00%,0B / 0B,0.00%,0B / 0B,0B / 0B
2025-12-04T22:43:50,torch-api,0.00%,0B / 0B,0.00%,0B / 0B,0B / 0B
2025-12-04T22:43:50,torch-api,0.00%,0B / 0B,0.00%,0B / 0B,0B / 0B
2025-12-04T22:43:51,torch-api,0.00%,0B / 0B,0.00%,0B / 0B,0B / 0B
2025-12-04T22:43:52,torch-api,0.00%,0B / 0B,0.00%,0B / 0B,0B / 0B
2025-12-04T22:43:53,torch-api,0.00%,0B / 0B,0.00%,0B / 0B,0B / 0B
2025-12-04T22:43:54,torch-api,0.00%,0B / 0B,0.00%,0B / 0B,0B / 0B
2025-12-04T22:43:55,torch-api,0.00%,0B / 0B,0.00%,0B / 0B,0B / 0B
2025-12-04T22:43:56,torch-api,0.00%,0B / 0B,0.00%,0B / 0B,0B / 0B
2025-12-04T22:43:56,torch-api,0.00%,0B / 0B,0.00%,0B / 0B,0B / 0B
2025-12-04T22:43:57,torch-api,0.00%,0B / 0B,0.00%,0B / 0B,0B / 0B
2025-12-04T22:43:58,torch-api,0.00%,0B / 0B,0.00%,0B / 0B,0B / 0B
2025-12-04T22:43:59,torch-api,0.00%,0B / 0B,0.00%,0B / 0B,0B / 0B
2025-12-04T22:44:00,torch-api,0.00%,0B / 0B,0.00%,0B / 0B,0B / 0B
2025-12-04T22:44:01,torch-api,0.00%,0B / 0B,0.00%,0B / 0B,0B / 0B
2025-12-04T22:44:02,torch-api,0.00%,0B / 0B,0.00%,0B / 0B,0B / 0B
2025-12-04T22:44:03,torch-api,0.00%,0B / 0B,0.00%,0B / 0B,0B / 0B
2025-12-04T22:44:05,torch-api,0.00%,0B / 0B,0.00%,0B / 0B,0B / 0B
2025-12-04T22:44:06,torch-api,0.00%,0B / 0B,0.00%,0B / 0B,0B / 0B
2025-12-04T22:44:07,torch-api,0.00%,0B / 0B,0.00%,0B / 0B,0B / 0B
2025-12-04T22:44:08,torch-api,0.00%,0B / 0B,0.00%,0B / 0B,0B / 0B
2025-12-04T22:44:09,torch-api,0.00%,0B / 0B,0.00%,0B / 0B,0B / 0B
2025-12-04T22:44:09,torch-api,0.00%,0B / 0B,0.00%,0B / 0B,0B / 0B
2025-12-04T22:44:10,torch-api,0.00%,0B / 0B,0.00%,0B / 0B,0B / 0B
2025-12-04T22:44:11,torch-api,0.00%,0B / 0B,0.00%,0B / 0B,0B / 0B
2025-12-04T22:44:12,torch-api,0.00%,0B / 0B,0.00%,0B / 0B,0B / 0B
2025-12-04T22:44:13,torch-api,0.00%,0B / 0B,0.00%,0B / 0B,0B / 0B
2025-12-04T22:44:14,torch-api,0.00%,0B / 0B,0.00%,0B / 0B,0B / 0B
2025-12-04T22:44:14,torch-api,0.00%,0B / 0B,0.00%,0B / 0B,0B / 0B
2025-12-04T22:44:15,torch-api,0.00%,0B / 0B,0.00%,0B / 0B,0B / 0B
2025-12-04T22:44:16,torch-api,0.00%,0B / 0B,0.00%,0B / 0B,0B / 0B
2025-12-04T22:44:17,torch-api,0.00%,0B / 0B,0.00%,0B / 0B,0B / 0B
2025-12-04T22:44:18,torch-api,0.00%,0B / 0B,0.00%,0B / 0B,0B / 0B
2025-12-04T22:44:19,torch-api,0.00%,0B / 0B,0.00%,0B / 0B,0B / 0B
2025-12-04T22:44:19,torch-api,0.00%,0B / 0B,0.00%,0B / 0B,0B / 0B
2025-12-04T22:44:20,torch-api,0.00%,0B / 0B,0.00%,0B / 0B,0B / 0B
2025-12-04T22:44:21,torch-api,0.00%,0B / 0B,0.00%,0B / 0B,0B / 0B
2025-12-04T22:44:22,torch-api,0.00%,0B / 0B,0.00%,0B / 0B,0B / 0B
2025-12-04T22:44:23,torch-api,0.00%,0B / 0B,0.00%,0B / 0B,0B / 0B
2025-12-04T22:44:24,torch-api,0.00%,0B / 0B,0.00%,0B / 0B,0B / 0B
2025-12-04T22:44:24,torch-api,0.00%,0B / 0B,0.00%,0B / 0B,0B / 0B
2025-12-04T22:44:25,torch-api,0.00%,0B / 0B,0.00%,0B / 0B,0B / 0B
2025-12-04T22:44:26,torch-api,0.00%,0B / 0B,0.00%,0B / 0B,0B / 0B
2025-12-04T22:44:28,torch-api,0.00%,0B / 0B,0.00%,0B / 0B,0B / 0B
2025-12-04T22:44:28,torch-api,0.00%,0B / 0B,0.00%,0B / 0B,0B / 0B
2025-12-04T22:44:29,torch-api,0.00%,0B / 0B,0.00%,0B / 0B,0B / 0B
2025-12-04T22:44:30,torch-api,0.00%,0B / 0B,0.00%,0B / 0B,0B / 0B
2025-12-04T22:44:31,torch-api,0.00%,0B / 0B,0.00%,0B / 0B,0B / 0B
2025-12-04T22:44:31,torch-api,0.00%,0B / 0B,0.00%,0B / 0B,0B / 0B
2025-12-04T22:44:33,torch-api,0.00%,0B / 0B,0.00%,0B / 0B,0B / 0B
2025-12-04T22:44:33,torch-api,0.00%,0B / 0B,0.00%,0B / 0B,0B / 0B
2025-12-04T22:44:34,torch-api,0.00%,0B / 0B,0.00%,0B / 0B,0B / 0B
2025-12-04T22:44:35,torch-api,0.00%,0B / 0B,0.00%,0B / 0B,0B / 0B
2025-12-04T22:44:36,torch-api,0.00%,0B / 0B,0.00%,0B / 0B,0B / 0B
2025-12-04T22:44:36,torch-api,0.00%,0B / 0B,0.00%,0B / 0B,0B / 0B
2025-12-04T22:44:37,torch-api,0.00%,0B / 0B,0.00%,0B / 0B,0B / 0B
2025-12-04T22:44:38,torch-api,0.00%,0B / 0B,0.00%,0B / 0B,0B / 0B
2025-12-04T22:44:40,torch-api,0.00%,0B / 0B,0.00%,0B / 0B,0B / 0B
2025-12-04T22:44:40,torch-api,0.00%,0B / 0B,0.00%,0B / 0B,0B / 0B
2025-12-04T22:44:42,torch-api,0.00%,0B / 0B,0.00%,0B / 0B,0B / 0B
2025-12-04T22:44:42,torch-api,0.00%,0B / 0B,0.00%,0B / 0B,0B / 0B
2025-12-04T22:44:45,torch-api,0.00%,0B / 0B,0.00%,0B / 0B,0B / 0B
2025-12-04T22:44:45,torch-api,0.00%,0B / 0B,0.00%,0B / 0B,0B / 0B
2025-12-04T22:44:47,torch-api,0.00%,0B / 0B,0.00%,0B / 0B,0B / 0B
2025-12-04T22:44:47,torch-api,0.00%,0B / 0B,0.00%,0B / 0B,0B / 0B
2025-12-04T22:44:48,torch-api,0.00%,0B / 0B,0.00%,0B / 0B,0B / 0B
2025-12-04T22:44:48,torch-api,0.00%,0B / 0B,0.00%,0B / 0B,0B / 0B
2025-12-04T22:44:50,torch-api,0.00%,0B / 0B,0.00%,0B / 0B,0B / 0B
2025-12-04T22:44:50,torch-api,0.00%,0B / 0B,0.00%,0B / 0B,0B / 0B
2025-12-04T22:44:52,torch-api,0.00%,0B / 0B,0.00%,0B / 0B,0B / 0B
2025-12-04T22:44:52,torch-api,0.00%,0B / 0B,0.00%,0B / 0B,0B / 0B
2025-12-04T22:44:53,torch-api,0.00%,0B / 0B,0.00%,0B / 0B,0B / 0B
2025-12-04T22:44:53,torch-api,0.00%,0B / 0B,0.00%,0B / 0B,0B / 0B
2025-12-04T22:44:55,torch-api,0.00%,0B / 0B,0.00%,0B / 0B,0B / 0B
2025-12-04T22:44:55,torch-api,0.00%,0B / 0B,0.00%,0B / 0B,0B / 0B
2025-12-04T22:44:57,torch-api,0.00%,0B / 0B,0.00%,0B / 0B,0B / 0B
2025-12-04T22:44:57,torch-api,0.00%,0B / 0B,0.00%,0B / 0B,0B / 0B
2025-12-04T22:44:58,torch-api,0.00%,0B / 0B,0.00%,0B / 0B,0B / 0B
2025-12-04T22:44:58,torch-api,0.00%,0B / 0B,0.00%,0B / 0B,0B / 0B
2025-12-04T22:45:00,torch-api,0.00%,0B / 0B,0.00%,0B / 0B,0B / 0B
2025-12-04T22:45:00,torch-api,0.00%,0B / 0B,0.00%,0B / 0B,0B / 0B
2025-12-04T22:45:02,torch-api,0.00%,0B / 0B,0.00%,0B / 0B,0B / 0B
2025-12-04T22:45:02,torch-api,0.00%,0B / 0B,0.00%,0B / 0B,0B / 0B
2025-12-04T22:45:04,torch-api,0.00%,0B / 0B,0.00%,0B / 0B,0B / 0B
2025-12-04T22:45:04,torch-api,0.00%,0B / 0B,0.00%,0B / 0B,0B / 0B
2025-12-04T22:45:05,torch-api,0.00%,0B / 0B,0.00%,0B / 0B,0B / 0B
2025-12-04T22:45:05,torch-api,0.00%,0B / 0B,0.00%,0B / 0B,0B / 0B
2025-12-04T22:45:07,torch-api,0.00%,0B / 0B,0.00%,0B / 0B,0B / 0B
2025-12-04T22:45:07,torch-api,0.00%,0B / 0B,0.00%,0B / 0B,0B / 0B
2025-12-04T22:45:08,torch-api,0.00%,0B / 0B,0.00%,0B / 0B,0B / 0B
2025-12-04T22:45:08,torch-api,0.00%,0B / 0B,0.00%,0B / 0B,0B / 0B
2025-12-04T22:45:10,torch-api,0.00%,0B / 0B,0.00%,0B / 0B,0B / 0B
2025-12-04T22:45:10,torch-api,0.00%,0B / 0B,0.00%,0B / 0B,0B / 0B
2025-12-04T22:45:12,torch-api,0.00%,0B / 0B,0.00%,0B / 0B,0B / 0B
2025-12-04T22:45:12,torch-api,0.00%,0B / 0B,0.00%,0B / 0B,0B / 0B
2025-12-04T22:45:13,torch-api,0.00%,0B / 0B,0.00%,0B / 0B,0B / 0B
2025-12-04T22:45:13,torch-api,0.00%,0B / 0B,0.00%,0B / 0B,0B / 0B
2025-12-04T22:45:15,torch-api,0.00%,0B / 0B,0.00%,0B / 0B,0B / 0B
2025-12-04T22:45:15,torch-api,0.00%,0B / 0B,0.00%,0B / 0B,0B / 0B
2025-12-04T22:45:17,torch-api,0.00%,0B / 0B,0.00%,0B / 0B,0B / 0B
2025-12-04T22:45:17,torch-api,0.00%,0B / 0B,0.00%,0B / 0B,0B / 0B
2025-12-04T22:45:18,torch-api,0.00%,0B / 0B,0.00%,0B / 0B,0B / 0B
2025-12-04T22:45:18,torch-api,0.00%,0B / 0B,0.00%,0B / 0B,0B / 0B
2025-12-04T22:45:20,torch-api,0.00%,0B / 0B,0.00%,0B / 0B,0B / 0B
2025-12-04T22:45:20,torch-api,0.00%,0B / 0B,0.00%,0B / 0B,0B / 0B
2025-12-04T22:45:21,torch-api,0.00%,0B / 0B,0.00%,0B / 0B,0B / 0B
2025-12-04T22:45:21,torch-api,0.00%,0B / 0B,0.00%,0B / 0B,0B / 0B
2025-12-04T22:45:23,torch-api,0.00%,0B / 0B,0.00%,0B / 0B,0B / 0B
2025-12-04T22:45:23,torch-api,0.00%,0B / 0B,0.00%,0B / 0B,0B / 0B
2025-12-04T22:45:25,torch-api,0.00%,0B / 0B,0.00%,0B / 0B,0B / 0B
2025-12-04T22:45:25,torch-api,0.00%,0B / 0B,0.00%,0B / 0B,0B / 0B
2025-12-04T22:45:26,torch-api,0.00%,0B / 0B,0.00%,0B / 0B,0B / 0B
2025-12-04T22:45:26,torch-api,0.00%,0B / 0B,0.00%,0B / 0B,0B / 0B
2025-12-04T22:45:28,torch-api,0.00%,0B / 0B,0.00%,0B / 0B,0B / 0B
2025-12-04T22:45:28,torch-api,0.00%,0B / 0B,0.00%,0B / 0B,0B / 0B
2025-12-04T22:45:29,torch-api,0.00%,0B / 0B,0.00%,0B / 0B,0B / 0B
2025-12-04T22:45:29,torch-api,0.00%,0B / 0B,0.00%,0B / 0B,0B / 0B
2025-12-04T22:45:31,torch-api,0.00%,0B / 0B,0.00%,0B / 0B,0B / 0B
2025-12-04T22:45:31,torch-api,0.00%,0B / 0B,0.00%,0B / 0B,0B / 0B
2025-12-04T22:45:33,torch-api,0.00%,0B / 0B,0.00%,0B / 0B,0B / 0B
2025-12-04T22:45:33,torch-api,0.00%,0B / 0B,0.00%,0B / 0B,0B / 0B
2025-12-04T22:45:35,torch-api,0.00%,0B / 0B,0.00%,0B / 0B,0B / 0B
2025-12-04T22:45:35,torch-api,0.00%,0B / 0B,0.00%,0B / 0B,0B / 0B
2025-12-04T22:45:36,torch-api,0.00%,0B / 0B,0.00%,0B / 0B,0B / 0B
2025-12-04T22:45:36,torch-api,0.00%,0B / 0B,0.00%,0B / 0B,0B / 0B
2025-12-04T22:45:38,torch-api,0.00%,0B / 0B,0.00%,0B / 0B,0B / 0B
2025-12-04T22:45:38,torch-api,0.00%,0B / 0B,0.00%,0B / 0B,0B / 0B
2025-12-04T22:45:40,torch-api,0.00%,0B / 0B,0.00%,0B / 0B,0B / 0B
2025-12-04T22:45:40,torch-api,0.00%,0B / 0B,0.00%,0B / 0B,0B / 0B
2025-12-04T22:45:41,torch-api,0.00%,0B / 0B,0.00%,0B / 0B,0B / 0B
2025-12-04T22:45:41,torch-api,0.00%,0B / 0B,0.00%,0B / 0B,0B / 0B
2025-12-04T22:45:43,torch-api,0.00%,0B / 0B,0.00%,0B / 0B,0B / 0B
2025-12-04T22:45:43,torch-api,0.00%,0B / 0B,0.00%,0B / 0B,0B / 0B
2025-12-04T22:45:44,torch-api,0.00%,0B / 0B,0.00%,0B / 0B,0B / 0B
2025-12-04T22:45:44,torch-api,0.00%,0B / 0B,0.00%,0B / 0B,0B / 0B
2025-12-04T22:45:46,torch-api,0.00%,0B / 0B,0.00%,0B / 0B,0B / 0B
2025-12-04T22:45:46,torch-api,0.00%,0B / 0B,0.00%,0B / 0B,0B / 0B
2025-12-04T22:45:47,torch-api,0.00%,0B / 0B,0.00%,0B / 0B,0B / 0B
2025-12-04T22:45:47,torch-api,0.00%,0B / 0B,0.00%,0B / 0B,0B / 0B
2025-12-04T22:45:49,torch-api,0.00%,0B / 0B,0.00%,0B / 0B,0B / 0B
2025-12-04T22:45:49,torch-api,0.00%,0B / 0B,0.00%,0B / 0B,0B / 0B
2025-12-04T22:45:51,torch-api,0.00%,0B / 0B,0.00%,0B / 0B,0B / 0B
2025-12-04T22:45:51,torch-api,0.00%,0B / 0B,0.00%,0B / 0B,0B / 0B
2025-12-04T22:45:52,torch-api,0.00%,0B / 0B,0.00%,0B / 0B,0B / 0B
2025-12-04T22:45:52,torch-api,0.00%,0B / 0B,0.00%,0B / 0B,0B / 0B
2025-12-04T22:45:54,torch-api,0.00%,0B / 0B,0.00%,0B / 0B,0B / 0B
2025-12-04T22:45:54,torch-api,0.00%,0B / 0B,0.00%,0B / 0B,0B / 0B
2025-12-04T22:45:55,torch-api,0.00%,0B / 0B,0.00%,0B / 0B,0B / 0B
2025-12-04T22:45:55,torch-api,0.00%,0B / 0B,0.00%,0B / 0B,0B / 0B
2025-12-04T22:45:57,torch-api,0.00%,0B / 0B,0.00%,0B / 0B,0B / 0B
2025-12-04T22:45:57,torch-api,0.00%,0B / 0B,0.00%,0B / 0B,0B / 0B
2025-12-04T22:45:59,torch-api,0.00%,0B / 0B,0.00%,0B / 0B,0B / 0B
2025-12-04T22:45:59,torch-api,0.00%,0B / 0B,0.00%,0B / 0B,0B / 0B
2025-12-04T22:46:00,torch-api,0.00%,0B / 0B,0.00%,0B / 0B,0B / 0B
2025-12-04T22:46:00,torch-api,0.00%,0B / 0B,0.00%,0B / 0B,0B / 0B
2025-12-04T22:46:02,torch-api,0.00%,0B / 0B,0.00%,0B / 0B,0B / 0B
2025-12-04T22:46:02,torch-api,0.00%,0B / 0B,0.00%,0B / 0B,0B / 0B
2025-12-04T22:46:03,torch-api,0.00%,0B / 0B,0.00%,0B / 0B,0B / 0B
2025-12-04T22:46:03,torch-api,0.00%,0B / 0B,0.00%,0B / 0B,0B / 0B
2025-12-04T22:46:06,torch-api,0.00%,0B / 0B,0.00%,0B / 0B,0B / 0B
2025-12-04T22:46:06,torch-api,0.00%,0B / 0B,0.00%,0B / 0B,0B / 0B
2025-12-04T22:46:07,torch-api,0.00%,0B / 0B,0.00%,0B / 0B,0B / 0B
2025-12-04T22:46:07,torch-api,0.00%,0B / 0B,0.00%,0B / 0B,0B / 0B
2025-12-04T22:46:09,torch-api,0.00%,0B / 0B,0.00%,0B / 0B,0B / 0B
2025-12-04T22:46:09,torch-api,0.00%,0B / 0B,0.00%,0B / 0B,0B / 0B
2025-12-04T22:46:10,torch-api,0.00%,0B / 0B,0.00%,0B / 0B,0B / 0B
2025-12-04T22:46:10,torch-api,0.00%,0B / 0B,0.00%,0B / 0B,0B / 0B
2025-12-04T22:46:12,torch-api,0.00%,0B / 0B,0.00%,0B / 0B,0B / 0B
2025-12-04T22:46:12,torch-api,0.00%,0B / 0B,0.00%,0B / 0B,0B / 0B
2025-12-04T22:46:14,torch-api,0.00%,0B / 0B,0.00%,0B / 0B,0B / 0B
2025-12-04T22:46:14,torch-api,0.00%,0B / 0B,0.00%,0B / 0B,0B / 0B
2025-12-04T22:46:15,torch-api,0.00%,0B / 0B,0.00%,0B / 0B,0B / 0B
2025-12-04T22:46:15,torch-api,0.00%,0B / 0B,0.00%,0B / 0B,0B / 0B
2025-12-04T22:46:17,torch-api,0.00%,0B / 0B,0.00%,0B / 0B,0B / 0B
2025-12-04T22:46:17,torch-api,0.00%,0B / 0B,0.00%,0B / 0B,0B / 0B
2025-12-04T22:46:18,torch-api,0.00%,0B / 0B,0.00%,0B / 0B,0B / 0B
2025-12-04T22:46:18,torch-api,0.00%,0B / 0B,0.00%,0B / 0B,0B / 0B
2025-12-04T22:46:20,torch-api,0.00%,0B / 0B,0.00%,0B / 0B,0B / 0B
2025-12-04T22:46:20,torch-api,0.00%,0B / 0B,0.00%,0B / 0B,0B / 0B
2025-12-04T22:46:22,torch-api,0.00%,0B / 0B,0.00%,0B / 0B,0B / 0B
2025-12-04T22:46:22,torch-api,0.00%,0B / 0B,0.00%,0B / 0B,0B / 0B
2025-12-04T22:46:23,torch-api,0.00%,0B / 0B,0.00%,0B / 0B,0B / 0B
2025-12-04T22:46:23,torch-api,0.00%,0B / 0B,0.00%,0B / 0B,0B / 0B
2025-12-04T22:46:25,torch-api,0.00%,0B / 0B,0.00%,0B / 0B,0B / 0B
2025-12-04T22:46:25,torch-api,0.00%,0B / 0B,0.00%,0B / 0B,0B / 0B
2025-12-04T22:46:26,torch-api,0.00%,0B / 0B,0.00%,0B / 0B,0B / 0B
2025-12-04T22:46:26,torch-api,0.00%,0B / 0B,0.00%,0B / 0B,0B / 0B
2025-12-04T22:46:28,torch-api,0.00%,0B / 0B,0.00%,0B / 0B,0B / 0B
2025-12-04T22:46:28,torch-api,0.00%,0B / 0B,0.00%,0B / 0B,0B / 0B
2025-12-04T22:46:30,torch-api,0.00%,0B / 0B,0.00%,0B / 0B,0B / 0B
2025-12-04T22:46:30,torch-api,0.00%,0B / 0B,0.00%,0B / 0B,0B / 0B
2025-12-04T22:46:31,torch-api,0.00%,0B / 0B,0.00%,0B / 0B,0B / 0B
2025-12-04T22:46:31,torch-api,0.00%,0B / 0B,0.00%,0B / 0B,0B / 0B
2025-12-04T22:46:33,torch-api,0.00%,0B / 0B,0.00%,0B / 0B,0B / 0B
2025-12-04T22:46:33,torch-api,0.00%,0B / 0B,0.00%,0B / 0B,0B / 0B
2025-12-04T22:46:35,torch-api,0.00%,0B / 0B,0.00%,0B / 0B,0B / 0B
2025-12-04T22:46:35,torch-api,0.00%,0B / 0B,0.00%,0B / 0B,0B / 0B
2025-12-04T22:46:36,torch-api,0.00%,0B / 0B,0.00%,0B / 0B,0B / 0B
2025-12-04T22:46:36,torch-api,0.00%,0B / 0B,0.00%,0B / 0B,0B / 0B
2025-12-04T22:46:38,torch-api,0.00%,0B / 0B,0.00%,0B / 0B,0B / 0B
2025-12-04T22:46:38,torch-api,0.00%,0B / 0B,0.00%,0B / 0B,0B / 0B
2025-12-04T22:46:40,torch-api,0.00%,0B / 0B,0.00%,0B / 0B,0B / 0B
2025-12-04T22:46:40,torch-api,0.00%,0B / 0B,0.00%,0B / 0B,0B / 0B
2025-12-04T22:46:42,torch-api,0.00%,0B / 0B,0.00%,0B / 0B,0B / 0B
2025-12-04T22:46:42,torch-api,0.00%,0B / 0B,0.00%,0B / 0B,0B / 0B
2025-12-04T22:46:43,torch-api,0.00%,0B / 0B,0.00%,0B / 0B,0B / 0B
2025-12-04T22:46:43,torch-api,0.00%,0B / 0B,0.00%,0B / 0B,0B / 0B
2025-12-04T22:46:45,torch-api,0.00%,0B / 0B,0.00%,0B / 0B,0B / 0B
2025-12-04T22:46:45,torch-api,0.00%,0B / 0B,0.00%,0B / 0B,0B / 0B
2025-12-04T22:46:47,torch-api,0.00%,0B / 0B,0.00%,0B / 0B,0B / 0B
2025-12-04T22:46:47,torch-api,0.00%,0B / 0B,0.00%,0B / 0B,0B / 0B
2025-12-04T22:46:48,torch-api,0.00%,0B / 0B,0.00%,0B / 0B,0B / 0B
2025-12-04T22:46:48,torch-api,0.00%,0B / 0B,0.00%,0B / 0B,0B / 0B
2025-12-04T22:46:50,torch-api,0.00%,0B / 0B,0.00%,0B / 0B,0B / 0B
2025-12-04T22:46:50,torch-api,0.00%,0B / 0B,0.00%,0B / 0B,0B / 0B
2025-12-04T22:46:52,torch-api,0.00%,0B / 0B,0.00%,0B / 0B,0B / 0B
2025-12-04T22:46:52,torch-api,0.00%,0B / 0B,0.00%,0B / 0B,0B / 0B
2025-12-04T22:46:53,torch-api,0.00%,0B / 0B,0.00%,0B / 0B,0B / 0B
2025-12-04T22:46:53,torch-api,0.00%,0B / 0B,0.00%,0B / 0B,0B / 0B
2025-12-04T22:46:55,torch-api,0.00%,0B / 0B,0.00%,0B / 0B,0B / 0B
2025-12-04T22:46:55,torch-api,0.00%,0B / 0B,0.00%,0B / 0B,0B / 0B
2025-12-04T22:46:57,torch-api,0.00%,0B / 0B,0.00%,0B / 0B,0B / 0B
2025-12-04T22:46:57,torch-api,0.00%,0B / 0B,0.00%,0B / 0B,0B / 0B
2025-12-04T22:46:58,torch-api,0.00%,0B / 0B,0.00%,0B / 0B,0B / 0B
2025-12-04T22:46:58,torch-api,0.00%,0B / 0B,0.00%,0B / 0B,0B / 0B
2025-12-04T22:47:00,torch-api,0.00%,0B / 0B,0.00%,0B / 0B,0B / 0B
2025-12-04T22:47:00,torch-api,0.00%,0B / 0B,0.00%,0B / 0B,0B / 0B
2025-12-04T22:47:02,torch-api,0.00%,0B / 0B,0.00%,0B / 0B,0B / 0B
2025-12-04T22:47:02,torch-api,0.00%,0B / 0B,0.00%,0B / 0B,0B / 0B
2025-12-04T22:47:03,torch-api,0.00%,0B / 0B,0.00%,0B / 0B,0B / 0B
2025-12-04T22:47:03,torch-api,0.00%,0B / 0B,0.00%,0B / 0B,0B / 0B
2025-12-04T22:47:05,torch-api,0.00%,0B / 0B,0.00%,0B / 0B,0B / 0B
2025-12-04T22:47:05,torch-api,0.00%,0B / 0B,0.00%,0B / 0B,0B / 0B
2025-12-04T22:47:06,torch-api,0.00%,0B / 0B,0.00%,0B / 0B,0B / 0B
2025-12-04T22:47:07,torch-api,0.00%,0B / 0B,0.00%,0B / 0B,0B / 0B
2025-12-04T22:47:08,torch-api,0.00%,0B / 0B,0.00%,0B / 0B,0B / 0B
2025-12-04T22:47:08,torch-api,0.00%,0B / 0B,0.00%,0B / 0B,0B / 0B
2025-12-04T22:47:10,torch-api,0.00%,0B / 0B,0.00%,0B / 0B,0B / 0B
2025-12-04T22:47:10,torch-api,0.00%,0B / 0B,0.00%,0B / 0B,0B / 0B
2025-12-04T22:47:12,torch-api,0.00%,0B / 0B,0.00%,0B / 0B,0B / 0B
2025-12-04T22:47:12,torch-api,0.00%,0B / 0B,0.00%,0B / 0B,0B / 0B
2025-12-04T22:47:14,torch-api,0.00%,0B / 0B,0.00%,0B / 0B,0B / 0B
2025-12-04T22:47:14,torch-api,0.00%,0B / 0B,0.00%,0B / 0B,0B / 0B
2025-12-04T22:47:15,torch-api,0.00%,0B / 0B,0.00%,0B / 0B,0B / 0B
2025-12-04T22:47:15,torch-api,0.00%,0B / 0B,0.00%,0B / 0B,0B / 0B
2025-12-04T22:47:17,torch-api,0.00%,0B / 0B,0.00%,0B / 0B,0B / 0B
2025-12-04T22:47:17,torch-api,0.00%,0B / 0B,0.00%,0B / 0B,0B / 0B
2025-12-04T22:47:19,torch-api,0.00%,0B / 0B,0.00%,0B / 0B,0B / 0B
2025-12-04T22:47:19,torch-api,0.00%,0B / 0B,0.00%,0B / 0B,0B / 0B
2025-12-04T22:47:20,torch-api,0.00%,0B / 0B,0.00%,0B / 0B,0B / 0B
2025-12-04T22:47:20,torch-api,0.00%,0B / 0B,0.00%,0B / 0B,0B / 0B
2025-12-04T22:47:22,torch-api,0.00%,0B / 0B,0.00%,0B / 0B,0B / 0B
2025-12-04T22:47:22,torch-api,0.00%,0B / 0B,0.00%,0B / 0B,0B / 0B
2025-12-04T22:47:23,torch-api,0.00%,0B / 0B,0.00%,0B / 0B,0B / 0B
2025-12-04T22:47:23,torch-api,0.00%,0B / 0B,0.00%,0B / 0B,0B / 0B
2025-12-04T22:47:25,torch-api,0.00%,0B / 0B,0.00%,0B / 0B,0B / 0B
2025-12-04T22:47:25,torch-api,0.00%,0B / 0B,0.00%,0B / 0B,0B / 0B
2025-12-04T22:47:27,torch-api,0.00%,0B / 0B,0.00%,0B / 0B,0B / 0B
2025-12-04T22:47:27,torch-api,0.00%,0B / 0B,0.00%,0B / 0B,0B / 0B
2025-12-04T22:47:28,torch-api,0.00%,0B / 0B,0.00%,0B / 0B,0B / 0B
2025-12-04T22:47:28,torch-api,0.00%,0B / 0B,0.00%,0B / 0B,0B / 0B
2025-12-04T22:47:30,torch-api,0.00%,0B / 0B,0.00%,0B / 0B,0B / 0B
2025-12-04T22:47:30,torch-api,0.00%,0B / 0B,0.00%,0B / 0B,0B / 0B
2025-12-04T22:47:32,torch-api,0.00%,0B / 0B,0.00%,0B / 0B,0B / 0B
2025-12-04T22:47:32,torch-api,0.00%,0B / 0B,0.00%,0B / 0B,0B / 0B
2025-12-04T22:47:33,torch-api,0.00%,0B / 0B,0.00%,0B / 0B,0B / 0B
2025-12-04T22:47:33,torch-api,0.00%,0B / 0B,0.00%,0B / 0B,0B / 0B
2025-12-04T22:47:35,torch-api,0.00%,0B / 0B,0.00%,0B / 0B,0B / 0B
2025-12-04T22:47:35,torch-api,0.00%,0B / 0B,0.00%,0B / 0B,0B / 0B
2025-12-04T22:47:36,torch-api,0.00%,0B / 0B,0.00%,0B / 0B,0B / 0B
2025-12-04T22:47:36,torch-api,0.00%,0B / 0B,0.00%,0B / 0B,0B / 0B
2025-12-04T22:47:38,torch-api,0.00%,0B / 0B,0.00%,0B / 0B,0B / 0B
2025-12-04T22:47:38,torch-api,0.00%,0B / 0B,0.00%,0B / 0B,0B / 0B
2025-12-04T22:47:40,torch-api,0.00%,0B / 0B,0.00%,0B / 0B,0B / 0B
2025-12-04T22:47:40,torch-api,0.00%,0B / 0B,0.00%,0B / 0B,0B / 0B
2025-12-04T22:47:41,torch-api,0.00%,0B / 0B,0.00%,0B / 0B,0B / 0B
2025-12-04T22:47:41,torch-api,0.00%,0B / 0B,0.00%,0B / 0B,0B / 0B
2025-12-04T22:47:44,torch-api,0.00%,0B / 0B,0.00%,0B / 0B,0B / 0B
2025-12-04T22:47:44,torch-api,0.00%,0B / 0B,0.00%,0B / 0B,0B / 0B
2025-12-04T22:47:45,torch-api,0.00%,0B / 0B,0.00%,0B / 0B,0B / 0B
2025-12-04T22:47:45,torch-api,0.00%,0B / 0B,0.00%,0B / 0B,0B / 0B
2025-12-04T22:47:47,torch-api,0.00%,0B / 0B,0.00%,0B / 0B,0B / 0B
2025-12-04T22:47:47,torch-api,0.00%,0B / 0B,0.00%,0B / 0B,0B / 0B
2025-12-04T22:47:48,torch-api,0.00%,0B / 0B,0.00%,0B / 0B,0B / 0B
2025-12-04T22:47:48,torch-api,0.00%,0B / 0B,0.00%,0B / 0B,0B / 0B
2025-12-04T22:47:50,torch-api,0.00%,0B / 0B,0.00%,0B / 0B,0B / 0B
2025-12-04T22:47:50,torch-api,0.00%,0B / 0B,0.00%,0B / 0B,0B / 0B
2025-12-04T22:47:52,torch-api,0.00%,0B / 0B,0.00%,0B / 0B,0B / 0B
2025-12-04T22:47:52,torch-api,0.00%,0B / 0B,0.00%,0B / 0B,0B / 0B
2025-12-04T22:47:53,torch-api,0.00%,0B / 0B,0.00%,0B / 0B,0B / 0B
2025-12-04T22:47:53,torch-api,0.00%,0B / 0B,0.00%,0B / 0B,0B / 0B
2025-12-04T22:47:55,torch-api,0.00%,0B / 0B,0.00%,0B / 0B,0B / 0B
2025-12-04T22:47:55,torch-api,0.00%,0B / 0B,0.00%,0B / 0B,0B / 0B
2025-12-04T22:47:56,torch-api,0.00%,0B / 0B,0.00%,0B / 0B,0B / 0B
2025-12-04T22:47:56,torch-api,0.00%,0B / 0B,0.00%,0B / 0B,0B / 0B
2025-12-04T22:47:58,torch-api,0.00%,0B / 0B,0.00%,0B / 0B,0B / 0B
2025-12-04T22:47:58,torch-api,0.00%,0B / 0B,0.00%,0B / 0B,0B / 0B
2025-12-04T22:48:00,torch-api,0.00%,0B / 0B,0.00%,0B / 0B,0B / 0B
2025-12-04T22:48:00,torch-api,0.00%,0B / 0B,0.00%,0B / 0B,0B / 0B
2025-12-04T22:48:01,torch-api,0.00%,0B / 0B,0.00%,0B / 0B,0B / 0B
2025-12-04T22:48:01,torch-api,0.00%,0B / 0B,0.00%,0B / 0B,0B / 0B
2025-12-04T22:48:03,torch-api,0.00%,0B / 0B,0.00%,0B / 0B,0B / 0B
2025-12-04T22:48:03,torch-api,0.00%,0B / 0B,0.00%,0B / 0B,0B / 0B
2025-12-04T22:48:05,torch-api,0.00%,0B / 0B,0.00%,0B / 0B,0B / 0B
2025-12-04T22:48:05,torch-api,0.00%,0B / 0B,0.00%,0B / 0B,0B / 0B
2025-12-04T22:48:06,torch-api,0.00%,0B / 0B,0.00%,0B / 0B,0B / 0B
2025-12-04T22:48:06,torch-api,0.00%,0B / 0B,0.00%,0B / 0B,0B / 0B
2025-12-04T22:48:08,torch-api,0.00%,0B / 0B,0.00%,0B / 0B,0B / 0B
2025-12-04T22:48:08,torch-api,0.00%,0B / 0B,0.00%,0B / 0B,0B / 0B
2025-12-04T22:48:09,torch-api,0.00%,0B / 0B,0.00%,0B / 0B,0B / 0B
2025-12-04T22:48:09,torch-api,0.00%,0B / 0B,0.00%,0B / 0B,0B / 0B
2025-12-04T22:48:11,torch-api,0.00%,0B / 0B,0.00%,0B / 0B,0B / 0B
2025-12-04T22:48:11,torch-api,0.00%,0B / 0B,0.00%,0B / 0B,0B / 0B
2025-12-04T22:48:13,torch-api,0.00%,0B / 0B,0.00%,0B / 0B,0B / 0B
2025-12-04T22:48:13,torch-api,0.00%,0B / 0B,0.00%,0B / 0B,0B / 0B
2025-12-04T22:48:14,torch-api,0.00%,0B / 0B,0.00%,0B / 0B,0B / 0B
2025-12-04T22:48:14,torch-api,0.00%,0B / 0B,0.00%,0B / 0B,0B / 0B
2025-12-04T22:48:17,torch-api,0.00%,0B / 0B,0.00%,0B / 0B,0B / 0B
2025-12-04T22:48:17,torch-api,0.00%,0B / 0B,0.00%,0B / 0B,0B / 0B
2025-12-04T22:48:18,torch-api,0.00%,0B / 0B,0.00%,0B / 0B,0B / 0B
2025-12-04T22:48:18,torch-api,0.00%,0B / 0B,0.00%,0B / 0B,0B / 0B
2025-12-04T22:48:20,torch-api,0.00%,0B / 0B,0.00%,0B / 0B,0B / 0B
2025-12-04T22:48:20,torch-api,0.00%,0B / 0B,0.00%,0B / 0B,0B / 0B
2025-12-04T22:48:21,torch-api,0.00%,0B / 0B,0.00%,0B / 0B,0B / 0B
2025-12-04T22:48:21,torch-api,0.00%,0B / 0B,0.00%,0B / 0B,0B / 0B
2025-12-04T22:48:23,torch-api,0.00%,0B / 0B,0.00%,0B / 0B,0B / 0B
2025-12-04T22:48:23,torch-api,0.00%,0B / 0B,0.00%,0B / 0B,0B / 0B
2025-12-04T22:48:25,torch-api,0.00%,0B / 0B,0.00%,0B / 0B,0B / 0B
2025-12-04T22:48:25,torch-api,0.00%,0B / 0B,0.00%,0B / 0B,0B / 0B
2025-12-04T22:48:26,torch-api,0.00%,0B / 0B,0.00%,0B / 0B,0B / 0B
2025-12-04T22:48:26,torch-api,0.00%,0B / 0B,0.00%,0B / 0B,0B / 0B
2025-12-04T22:48:28,torch-api,0.00%,0B / 0B,0.00%,0B / 0B,0B / 0B
2025-12-04T22:48:28,torch-api,0.00%,0B / 0B,0.00%,0B / 0B,0B / 0B
2025-12-04T22:48:30,torch-api,0.00%,0B / 0B,0.00%,0B / 0B,0B / 0B
2025-12-04T22:48:30,torch-api,0.00%,0B / 0B,0.00%,0B / 0B,0B / 0B
2025-12-04T22:48:31,torch-api,0.00%,0B / 0B,0.00%,0B / 0B,0B / 0B
2025-12-04T22:48:31,torch-api,0.00%,0B / 0B,0.00%,0B / 0B,0B / 0B
2025-12-04T22:48:33,torch-api,0.00%,0B / 0B,0.00%,0B / 0B,0B / 0B
2025-12-04T22:48:33,torch-api,0.00%,0B / 0B,0.00%,0B / 0B,0B / 0B
2025-12-04T22:48:34,torch-api,0.00%,0B / 0B,0.00%,0B / 0B,0B / 0B
2025-12-04T22:48:35,torch-api,0.00%,0B / 0B,0.00%,0B / 0B,0B / 0B
2025-12-04T22:48:36,torch-api,0.00%,0B / 0B,0.00%,0B / 0B,0B / 0B
2025-12-04T22:48:36,torch-api,0.00%,0B / 0B,0.00%,0B / 0B,0B / 0B
2025-12-04T22:48:38,torch-api,0.00%,0B / 0B,0.00%,0B / 0B,0B / 0B
2025-12-04T22:48:38,torch-api,0.00%,0B / 0B,0.00%,0B / 0B,0B / 0B
2025-12-04T22:48:39,torch-api,0.00%,0B / 0B,0.00%,0B / 0B,0B / 0B
2025-12-04T22:48:39,torch-api,0.00%,0B / 0B,0.00%,0B / 0B,0B / 0B
2025-12-04T22:48:41,torch-api,0.00%,0B / 0B,0.00%,0B / 0B,0B / 0B
2025-12-04T22:48:41,torch-api,0.00%,0B / 0B,0.00%,0B / 0B,0B / 0B
2025-12-04T22:48:42,torch-api,0.00%,0B / 0B,0.00%,0B / 0B,0B / 0B
2025-12-04T22:48:43,torch-api,0.00%,0B / 0B,0.00%,0B / 0B,0B / 0B
2025-12-04T22:48:44,torch-api,0.00%,0B / 0B,0.00%,0B / 0B,0B / 0B
2025-12-04T22:48:44,torch-api,0.00%,0B / 0B,0.00%,0B / 0B,0B / 0B
2025-12-04T22:48:46,torch-api,0.00%,0B / 0B,0.00%,0B / 0B,0B / 0B
2025-12-04T22:48:46,torch-api,0.00%,0B / 0B,0.00%,0B / 0B,0B / 0B
2025-12-04T22:48:47,torch-api,0.00%,0B / 0B,0.00%,0B / 0B,0B / 0B
2025-12-04T22:48:47,torch-api,0.00%,0B / 0B,0.00%,0B / 0B,0B / 0B
2025-12-04T22:48:50,torch-api,0.00%,0B / 0B,0.00%,0B / 0B,0B / 0B
2025-12-04T22:48:50,torch-api,0.00%,0B / 0B,0.00%,0B / 0B,0B / 0B
2025-12-04T22:48:51,torch-api,0.00%,0B / 0B,0.00%,0B / 0B,0B / 0B
2025-12-04T22:48:51,torch-api,0.00%,0B / 0B,0.00%,0B / 0B,0B / 0B
2025-12-04T22:48:53,torch-api,0.00%,0B / 0B,0.00%,0B / 0B,0B / 0B
2025-12-04T22:48:53,torch-api,0.00%,0B / 0B,0.00%,0B / 0B,0B / 0B
2025-12-04T22:48:54,torch-api,0.00%,0B / 0B,0.00%,0B / 0B,0B / 0B
2025-12-04T22:48:55,torch-api,0.00%,0B / 0B,0.00%,0B / 0B,0B / 0B
2025-12-04T22:48:56,torch-api,0.00%,0B / 0B,0.00%,0B / 0B,0B / 0B
2025-12-04T22:48:56,torch-api,0.00%,0B / 0B,0.00%,0B / 0B,0B / 0B
2025-12-04T22:48:58,torch-api,0.00%,0B / 0B,0.00%,0B / 0B,0B / 0B
2025-12-04T22:48:58,torch-api,0.00%,0B / 0B,0.00%,0B / 0B,0B / 0B
2025-12-04T22:48:59,torch-api,0.00%,0B / 0B,0.00%,0B / 0B,0B / 0B
2025-12-04T22:48:59,torch-api,0.00%,0B / 0B,0.00%,0B / 0B,0B / 0B
2025-12-04T22:49:01,torch-api,0.00%,0B / 0B,0.00%,0B / 0B,0B / 0B
2025-12-04T22:49:01,torch-api,0.00%,0B / 0B,0.00%,0B / 0B,0B / 0B
2025-12-04T22:49:03,torch-api,0.00%,0B / 0B,0.00%,0B / 0B,0B / 0B
2025-12-04T22:49:03,torch-api,0.00%,0B / 0B,0.00%,0B / 0B,0B / 0B
2025-12-04T22:49:04,torch-api,0.00%,0B / 0B,0.00%,0B / 0B,0B / 0B
2025-12-04T22:49:04,torch-api,0.00%,0B / 0B,0.00%,0B / 0B,0B / 0B
2025-12-04T22:49:06,torch-api,0.00%,0B / 0B,0.00%,0B / 0B,0B / 0B
2025-12-04T22:49:06,torch-api,0.00%,0B / 0B,0.00%,0B / 0B,0B / 0B
2025-12-04T22:49:07,torch-api,0.00%,0B / 0B,0.00%,0B / 0B,0B / 0B
2025-12-04T22:49:08,torch-api,0.00%,0B / 0B,0.00%,0B / 0B,0B / 0B
2025-12-04T22:49:09,torch-api,0.00%,0B / 0B,0.00%,0B / 0B,0B / 0B
2025-12-04T22:49:09,torch-api,0.00%,0B / 0B,0.00%,0B / 0B,0B / 0B
2025-12-04T22:49:11,torch-api,0.00%,0B / 0B,0.00%,0B / 0B,0B / 0B
2025-12-04T22:49:11,torch-api,0.00%,0B / 0B,0.00%,0B / 0B,0B / 0B
2025-12-04T22:49:12,torch-api,0.00%,0B / 0B,0.00%,0B / 0B,0B / 0B
2025-12-04T22:49:12,torch-api,0.00%,0B / 0B,0.00%,0B / 0B,0B / 0B
2025-12-04T22:49:14,torch-api,0.00%,0B / 0B,0.00%,0B / 0B,0B / 0B
2025-12-04T22:49:14,torch-api,0.00%,0B / 0B,0.00%,0B / 0B,0B / 0B
2025-12-04T22:49:15,torch-api,0.00%,0B / 0B,0.00%,0B / 0B,0B / 0B
2025-12-04T22:49:16,torch-api,0.00%,0B / 0B,0.00%,0B / 0B,0B / 0B
2025-12-04T22:49:17,torch-api,0.00%,0B / 0B,0.00%,0B / 0B,0B / 0B
2025-12-04T22:49:17,torch-api,0.00%,0B / 0B,0.00%,0B / 0B,0B / 0B
2025-12-04T22:49:19,torch-api,0.00%,0B / 0B,0.00%,0B / 0B,0B / 0B
2025-12-04T22:49:19,torch-api,0.00%,0B / 0B,0.00%,0B / 0B,0B / 0B
2025-12-04T22:49:20,torch-api,0.00%,0B / 0B,0.00%,0B / 0B,0B / 0B
2025-12-04T22:49:21,torch-api,0.00%,0B / 0B,0.00%,0B / 0B,0B / 0B
2025-12-04T22:49:22,torch-api,0.00%,0B / 0B,0.00%,0B / 0B,0B / 0B
2025-12-04T22:49:23,torch-api,0.00%,0B / 0B,0.00%,0B / 0B,0B / 0B
2025-12-04T22:49:24,torch-api,0.00%,0B / 0B,0.00%,0B / 0B,0B / 0B
2025-12-04T22:49:24,torch-api,0.00%,0B / 0B,0.00%,0B / 0B,0B / 0B
2025-12-04T22:49:26,torch-api,0.00%,0B / 0B,0.00%,0B / 0B,0B / 0B
2025-12-04T22:49:26,torch-api,0.00%,0B / 0B,0.00%,0B / 0B,0B / 0B
2025-12-04T22:49:27,torch-api,0.00%,0B / 0B,0.00%,0B / 0B,0B / 0B
2025-12-04T22:49:28,torch-api,0.00%,0B / 0B,0.00%,0B / 0B,0B / 0B
2025-12-04T22:49:29,torch-api,0.00%,0B / 0B,0.00%,0B / 0B,0B / 0B
2025-12-04T22:49:29,torch-api,0.00%,0B / 0B,0.00%,0B / 0B,0B / 0B
2025-12-04T22:49:30,torch-api,0.00%,0B / 0B,0.00%,0B / 0B,0B / 0B
2025-12-04T22:49:31,torch-api,0.00%,0B / 0B,0.00%,0B / 0B,0B / 0B
2025-12-04T22:49:32,torch-api,0.00%,0B / 0B,0.00%,0B / 0B,0B / 0B
2025-12-04T22:49:32,torch-api,0.00%,0B / 0B,0.00%,0B / 0B,0B / 0B
2025-12-04T22:49:34,torch-api,0.00%,0B / 0B,0.00%,0B / 0B,0B / 0B
2025-12-04T22:49:34,torch-api,0.00%,0B / 0B,0.00%,0B / 0B,0B / 0B
2025-12-04T22:49:35,torch-api,0.00%,0B / 0B,0.00%,0B / 0B,0B / 0B
2025-12-04T22:49:36,torch-api,0.00%,0B / 0B,0.00%,0B / 0B,0B / 0B
2025-12-04T22:49:37,torch-api,0.00%,0B / 0B,0.00%,0B / 0B,0B / 0B
2025-12-04T22:49:37,torch-api,0.00%,0B / 0B,0.00%,0B / 0B,0B / 0B
2025-12-04T22:49:39,torch-api,0.00%,0B / 0B,0.00%,0B / 0B,0B / 0B
2025-12-04T22:49:39,torch-api,0.00%,0B / 0B,0.00%,0B / 0B,0B / 0B
2025-12-04T22:49:40,torch-api,0.00%,0B / 0B,0.00%,0B / 0B,0B / 0B
2025-12-04T22:49:41,torch-api,0.00%,0B / 0B,0.00%,0B / 0B,0B / 0B
2025-12-04T22:49:42,torch-api,0.00%,0B / 0B,0.00%,0B / 0B,0B / 0B
2025-12-04T22:49:42,torch-api,0.00%,0B / 0B,0.00%,0B / 0B,0B / 0B
2025-12-04T22:49:43,torch-api,0.00%,0B / 0B,0.00%,0B / 0B,0B / 0B
2025-12-04T22:49:44,torch-api,0.00%,0B / 0B,0.00%,0B / 0B,0B / 0B
2025-12-04T22:49:45,torch-api,0.00%,0B / 0B,0.00%,0B / 0B,0B / 0B
2025-12-04T22:49:46,torch-api,0.00%,0B / 0B,0.00%,0B / 0B,0B / 0B
2025-12-04T22:49:47,torch-api,0.00%,0B / 0B,0.00%,0B / 0B,0B / 0B
2025-12-04T22:49:47,torch-api,0.00%,0B / 0B,0.00%,0B / 0B,0B / 0B
2025-12-04T22:49:48,torch-api,0.00%,0B / 0B,0.00%,0B / 0B,0B / 0B
2025-12-04T22:49:49,torch-api,0.00%,0B / 0B,0.00%,0B / 0B,0B / 0B
2025-12-04T22:49:50,torch-api,0.00%,0B / 0B,0.00%,0B / 0B,0B / 0B
2025-12-04T22:49:50,torch-api,0.00%,0B / 0B,0.00%,0B / 0B,0B / 0B
2025-12-04T22:49:52,torch-api,0.00%,0B / 0B,0.00%,0B / 0B,0B / 0B
2025-12-04T22:49:52,torch-api,0.00%,0B / 0B,0.00%,0B / 0B,0B / 0B
2025-12-04T22:49:53,torch-api,0.00%,0B / 0B,0.00%,0B / 0B,0B / 0B
2025-12-04T22:49:54,torch-api,0.00%,0B / 0B,0.00%,0B / 0B,0B / 0B
2025-12-04T22:49:56,torch-api,0.00%,0B / 0B,0.00%,0B / 0B,0B / 0B
2025-12-04T22:49:56,torch-api,0.00%,0B / 0B,0.00%,0B / 0B,0B / 0B
2025-12-04T22:49:57,torch-api,0.00%,0B / 0B,0.00%,0B / 0B,0B / 0B
2025-12-04T22:49:58,torch-api,0.00%,0B / 0B,0.00%,0B / 0B,0B / 0B
2025-12-04T22:49:59,torch-api,0.00%,0B / 0B,0.00%,0B / 0B,0B / 0B
2025-12-04T22:49:59,torch-api,0.00%,0B / 0B,0.00%,0B / 0B,0B / 0B
2025-12-04T22:50:00,torch-api,0.00%,0B / 0B,0.00%,0B / 0B,0B / 0B
2025-12-04T22:50:01,torch-api,0.00%,0B / 0B,0.00%,0B / 0B,0B / 0B
2025-12-04T22:50:02,torch-api,0.00%,0B / 0B,0.00%,0B / 0B,0B / 0B
2025-12-04T22:50:02,torch-api,0.00%,0B / 0B,0.00%,0B / 0B,0B / 0B
2025-12-04T22:50:04,torch-api,0.00%,0B / 0B,0.00%,0B / 0B,0B / 0B
2025-12-04T22:50:04,torch-api,0.00%,0B / 0B,0.00%,0B / 0B,0B / 0B
2025-12-04T22:50:05,torch-api,0.00%,0B / 0B,0.00%,0B / 0B,0B / 0B
2025-12-04T22:50:06,torch-api,0.00%,0B / 0B,0.00%,0B / 0B,0B / 0B
2025-12-04T22:50:07,torch-api,0.00%,0B / 0B,0.00%,0B / 0B,0B / 0B
2025-12-04T22:50:07,torch-api,0.00%,0B / 0B,0.00%,0B / 0B,0B / 0B
2025-12-04T22:50:09,torch-api,0.00%,0B / 0B,0.00%,0B / 0B,0B / 0B
2025-12-04T22:50:09,torch-api,0.00%,0B / 0B,0.00%,0B / 0B,0B / 0B
2025-12-04T22:50:10,torch-api,0.00%,0B / 0B,0.00%,0B / 0B,0B / 0B
2025-12-04T22:50:11,torch-api,0.00%,0B / 0B,0.00%,0B / 0B,0B / 0B
2025-12-04T22:50:12,torch-api,0.00%,0B / 0B,0.00%,0B / 0B,0B / 0B
2025-12-04T22:50:12,torch-api,0.00%,0B / 0B,0.00%,0B / 0B,0B / 0B
2025-12-04T22:50:13,torch-api,0.00%,0B / 0B,0.00%,0B / 0B,0B / 0B
2025-12-04T22:50:14,torch-api,0.00%,0B / 0B,0.00%,0B / 0B,0B / 0B
2025-12-04T22:50:15,torch-api,0.00%,0B / 0B,0.00%,0B / 0B,0B / 0B
2025-12-04T22:50:15,torch-api,0.00%,0B / 0B,0.00%,0B / 0B,0B / 0B
2025-12-04T22:50:17,torch-api,0.00%,0B / 0B,0.00%,0B / 0B,0B / 0B
2025-12-04T22:50:17,torch-api,0.00%,0B / 0B,0.00%,0B / 0B,0B / 0B
2025-12-04T22:50:18,torch-api,0.00%,0B / 0B,0.00%,0B / 0B,0B / 0B
2025-12-04T22:50:19,torch-api,0.00%,0B / 0B,0.00%,0B / 0B,0B / 0B
2025-12-04T22:50:20,torch-api,0.00%,0B / 0B,0.00%,0B / 0B,0B / 0B
2025-12-04T22:50:20,torch-api,0.00%,0B / 0B,0.00%,0B / 0B,0B / 0B
2025-12-04T22:50:21,torch-api,0.00%,0B / 0B,0.00%,0B / 0B,0B / 0B
2025-12-04T22:50:22,torch-api,0.00%,0B / 0B,0.00%,0B / 0B,0B / 0B
2025-12-04T22:50:23,torch-api,0.00%,0B / 0B,0.00%,0B / 0B,0B / 0B
2025-12-04T22:50:24,torch-api,0.00%,0B / 0B,0.00%,0B / 0B,0B / 0B
2025-12-04T22:50:25,torch-api,0.00%,0B / 0B,0.00%,0B / 0B,0B / 0B
2025-12-04T22:50:25,torch-api,0.00%,0B / 0B,0.00%,0B / 0B,0B / 0B
2025-12-04T22:50:26,torch-api,0.00%,0B / 0B,0.00%,0B / 0B,0B / 0B
2025-12-04T22:50:27,torch-api,0.00%,0B / 0B,0.00%,0B / 0B,0B / 0B
2025-12-04T22:50:28,torch-api,0.00%,0B / 0B,0.00%,0B / 0B,0B / 0B
2025-12-04T22:50:29,torch-api,0.00%,0B / 0B,0.00%,0B / 0B,0B / 0B
2025-12-04T22:50:30,torch-api,0.00%,0B / 0B,0.00%,0B / 0B,0B / 0B
2025-12-04T22:50:31,torch-api,0.00%,0B / 0B,0.00%,0B / 0B,0B / 0B
2025-12-04T22:50:32,torch-api,0.00%,0B / 0B,0.00%,0B / 0B,0B / 0B
2025-12-04T22:50:32,torch-api,0.00%,0B / 0B,0.00%,0B / 0B,0B / 0B
2025-12-04T22:50:33,torch-api,0.00%,0B / 0B,0.00%,0B / 0B,0B / 0B
2025-12-04T22:50:34,torch-api,0.00%,0B / 0B,0.00%,0B / 0B,0B / 0B
2025-12-04T22:50:35,torch-api,0.00%,0B / 0B,0.00%,0B / 0B,0B / 0B
2025-12-04T22:50:36,torch-api,0.00%,0B / 0B,0.00%,0B / 0B,0B / 0B
2025-12-04T22:50:36,torch-api,0.00%,0B / 0B,0.00%,0B / 0B,0B / 0B
2025-12-04T22:50:37,torch-api,0.00%,0B / 0B,0.00%,0B / 0B,0B / 0B
2025-12-04T22:50:38,torch-api,0.00%,0B / 0B,0.00%,0B / 0B,0B / 0B
2025-12-04T22:50:39,torch-api,0.00%,0B / 0B,0.00%,0B / 0B,0B / 0B
2025-12-04T22:50:40,torch-api,0.00%,0B / 0B,0.00%,0B / 0B,0B / 0B
2025-12-04T22:50:40,torch-api,0.00%,0B / 0B,0.00%,0B / 0B,0B / 0B
2025-12-04T22:50:41,torch-api,0.00%,0B / 0B,0.00%,0B / 0B,0B / 0B
2025-12-04T22:50:42,torch-api,0.00%,0B / 0B,0.00%,0B / 0B,0B / 0B
2025-12-04T22:50:43,torch-api,0.00%,0B / 0B,0.00%,0B / 0B,0B / 0B
2025-12-04T22:50:44,torch-api,0.00%,0B / 0B,0.00%,0B / 0B,0B / 0B
2025-12-04T22:50:45,torch-api,0.00%,0B / 0B,0.00%,0B / 0B,0B / 0B
2025-12-04T22:50:45,torch-api,0.00%,0B / 0B,0.00%,0B / 0B,0B / 0B
2025-12-04T22:50:46,torch-api,0.00%,0B / 0B,0.00%,0B / 0B,0B / 0B
2025-12-04T22:50:47,torch-api,0.00%,0B / 0B,0.00%,0B / 0B,0B / 0B
2025-12-04T22:50:48,torch-api,0.00%,0B / 0B,0.00%,0B / 0B,0B / 0B
2025-12-04T22:50:49,torch-api,0.00%,0B / 0B,0.00%,0B / 0B,0B / 0B
2025-12-04T22:50:50,torch-api,0.00%,0B / 0B,0.00%,0B / 0B,0B / 0B
2025-12-04T22:50:50,torch-api,0.00%,0B / 0B,0.00%,0B / 0B,0B / 0B
2025-12-04T22:50:51,torch-api,0.00%,0B / 0B,0.00%,0B / 0B,0B / 0B
2025-12-04T22:50:52,torch-api,0.00%,0B / 0B,0.00%,0B / 0B,0B / 0B
2025-12-04T22:50:53,torch-api,0.00%,0B / 0B,0.00%,0B / 0B,0B / 0B
2025-12-04T22:50:54,torch-api,0.00%,0B / 0B,0.00%,0B / 0B,0B / 0B
2025-12-04T22:50:55,torch-api,0.00%,0B / 0B,0.00%,0B / 0B,0B / 0B
2025-12-04T22:50:55,torch-api,0.00%,0B / 0B,0.00%,0B / 0B,0B / 0B
2025-12-04T22:50:56,torch-api,0.00%,0B / 0B,0.00%,0B / 0B,0B / 0B
2025-12-04T22:50:57,torch-api,0.00%,0B / 0B,0.00%,0B / 0B,0B / 0B
2025-12-04T22:50:58,torch-api,0.00%,0B / 0B,0.00%,0B / 0B,0B / 0B
2025-12-04T22:50:59,torch-api,0.00%,0B / 0B,0.00%,0B / 0B,0B / 0B
2025-12-04T22:50:59,torch-api,0.00%,0B / 0B,0.00%,0B / 0B,0B / 0B
2025-12-04T22:51:01,torch-api,0.00%,0B / 0B,0.00%,0B / 0B,0B / 0B
2025-12-04T22:51:02,torch-api,0.00%,0B / 0B,0.00%,0B / 0B,0B / 0B
2025-12-04T22:51:02,torch-api,0.00%,0B / 0B,0.00%,0B / 0B,0B / 0B
2025-12-04T22:51:03,torch-api,0.00%,0B / 0B,0.00%,0B / 0B,0B / 0B
2025-12-04T22:51:04,torch-api,0.00%,0B / 0B,0.00%,0B / 0B,0B / 0B
2025-12-04T22:51:05,torch-api,0.00%,0B / 0B,0.00%,0B / 0B,0B / 0B
2025-12-04T22:51:06,torch-api,0.00%,0B / 0B,0.00%,0B / 0B,0B / 0B
2025-12-04T22:51:07,torch-api,0.00%,0B / 0B,0.00%,0B / 0B,0B / 0B
2025-12-04T22:51:07,torch-api,0.00%,0B / 0B,0.00%,0B / 0B,0B / 0B
2025-12-04T22:51:08,torch-api,0.00%,0B / 0B,0.00%,0B / 0B,0B / 0B
2025-12-04T22:51:09,torch-api,0.00%,0B / 0B,0.00%,0B / 0B,0B / 0B
2025-12-04T22:51:10,torch-api,0.00%,0B / 0B,0.00%,0B / 0B,0B / 0B
2025-12-04T22:51:11,torch-api,0.00%,0B / 0B,0.00%,0B / 0B,0B / 0B
2025-12-04T22:51:12,torch-api,0.00%,0B / 0B,0.00%,0B / 0B,0B / 0B
2025-12-04T22:51:12,torch-api,0.00%,0B / 0B,0.00%,0B / 0B,0B / 0B
2025-12-04T22:51:13,torch-api,0.00%,0B / 0B,0.00%,0B / 0B,0B / 0B
2025-12-04T22:51:14,torch-api,0.00%,0B / 0B,0.00%,0B / 0B,0B / 0B
2025-12-04T22:51:15,torch-api,0.00%,0B / 0B,0.00%,0B / 0B,0B / 0B
2025-12-04T22:51:16,torch-api,0.00%,0B / 0B,0.00%,0B / 0B,0B / 0B
2025-12-04T22:51:16,torch-api,0.00%,0B / 0B,0.00%,0B / 0B,0B / 0B
2025-12-04T22:51:17,torch-api,0.00%,0B / 0B,0.00%,0B / 0B,0B / 0B
2025-12-04T22:51:18,torch-api,0.00%,0B / 0B,0.00%,0B / 0B,0B / 0B
2025-12-04T22:51:19,torch-api,0.00%,0B / 0B,0.00%,0B / 0B,0B / 0B
2025-12-04T22:51:20,torch-api,0.00%,0B / 0B,0.00%,0B / 0B,0B / 0B
2025-12-04T22:51:20,torch-api,0.00%,0B / 0B,0.00%,0B / 0B,0B / 0B
2025-12-04T22:51:21,torch-api,0.00%,0B / 0B,0.00%,0B / 0B,0B / 0B
2025-12-04T22:51:22,torch-api,0.00%,0B / 0B,0.00%,0B / 0B,0B / 0B
2025-12-04T22:51:23,torch-api,0.00%,0B / 0B,0.00%,0B / 0B,0B / 0B
2025-12-04T22:51:24,torch-api,0.00%,0B / 0B,0.00%,0B / 0B,0B / 0B
2025-12-04T22:51:25,torch-api,0.00%,0B / 0B,0.00%,0B / 0B,0B / 0B
2025-12-04T22:51:25,torch-api,0.00%,0B / 0B,0.00%,0B / 0B,0B / 0B
2025-12-04T22:51:26,torch-api,0.00%,0B / 0B,0.00%,0B / 0B,0B / 0B
2025-12-04T22:51:27,torch-api,0.00%,0B / 0B,0.00%,0B / 0B,0B / 0B
2025-12-04T22:51:28,torch-api,0.00%,0B / 0B,0.00%,0B / 0B,0B / 0B
2025-12-04T22:51:29,torch-api,0.00%,0B / 0B,0.00%,0B / 0B,0B / 0B
2025-12-04T22:51:30,torch-api,0.00%,0B / 0B,0.00%,0B / 0B,0B / 0B
2025-12-04T22:51:30,torch-api,0.00%,0B / 0B,0.00%,0B / 0B,0B / 0B
2025-12-04T22:51:32,torch-api,0.00%,0B / 0B,0.00%,0B / 0B,0B / 0B
2025-12-04T22:51:32,torch-api,0.00%,0B / 0B,0.00%,0B / 0B,0B / 0B
2025-12-04T22:51:34,torch-api,0.00%,0B / 0B,0.00%,0B / 0B,0B / 0B
2025-12-04T22:51:34,torch-api,0.00%,0B / 0B,0.00%,0B / 0B,0B / 0B
2025-12-04T22:51:35,torch-api,0.00%,0B / 0B,0.00%,0B / 0B,0B / 0B
2025-12-04T22:51:36,torch-api,0.00%,0B / 0B,0.00%,0B / 0B,0B / 0B
2025-12-04T22:51:37,torch-api,0.00%,0B / 0B,0.00%,0B / 0B,0B / 0B
2025-12-04T22:51:38,torch-api,0.00%,0B / 0B,0.00%,0B / 0B,0B / 0B
2025-12-04T22:51:39,torch-api,0.00%,0B / 0B,0.00%,0B / 0B,0B / 0B
2025-12-04T22:51:39,torch-api,0.00%,0B / 0B,0.00%,0B / 0B,0B / 0B
2025-12-04T22:51:40,torch-api,0.00%,0B / 0B,0.00%,0B / 0B,0B / 0B
2025-12-04T22:51:41,torch-api,0.00%,0B / 0B,0.00%,0B / 0B,0B / 0B
2025-12-04T22:51:42,torch-api,0.00%,0B / 0B,0.00%,0B / 0B,0B / 0B
2025-12-04T22:51:43,torch-api,0.00%,0B / 0B,0.00%,0B / 0B,0B / 0B
2025-12-04T22:51:44,torch-api,0.00%,0B / 0B,0.00%,0B / 0B,0B / 0B
2025-12-04T22:51:44,torch-api,0.00%,0B / 0B,0.00%,0B / 0B,0B / 0B
2025-12-04T22:51:45,torch-api,0.00%,0B / 0B,0.00%,0B / 0B,0B / 0B
2025-12-04T22:51:46,torch-api,0.00%,0B / 0B,0.00%,0B / 0B,0B / 0B
2025-12-04T22:51:47,torch-api,0.00%,0B / 0B,0.00%,0B / 0B,0B / 0B
2025-12-04T22:51:47,torch-api,0.00%,0B / 0B,0.00%,0B / 0B,0B / 0B
2025-12-04T22:51:48,torch-api,0.00%,0B / 0B,0.00%,0B / 0B,0B / 0B
2025-12-04T22:51:49,torch-api,0.00%,0B / 0B,0.00%,0B / 0B,0B / 0B
2025-12-04T22:51:50,torch-api,0.00%,0B / 0B,0.00%,0B / 0B,0B / 0B
2025-12-04T22:51:51,torch-api,0.00%,0B / 0B,0.00%,0B / 0B,0B / 0B
2025-12-04T22:51:52,torch-api,0.00%,0B / 0B,0.00%,0B / 0B,0B / 0B
2025-12-04T22:51:52,torch-api,0.00%,0B / 0B,0.00%,0B / 0B,0B / 0B
2025-12-04T22:51:53,torch-api,0.00%,0B / 0B,0.00%,0B / 0B,0B / 0B
2025-12-04T22:51:54,torch-api,0.00%,0B / 0B,0.00%,0B / 0B,0B / 0B
2025-12-04T22:51:55,torch-api,0.00%,0B / 0B,0.00%,0B / 0B,0B / 0B
2025-12-04T22:51:56,torch-api,0.00%,0B / 0B,0.00%,0B / 0B,0B / 0B
2025-12-04T22:51:57,torch-api,0.00%,0B / 0B,0.00%,0B / 0B,0B / 0B
2025-12-04T22:51:57,torch-api,0.00%,0B / 0B,0.00%,0B / 0B,0B / 0B
2025-12-04T22:51:58,torch-api,0.00%,0B / 0B,0.00%,0B / 0B,0B / 0B
2025-12-04T22:51:59,torch-api,0.00%,0B / 0B,0.00%,0B / 0B,0B / 0B
2025-12-04T22:52:00,torch-api,0.00%,0B / 0B,0.00%,0B / 0B,0B / 0B
2025-12-04T22:52:01,torch-api,0.00%,0B / 0B,0.00%,0B / 0B,0B / 0B
2025-12-04T22:52:02,torch-api,0.00%,0B / 0B,0.00%,0B / 0B,0B / 0B
2025-12-04T22:52:02,torch-api,0.00%,0B / 0B,0.00%,0B / 0B,0B / 0B
2025-12-04T22:52:03,torch-api,0.00%,0B / 0B,0.00%,0B / 0B,0B / 0B
2025-12-04T22:52:04,torch-api,0.00%,0B / 0B,0.00%,0B / 0B,0B / 0B
2025-12-04T22:52:05,torch-api,0.00%,0B / 0B,0.00%,0B / 0B,0B / 0B
2025-12-04T22:52:06,torch-api,0.00%,0B / 0B,0.00%,0B / 0B,0B / 0B
2025-12-04T22:52:07,torch-api,0.00%,0B / 0B,0.00%,0B / 0B,0B / 0B
2025-12-04T22:52:08,torch-api,0.00%,0B / 0B,0.00%,0B / 0B,0B / 0B
2025-12-04T22:52:09,torch-api,0.00%,0B / 0B,0.00%,0B / 0B,0B / 0B
2025-12-04T22:52:09,torch-api,0.00%,0B / 0B,0.00%,0B / 0B,0B / 0B
2025-12-04T22:52:10,torch-api,0.00%,0B / 0B,0.00%,0B / 0B,0B / 0B
2025-12-04T22:52:11,torch-api,0.00%,0B / 0B,0.00%,0B / 0B,0B / 0B
2025-12-04T22:52:12,torch-api,0.00%,0B / 0B,0.00%,0B / 0B,0B / 0B
2025-12-04T22:52:13,torch-api,0.00%,0B / 0B,0.00%,0B / 0B,0B / 0B
2025-12-04T22:52:14,torch-api,0.00%,0B / 0B,0.00%,0B / 0B,0B / 0B
2025-12-04T22:52:14,torch-api,0.00%,0B / 0B,0.00%,0B / 0B,0B / 0B
2025-12-04T22:52:15,torch-api,0.00%,0B / 0B,0.00%,0B / 0B,0B / 0B
2025-12-04T22:52:16,torch-api,0.00%,0B / 0B,0.00%,0B / 0B,0B / 0B
2025-12-04T22:52:17,torch-api,0.00%,0B / 0B,0.00%,0B / 0B,0B / 0B
2025-12-04T22:52:18,torch-api,0.00%,0B / 0B,0.00%,0B / 0B,0B / 0B
2025-12-04T22:52:19,torch-api,0.00%,0B / 0B,0.00%,0B / 0B,0B / 0B
2025-12-04T22:52:19,torch-api,0.00%,0B / 0B,0.00%,0B / 0B,0B / 0B
2025-12-04T22:52:20,torch-api,0.00%,0B / 0B,0.00%,0B / 0B,0B / 0B
2025-12-04T22:52:21,torch-api,0.00%,0B / 0B,0.00%,0B / 0B,0B / 0B
2025-12-04T22:52:22,torch-api,0.00%,0B / 0B,0.00%,0B / 0B,0B / 0B
2025-12-04T22:52:23,torch-api,0.00%,0B / 0B,0.00%,0B / 0B,0B / 0B
2025-12-04T22:52:24,torch-api,0.00%,0B / 0B,0.00%,0B / 0B,0B / 0B
2025-12-04T22:52:24,torch-api,0.00%,0B / 0B,0.00%,0B / 0B,0B / 0B
2025-12-04T22:52:26,torch-api,0.00%,0B / 0B,0.00%,0B / 0B,0B / 0B
2025-12-04T22:52:26,torch-api,0.00%,0B / 0B,0.00%,0B / 0B,0B / 0B
2025-12-04T22:52:27,torch-api,0.00%,0B / 0B,0.00%,0B / 0B,0B / 0B
2025-12-04T22:52:27,torch-api,0.00%,0B / 0B,0.00%,0B / 0B,0B / 0B
2025-12-04T22:52:29,torch-api,0.00%,0B / 0B,0.00%,0B / 0B,0B / 0B
2025-12-04T22:52:29,torch-api,0.00%,0B / 0B,0.00%,0B / 0B,0B / 0B
2025-12-04T22:52:30,torch-api,0.00%,0B / 0B,0.00%,0B / 0B,0B / 0B
2025-12-04T22:52:31,torch-api,0.00%,0B / 0B,0.00%,0B / 0B,0B / 0B
2025-12-04T22:52:32,torch-api,0.00%,0B / 0B,0.00%,0B / 0B,0B / 0B
2025-12-04T22:52:32,torch-api,0.00%,0B / 0B,0.00%,0B / 0B,0B / 0B
2025-12-04T22:52:34,torch-api,0.00%,0B / 0B,0.00%,0B / 0B,0B / 0B
2025-12-04T22:52:34,torch-api,0.00%,0B / 0B,0.00%,0B / 0B,0B / 0B
2025-12-04T22:52:35,torch-api,0.00%,0B / 0B,0.00%,0B / 0B,0B / 0B
2025-12-04T22:52:36,torch-api,0.00%,0B / 0B,0.00%,0B / 0B,0B / 0B
2025-12-04T22:52:37,torch-api,0.00%,0B / 0B,0.00%,0B / 0B,0B / 0B
2025-12-04T22:52:37,torch-api,0.00%,0B / 0B,0.00%,0B / 0B,0B / 0B
2025-12-04T22:52:39,torch-api,0.00%,0B / 0B,0.00%,0B / 0B,0B / 0B
2025-12-04T22:52:40,torch-api,0.00%,0B / 0B,0.00%,0B / 0B,0B / 0B
2025-12-04T22:52:41,torch-api,0.00%,0B / 0B,0.00%,0B / 0B,0B / 0B
2025-12-04T22:52:42,torch-api,0.00%,0B / 0B,0.00%,0B / 0B,0B / 0B
2025-12-04T22:52:44,torch-api,0.00%,0B / 0B,0.00%,0B / 0B,0B / 0B
2025-12-04T22:52:45,torch-api,0.00%,0B / 0B,0.00%,0B / 0B,0B / 0B
2025-12-04T22:52:46,torch-api,0.00%,0B / 0B,0.00%,0B / 0B,0B / 0B
2025-12-04T22:52:47,torch-api,0.00%,0B / 0B,0.00%,0B / 0B,0B / 0B
2025-12-04T22:52:48,torch-api,0.00%,0B / 0B,0.00%,0B / 0B,0B / 0B
2025-12-04T22:52:48,torch-api,0.00%,0B / 0B,0.00%,0B / 0B,0B / 0B
2025-12-04T22:52:49,torch-api,0.00%,0B / 0B,0.00%,0B / 0B,0B / 0B
2025-12-04T22:52:50,torch-api,0.00%,0B / 0B,0.00%,0B / 0B,0B / 0B
2025-12-04T22:52:51,torch-api,0.00%,0B / 0B,0.00%,0B / 0B,0B / 0B
2025-12-04T22:52:52,torch-api,0.00%,0B / 0B,0.00%,0B / 0B,0B / 0B
2025-12-04T22:52:53,torch-api,0.00%,0B / 0B,0.00%,0B / 0B,0B / 0B
2025-12-04T22:52:53,torch-api,0.00%,0B / 0B,0.00%,0B / 0B,0B / 0B
2025-12-04T22:52:54,torch-api,0.00%,0B / 0B,0.00%,0B / 0B,0B / 0B
2025-12-04T22:52:55,torch-api,0.00%,0B / 0B,0.00%,0B / 0B,0B / 0B
2025-12-04T22:52:56,torch-api,0.00%,0B / 0B,0.00%,0B / 0B,0B / 0B
2025-12-04T22:52:56,torch-api,0.00%,0B / 0B,0.00%,0B / 0B,0B / 0B
2025-12-04T22:52:57,torch-api,0.00%,0B / 0B,0.00%,0B / 0B,0B / 0B
2025-12-04T22:52:58,torch-api,0.00%,0B / 0B,0.00%,0B / 0B,0B / 0B
2025-12-04T22:52:59,torch-api,0.00%,0B / 0B,0.00%,0B / 0B,0B / 0B
2025-12-04T22:53:00,torch-api,0.00%,0B / 0B,0.00%,0B / 0B,0B / 0B
2025-12-04T22:53:01,torch-api,0.00%,0B / 0B,0.00%,0B / 0B,0B / 0B
2025-12-04T22:53:02,torch-api,0.00%,0B / 0B,0.00%,0B / 0B,0B / 0B
2025-12-04T22:53:03,torch-api,0.00%,0B / 0B,0.00%,0B / 0B,0B / 0B
2025-12-04T22:53:03,torch-api,0.00%,0B / 0B,0.00%,0B / 0B,0B / 0B
2025-12-04T22:53:04,torch-api,0.00%,0B / 0B,0.00%,0B / 0B,0B / 0B
2025-12-04T22:53:05,torch-api,0.00%,0B / 0B,0.00%,0B / 0B,0B / 0B
2025-12-04T22:53:06,torch-api,0.00%,0B / 0B,0.00%,0B / 0B,0B / 0B
2025-12-04T22:53:07,torch-api,0.00%,0B / 0B,0.00%,0B / 0B,0B / 0B
2025-12-04T22:53:08,torch-api,0.00%,0B / 0B,0.00%,0B / 0B,0B / 0B
2025-12-04T22:53:08,torch-api,0.00%,0B / 0B,0.00%,0B / 0B,0B / 0B
2025-12-04T22:53:09,torch-api,0.00%,0B / 0B,0.00%,0B / 0B,0B / 0B
2025-12-04T22:53:10,torch-api,0.00%,0B / 0B,0.00%,0B / 0B,0B / 0B
2025-12-04T22:53:11,torch-api,0.00%,0B / 0B,0.00%,0B / 0B,0B / 0B
2025-12-04T22:53:12,torch-api,0.00%,0B / 0B,0.00%,0B / 0B,0B / 0B
2025-12-04T22:53:13,torch-api,0.00%,0B / 0B,0.00%,0B / 0B,0B / 0B
2025-12-04T22:53:14,torch-api,0.00%,0B / 0B,0.00%,0B / 0B,0B / 0B
2025-12-04T22:53:15,torch-api,0.00%,0B / 0B,0.00%,0B / 0B,0B / 0B
2025-12-04T22:53:16,torch-api,0.00%,0B / 0B,0.00%,0B / 0B,0B / 0B
2025-12-04T22:53:16,torch-api,0.00%,0B / 0B,0.00%,0B / 0B,0B / 0B
2025-12-04T22:53:17,torch-api,0.00%,0B / 0B,0.00%,0B / 0B,0B / 0B
2025-12-04T22:53:18,torch-api,0.00%,0B / 0B,0.00%,0B / 0B,0B / 0B
2025-12-04T22:53:19,torch-api,0.00%,0B / 0B,0.00%,0B / 0B,0B / 0B
2025-12-04T22:53:20,torch-api,0.00%,0B / 0B,0.00%,0B / 0B,0B / 0B
2025-12-04T22:53:20,torch-api,0.00%,0B / 0B,0.00%,0B / 0B,0B / 0B
2025-12-04T22:53:21,torch-api,0.00%,0B / 0B,0.00%,0B / 0B,0B / 0B
2025-12-04T22:53:22,torch-api,0.00%,0B / 0B,0.00%,0B / 0B,0B / 0B
2025-12-04T22:53:23,torch-api,0.00%,0B / 0B,0.00%,0B / 0B,0B / 0B
2025-12-04T22:53:24,torch-api,0.00%,0B / 0B,0.00%,0B / 0B,0B / 0B
2025-12-04T22:53:25,torch-api,0.00%,0B / 0B,0.00%,0B / 0B,0B / 0B
2025-12-04T22:53:25,torch-api,0.00%,0B / 0B,0.00%,0B / 0B,0B / 0B
2025-12-04T22:53:26,torch-api,0.00%,0B / 0B,0.00%,0B / 0B,0B / 0B
2025-12-04T22:53:27,torch-api,0.00%,0B / 0B,0.00%,0B / 0B,0B / 0B
2025-12-04T22:53:28,torch-api,0.00%,0B / 0B,0.00%,0B / 0B,0B / 0B
2025-12-04T22:53:29,torch-api,0.00%,0B / 0B,0.00%,0B / 0B,0B / 0B
2025-12-04T22:53:29,torch-api,0.00%,0B / 0B,0.00%,0B / 0B,0B / 0B
2025-12-04T22:53:30,torch-api,0.00%,0B / 0B,0.00%,0B / 0B,0B / 0B
2025-12-04T22:53:31,torch-api,0.00%,0B / 0B,0.00%,0B / 0B,0B / 0B
2025-12-04T22:53:32,torch-api,0.00%,0B / 0B,0.00%,0B / 0B,0B / 0B
2025-12-04T22:53:33,torch-api,0.00%,0B / 0B,0.00%,0B / 0B,0B / 0B
2025-12-04T22:53:34,torch-api,0.00%,0B / 0B,0.00%,0B / 0B,0B / 0B
2025-12-04T22:53:34,torch-api,0.00%,0B / 0B,0.00%,0B / 0B,0B / 0B
2025-12-04T22:53:35,torch-api,0.00%,0B / 0B,0.00%,0B / 0B,0B / 0B
2025-12-04T22:53:36,torch-api,0.00%,0B / 0B,0.00%,0B / 0B,0B / 0B
2025-12-04T22:53:37,torch-api,0.00%,0B / 0B,0.00%,0B / 0B,0B / 0B
2025-12-04T22:53:38,torch-api,0.00%,0B / 0B,0.00%,0B / 0B,0B / 0B
2025-12-04T22:53:40,torch-api,0.00%,0B / 0B,0.00%,0B / 0B,0B / 0B
2025-12-04T22:53:41,torch-api,0.00%,0B / 0B,0.00%,0B / 0B,0B / 0B
2025-12-04T22:53:42,torch-api,0.00%,0B / 0B,0.00%,0B / 0B,0B / 0B
2025-12-04T22:53:43,torch-api,0.00%,0B / 0B,0.00%,0B / 0B,0B / 0B
2025-12-04T22:53:45,torch-api,0.00%,0B / 0B,0.00%,0B / 0B,0B / 0B
2025-12-04T22:53:45,torch-api,0.00%,0B / 0B,0.00%,0B / 0B,0B / 0B
2025-12-04T22:53:46,torch-api,0.00%,0B / 0B,0.00%,0B / 0B,0B / 0B
2025-12-04T22:53:47,torch-api,0.00%,0B / 0B,0.00%,0B / 0B,0B / 0B
2025-12-04T22:53:48,torch-api,0.00%,0B / 0B,0.00%,0B / 0B,0B / 0B
2025-12-04T22:53:48,torch-api,0.00%,0B / 0B,0.00%,0B / 0B,0B / 0B
2025-12-04T22:53:49,torch-api,0.00%,0B / 0B,0.00%,0B / 0B,0B / 0B
2025-12-04T22:53:50,torch-api,0.00%,0B / 0B,0.00%,0B / 0B,0B / 0B
2025-12-04T22:53:51,torch-api,0.00%,0B / 0B,0.00%,0B / 0B,0B / 0B
2025-12-04T22:53:51,torch-api,0.00%,0B / 0B,0.00%,0B / 0B,0B / 0B
2025-12-04T22:53:53,torch-api,0.00%,0B / 0B,0.00%,0B / 0B,0B / 0B
2025-12-04T22:53:53,torch-api,0.00%,0B / 0B,0.00%,0B / 0B,0B / 0B
2025-12-04T22:53:55,torch-api,0.00%,0B / 0B,0.00%,0B / 0B,0B / 0B
2025-12-04T22:53:56,torch-api,0.00%,0B / 0B,0.00%,0B / 0B,0B / 0B
2025-12-04T22:53:57,torch-api,0.00%,0B / 0B,0.00%,0B / 0B,0B / 0B
2025-12-04T22:53:58,torch-api,0.00%,0B / 0B,0.00%,0B / 0B,0B / 0B
2025-12-04T22:54:00,torch-api,0.00%,0B / 0B,0.00%,0B / 0B,0B / 0B
2025-12-04T22:54:00,torch-api,0.00%,0B / 0B,0.00%,0B / 0B,0B / 0B
2025-12-04T22:54:01,torch-api,0.00%,0B / 0B,0.00%,0B / 0B,0B / 0B
2025-12-04T22:54:01,torch-api,0.00%,0B / 0B,0.00%,0B / 0B,0B / 0B
2025-12-04T22:54:03,torch-api,0.00%,0B / 0B,0.00%,0B / 0B,0B / 0B
2025-12-04T22:54:03,torch-api,0.00%,0B / 0B,0.00%,0B / 0B,0B / 0B
2025-12-04T22:54:04,torch-api,0.00%,0B / 0B,0.00%,0B / 0B,0B / 0B
2025-12-04T22:54:05,torch-api,0.00%,0B / 0B,0.00%,0B / 0B,0B / 0B
2025-12-04T22:54:06,torch-api,0.00%,0B / 0B,0.00%,0B / 0B,0B / 0B
2025-12-04T22:54:06,torch-api,0.00%,0B / 0B,0.00%,0B / 0B,0B / 0B
2025-12-04T22:54:08,torch-api,0.00%,0B / 0B,0.00%,0B / 0B,0B / 0B
2025-12-04T22:54:08,torch-api,0.00%,0B / 0B,0.00%,0B / 0B,0B / 0B
2025-12-04T22:54:09,torch-api,0.00%,0B / 0B,0.00%,0B / 0B,0B / 0B
2025-12-04T22:54:09,torch-api,0.00%,0B / 0B,0.00%,0B / 0B,0B / 0B
2025-12-04T22:54:11,torch-api,0.00%,0B / 0B,0.00%,0B / 0B,0B / 0B
2025-12-04T22:54:11,torch-api,0.00%,0B / 0B,0.00%,0B / 0B,0B / 0B
2025-12-04T22:54:13,torch-api,0.00%,0B / 0B,0.00%,0B / 0B,0B / 0B
2025-12-04T22:54:13,torch-api,0.00%,0B / 0B,0.00%,0B / 0B,0B / 0B
2025-12-04T22:54:14,torch-api,0.00%,0B / 0B,0.00%,0B / 0B,0B / 0B
2025-12-04T22:54:14,torch-api,0.00%,0B / 0B,0.00%,0B / 0B,0B / 0B
2025-12-04T22:54:16,torch-api,0.00%,0B / 0B,0.00%,0B / 0B,0B / 0B
2025-12-04T22:54:16,torch-api,0.00%,0B / 0B,0.00%,0B / 0B,0B / 0B
2025-12-04T22:54:18,torch-api,0.00%,0B / 0B,0.00%,0B / 0B,0B / 0B
2025-12-04T22:54:18,torch-api,0.00%,0B / 0B,0.00%,0B / 0B,0B / 0B
2025-12-04T22:54:20,torch-api,0.00%,0B / 0B,0.00%,0B / 0B,0B / 0B
2025-12-04T22:54:20,torch-api,0.00%,0B / 0B,0.00%,0B / 0B,0B / 0B
2025-12-04T22:54:22,torch-api,0.00%,0B / 0B,0.00%,0B / 0B,0B / 0B
2025-12-04T22:54:22,torch-api,0.00%,0B / 0B,0.00%,0B / 0B,0B / 0B
2025-12-04T22:54:23,torch-api,0.00%,0B / 0B,0.00%,0B / 0B,0B / 0B
2025-12-04T22:54:23,torch-api,0.00%,0B / 0B,0.00%,0B / 0B,0B / 0B
2025-12-04T22:54:25,torch-api,0.00%,0B / 0B,0.00%,0B / 0B,0B / 0B
2025-12-04T22:54:25,torch-api,0.00%,0B / 0B,0.00%,0B / 0B,0B / 0B
2025-12-04T22:54:27,torch-api,0.00%,0B / 0B,0.00%,0B / 0B,0B / 0B
2025-12-04T22:54:27,torch-api,0.00%,0B / 0B,0.00%,0B / 0B,0B / 0B
2025-12-04T22:54:28,torch-api,0.00%,0B / 0B,0.00%,0B / 0B,0B / 0B
2025-12-04T22:54:28,torch-api,0.00%,0B / 0B,0.00%,0B / 0B,0B / 0B
2025-12-04T22:54:30,torch-api,0.00%,0B / 0B,0.00%,0B / 0B,0B / 0B
2025-12-04T22:54:30,torch-api,0.00%,0B / 0B,0.00%,0B / 0B,0B / 0B
2025-12-04T22:54:31,torch-api,0.00%,0B / 0B,0.00%,0B / 0B,0B / 0B
2025-12-04T22:54:31,torch-api,0.00%,0B / 0B,0.00%,0B / 0B,0B / 0B
2025-12-04T22:54:33,torch-api,0.00%,0B / 0B,0.00%,0B / 0B,0B / 0B
2025-12-04T22:54:33,torch-api,0.00%,0B / 0B,0.00%,0B / 0B,0B / 0B
2025-12-04T22:54:35,torch-api,0.00%,0B / 0B,0.00%,0B / 0B,0B / 0B
2025-12-04T22:54:35,torch-api,0.00%,0B / 0B,0.00%,0B / 0B,0B / 0B
2025-12-04T22:54:36,torch-api,0.00%,0B / 0B,0.00%,0B / 0B,0B / 0B
2025-12-04T22:54:36,torch-api,0.00%,0B / 0B,0.00%,0B / 0B,0B / 0B
2025-12-04T22:54:38,torch-api,0.00%,0B / 0B,0.00%,0B / 0B,0B / 0B
2025-12-04T22:54:38,torch-api,0.00%,0B / 0B,0.00%,0B / 0B,0B / 0B
2025-12-04T22:54:39,torch-api,0.00%,0B / 0B,0.00%,0B / 0B,0B / 0B
2025-12-04T22:54:39,torch-api,0.00%,0B / 0B,0.00%,0B / 0B,0B / 0B
2025-12-04T22:54:41,torch-api,0.00%,0B / 0B,0.00%,0B / 0B,0B / 0B
2025-12-04T22:54:41,torch-api,0.00%,0B / 0B,0.00%,0B / 0B,0B / 0B
2025-12-04T22:54:43,torch-api,0.00%,0B / 0B,0.00%,0B / 0B,0B / 0B
2025-12-04T22:54:43,torch-api,0.00%,0B / 0B,0.00%,0B / 0B,0B / 0B
2025-12-04T22:54:44,torch-api,0.00%,0B / 0B,0.00%,0B / 0B,0B / 0B
2025-12-04T22:54:44,torch-api,0.00%,0B / 0B,0.00%,0B / 0B,0B / 0B
2025-12-04T22:54:46,torch-api,0.00%,0B / 0B,0.00%,0B / 0B,0B / 0B
2025-12-04T22:54:46,torch-api,0.00%,0B / 0B,0.00%,0B / 0B,0B / 0B
2025-12-04T22:54:47,torch-api,0.00%,0B / 0B,0.00%,0B / 0B,0B / 0B
2025-12-04T22:54:47,torch-api,0.00%,0B / 0B,0.00%,0B / 0B,0B / 0B
2025-12-04T22:54:49,torch-api,0.00%,0B / 0B,0.00%,0B / 0B,0B / 0B
2025-12-04T22:54:49,torch-api,0.00%,0B / 0B,0.00%,0B / 0B,0B / 0B
2025-12-04T22:54:51,torch-api,0.00%,0B / 0B,0.00%,0B / 0B,0B / 0B
2025-12-04T22:54:51,torch-api,0.00%,0B / 0B,0.00%,0B / 0B,0B / 0B
2025-12-04T22:54:53,torch-api,0.00%,0B / 0B,0.00%,0B / 0B,0B / 0B
2025-12-04T22:54:53,torch-api,0.00%,0B / 0B,0.00%,0B / 0B,0B / 0B
2025-12-04T22:54:54,torch-api,0.00%,0B / 0B,0.00%,0B / 0B,0B / 0B
2025-12-04T22:54:54,torch-api,0.00%,0B / 0B,0.00%,0B / 0B,0B / 0B
2025-12-04T22:54:56,torch-api,0.00%,0B / 0B,0.00%,0B / 0B,0B / 0B
2025-12-04T22:54:56,torch-api,0.00%,0B / 0B,0.00%,0B / 0B,0B / 0B
2025-12-04T22:54:58,torch-api,0.00%,0B / 0B,0.00%,0B / 0B,0B / 0B
2025-12-04T22:54:58,torch-api,0.00%,0B / 0B,0.00%,0B / 0B,0B / 0B
2025-12-04T22:54:59,torch-api,0.00%,0B / 0B,0.00%,0B / 0B,0B / 0B
2025-12-04T22:54:59,torch-api,0.00%,0B / 0B,0.00%,0B / 0B,0B / 0B
2025-12-04T22:55:01,torch-api,0.00%,0B / 0B,0.00%,0B / 0B,0B / 0B
2025-12-04T22:55:01,torch-api,0.00%,0B / 0B,0.00%,0B / 0B,0B / 0B
2025-12-04T22:55:03,torch-api,0.00%,0B / 0B,0.00%,0B / 0B,0B / 0B
2025-12-04T22:55:03,torch-api,0.00%,0B / 0B,0.00%,0B / 0B,0B / 0B
2025-12-04T22:55:04,torch-api,0.00%,0B / 0B,0.00%,0B / 0B,0B / 0B
2025-12-04T22:55:04,torch-api,0.00%,0B / 0B,0.00%,0B / 0B,0B / 0B
2025-12-04T22:55:06,torch-api,0.00%,0B / 0B,0.00%,0B / 0B,0B / 0B
2025-12-04T22:55:06,torch-api,0.00%,0B / 0B,0.00%,0B / 0B,0B / 0B
2025-12-04T22:55:07,torch-api,0.00%,0B / 0B,0.00%,0B / 0B,0B / 0B
2025-12-04T22:55:07,torch-api,0.00%,0B / 0B,0.00%,0B / 0B,0B / 0B
2025-12-04T22:55:09,torch-api,0.00%,0B / 0B,0.00%,0B / 0B,0B / 0B
2025-12-04T22:55:09,torch-api,0.00%,0B / 0B,0.00%,0B / 0B,0B / 0B
2025-12-04T22:55:11,torch-api,0.00%,0B / 0B,0.00%,0B / 0B,0B / 0B
2025-12-04T22:55:11,torch-api,0.00%,0B / 0B,0.00%,0B / 0B,0B / 0B
2025-12-04T22:55:12,torch-api,0.00%,0B / 0B,0.00%,0B / 0B,0B / 0B
2025-12-04T22:55:12,torch-api,0.00%,0B / 0B,0.00%,0B / 0B,0B / 0B
2025-12-04T22:55:14,torch-api,0.00%,0B / 0B,0.00%,0B / 0B,0B / 0B
2025-12-04T22:55:14,torch-api,0.00%,0B / 0B,0.00%,0B / 0B,0B / 0B
2025-12-04T22:55:16,torch-api,0.00%,0B / 0B,0.00%,0B / 0B,0B / 0B
2025-12-04T22:55:16,torch-api,0.00%,0B / 0B,0.00%,0B / 0B,0B / 0B
2025-12-04T22:55:17,torch-api,0.00%,0B / 0B,0.00%,0B / 0B,0B / 0B
2025-12-04T22:55:17,torch-api,0.00%,0B / 0B,0.00%,0B / 0B,0B / 0B
2025-12-04T22:55:19,torch-api,0.00%,0B / 0B,0.00%,0B / 0B,0B / 0B
2025-12-04T22:55:19,torch-api,0.00%,0B / 0B,0.00%,0B / 0B,0B / 0B
2025-12-04T22:55:21,torch-api,0.00%,0B / 0B,0.00%,0B / 0B,0B / 0B
2025-12-04T22:55:21,torch-api,0.00%,0B / 0B,0.00%,0B / 0B,0B / 0B
2025-12-04T22:55:22,torch-api,0.00%,0B / 0B,0.00%,0B / 0B,0B / 0B
2025-12-04T22:55:22,torch-api,0.00%,0B / 0B,0.00%,0B / 0B,0B / 0B
2025-12-04T22:55:24,torch-api,0.00%,0B / 0B,0.00%,0B / 0B,0B / 0B
2025-12-04T22:55:24,torch-api,0.00%,0B / 0B,0.00%,0B / 0B,0B / 0B
2025-12-04T22:55:26,torch-api,0.00%,0B / 0B,0.00%,0B / 0B,0B / 0B
2025-12-04T22:55:26,torch-api,0.00%,0B / 0B,0.00%,0B / 0B,0B / 0B
2025-12-04T22:55:28,torch-api,0.00%,0B / 0B,0.00%,0B / 0B,0B / 0B
2025-12-04T22:55:28,torch-api,0.00%,0B / 0B,0.00%,0B / 0B,0B / 0B
2025-12-04T22:55:29,torch-api,0.00%,0B / 0B,0.00%,0B / 0B,0B / 0B
2025-12-04T22:55:29,torch-api,0.00%,0B / 0B,0.00%,0B / 0B,0B / 0B
2025-12-04T22:55:31,torch-api,0.00%,0B / 0B,0.00%,0B / 0B,0B / 0B
2025-12-04T22:55:31,torch-api,0.00%,0B / 0B,0.00%,0B / 0B,0B / 0B
2025-12-04T22:55:32,torch-api,0.00%,0B / 0B,0.00%,0B / 0B,0B / 0B
2025-12-04T22:55:32,torch-api,0.00%,0B / 0B,0.00%,0B / 0B,0B / 0B
2025-12-04T22:55:34,torch-api,0.00%,0B / 0B,0.00%,0B / 0B,0B / 0B
2025-12-04T22:55:34,torch-api,0.00%,0B / 0B,0.00%,0B / 0B,0B / 0B
2025-12-04T22:55:36,torch-api,0.00%,0B / 0B,0.00%,0B / 0B,0B / 0B
2025-12-04T22:55:36,torch-api,0.00%,0B / 0B,0.00%,0B / 0B,0B / 0B
2025-12-04T22:55:37,torch-api,0.00%,0B / 0B,0.00%,0B / 0B,0B / 0B
2025-12-04T22:55:37,torch-api,0.00%,0B / 0B,0.00%,0B / 0B,0B / 0B
2025-12-04T22:55:39,torch-api,0.00%,0B / 0B,0.00%,0B / 0B,0B / 0B
2025-12-04T22:55:39,torch-api,0.00%,0B / 0B,0.00%,0B / 0B,0B / 0B
2025-12-04T22:55:41,torch-api,0.00%,0B / 0B,0.00%,0B / 0B,0B / 0B
2025-12-04T22:55:41,torch-api,0.00%,0B / 0B,0.00%,0B / 0B,0B / 0B
2025-12-04T22:55:42,torch-api,0.00%,0B / 0B,0.00%,0B / 0B,0B / 0B
2025-12-04T22:55:42,torch-api,0.00%,0B / 0B,0.00%,0B / 0B,0B / 0B
2025-12-04T22:55:44,torch-api,0.00%,0B / 0B,0.00%,0B / 0B,0B / 0B
2025-12-04T22:55:44,torch-api,0.00%,0B / 0B,0.00%,0B / 0B,0B / 0B
2025-12-04T22:55:45,torch-api,0.00%,0B / 0B,0.00%,0B / 0B,0B / 0B
2025-12-04T22:55:45,torch-api,0.00%,0B / 0B,0.00%,0B / 0B,0B / 0B
2025-12-04T22:55:47,torch-api,0.00%,0B / 0B,0.00%,0B / 0B,0B / 0B
2025-12-04T22:55:47,torch-api,0.00%,0B / 0B,0.00%,0B / 0B,0B / 0B
2025-12-04T22:55:49,torch-api,0.00%,0B / 0B,0.00%,0B / 0B,0B / 0B
2025-12-04T22:55:49,torch-api,0.00%,0B / 0B,0.00%,0B / 0B,0B / 0B
2025-12-04T22:55:52,torch-api,0.00%,0B / 0B,0.00%,0B / 0B,0B / 0B
2025-12-04T22:55:52,torch-api,0.00%,0B / 0B,0.00%,0B / 0B,0B / 0B
2025-12-04T22:55:53,torch-api,0.00%,0B / 0B,0.00%,0B / 0B,0B / 0B
2025-12-04T22:55:53,torch-api,0.00%,0B / 0B,0.00%,0B / 0B,0B / 0B
2025-12-04T22:55:55,torch-api,0.00%,0B / 0B,0.00%,0B / 0B,0B / 0B
2025-12-04T22:55:55,torch-api,0.00%,0B / 0B,0.00%,0B / 0B,0B / 0B
2025-12-04T22:55:58,torch-api,0.00%,0B / 0B,0.00%,0B / 0B,0B / 0B
2025-12-04T22:55:58,torch-api,0.00%,0B / 0B,0.00%,0B / 0B,0B / 0B
2025-12-04T22:56:00,torch-api,0.00%,0B / 0B,0.00%,0B / 0B,0B / 0B
2025-12-04T22:56:00,torch-api,0.00%,0B / 0B,0.00%,0B / 0B,0B / 0B
2025-12-04T22:56:02,torch-api,0.00%,0B / 0B,0.00%,0B / 0B,0B / 0B
2025-12-04T22:56:02,torch-api,0.00%,0B / 0B,0.00%,0B / 0B,0B / 0B
2025-12-04T22:56:03,torch-api,0.00%,0B / 0B,0.00%,0B / 0B,0B / 0B
2025-12-04T22:56:03,torch-api,0.00%,0B / 0B,0.00%,0B / 0B,0B / 0B
2025-12-04T22:56:05,torch-api,0.00%,0B / 0B,0.00%,0B / 0B,0B / 0B
2025-12-04T22:56:05,torch-api,0.00%,0B / 0B,0.00%,0B / 0B,0B / 0B
2025-12-04T22:56:07,torch-api,0.00%,0B / 0B,0.00%,0B / 0B,0B / 0B
2025-12-04T22:56:07,torch-api,0.00%,0B / 0B,0.00%,0B / 0B,0B / 0B
2025-12-04T22:56:08,torch-api,0.00%,0B / 0B,0.00%,0B / 0B,0B / 0B
2025-12-04T22:56:08,torch-api,0.00%,0B / 0B,0.00%,0B / 0B,0B / 0B
2025-12-04T22:56:10,torch-api,0.00%,0B / 0B,0.00%,0B / 0B,0B / 0B
2025-12-04T22:56:10,torch-api,0.00%,0B / 0B,0.00%,0B / 0B,0B / 0B
2025-12-04T22:56:11,torch-api,0.00%,0B / 0B,0.00%,0B / 0B,0B / 0B
2025-12-04T22:56:11,torch-api,0.00%,0B / 0B,0.00%,0B / 0B,0B / 0B
2025-12-04T22:56:13,torch-api,0.00%,0B / 0B,0.00%,0B / 0B,0B / 0B
2025-12-04T22:56:13,torch-api,0.00%,0B / 0B,0.00%,0B / 0B,0B / 0B
2025-12-04T22:56:15,torch-api,0.00%,0B / 0B,0.00%,0B / 0B,0B / 0B
2025-12-04T22:56:15,torch-api,0.00%,0B / 0B,0.00%,0B / 0B,0B / 0B
2025-12-04T22:56:18,torch-api,0.00%,0B / 0B,0.00%,0B / 0B,0B / 0B
2025-12-04T22:56:18,torch-api,0.00%,0B / 0B,0.00%,0B / 0B,0B / 0B
2025-12-04T22:56:19,torch-api,0.00%,0B / 0B,0.00%,0B / 0B,0B / 0B
2025-12-04T22:56:19,torch-api,0.00%,0B / 0B,0.00%,0B / 0B,0B / 0B
2025-12-04T22:56:21,torch-api,0.00%,0B / 0B,0.00%,0B / 0B,0B / 0B
2025-12-04T22:56:21,torch-api,0.00%,0B / 0B,0.00%,0B / 0B,0B / 0B
2025-12-04T22:56:23,torch-api,0.00%,0B / 0B,0.00%,0B / 0B,0B / 0B
2025-12-04T22:56:23,torch-api,0.00%,0B / 0B,0.00%,0B / 0B,0B / 0B
2025-12-04T22:56:24,torch-api,0.00%,0B / 0B,0.00%,0B / 0B,0B / 0B
2025-12-04T22:56:24,torch-api,0.00%,0B / 0B,0.00%,0B / 0B,0B / 0B
2025-12-04T22:56:26,torch-api,0.00%,0B / 0B,0.00%,0B / 0B,0B / 0B
2025-12-04T22:56:26,torch-api,0.00%,0B / 0B,0.00%,0B / 0B,0B / 0B
2025-12-04T22:56:28,torch-api,0.00%,0B / 0B,0.00%,0B / 0B,0B / 0B
2025-12-04T22:56:28,torch-api,0.00%,0B / 0B,0.00%,0B / 0B,0B / 0B
2025-12-04T22:56:30,torch-api,0.00%,0B / 0B,0.00%,0B / 0B,0B / 0B
2025-12-04T22:56:30,torch-api,0.00%,0B / 0B,0.00%,0B / 0B,0B / 0B
2025-12-04T22:56:31,torch-api,0.00%,0B / 0B,0.00%,0B / 0B,0B / 0B
2025-12-04T22:56:31,torch-api,0.00%,0B / 0B,0.00%,0B / 0B,0B / 0B
2025-12-04T22:56:33,torch-api,0.00%,0B / 0B,0.00%,0B / 0B,0B / 0B
2025-12-04T22:56:33,torch-api,0.00%,0B / 0B,0.00%,0B / 0B,0B / 0B
2025-12-04T22:56:35,torch-api,0.00%,0B / 0B,0.00%,0B / 0B,0B / 0B
2025-12-04T22:56:35,torch-api,0.00%,0B / 0B,0.00%,0B / 0B,0B / 0B
2025-12-04T22:56:36,torch-api,0.00%,0B / 0B,0.00%,0B / 0B,0B / 0B
2025-12-04T22:56:36,torch-api,0.00%,0B / 0B,0.00%,0B / 0B,0B / 0B
2025-12-04T22:56:38,torch-api,0.00%,0B / 0B,0.00%,0B / 0B,0B / 0B
2025-12-04T22:56:38,torch-api,0.00%,0B / 0B,0.00%,0B / 0B,0B / 0B
2025-12-04T22:56:40,torch-api,0.00%,0B / 0B,0.00%,0B / 0B,0B / 0B
2025-12-04T22:56:40,torch-api,0.00%,0B / 0B,0.00%,0B / 0B,0B / 0B
2025-12-04T22:56:41,torch-api,0.00%,0B / 0B,0.00%,0B / 0B,0B / 0B
2025-12-04T22:56:41,torch-api,0.00%,0B / 0B,0.00%,0B / 0B,0B / 0B
2025-12-04T22:56:43,torch-api,0.00%,0B / 0B,0.00%,0B / 0B,0B / 0B
2025-12-04T22:56:43,torch-api,0.00%,0B / 0B,0.00%,0B / 0B,0B / 0B
2025-12-04T22:56:45,torch-api,0.00%,0B / 0B,0.00%,0B / 0B,0B / 0B
2025-12-04T22:56:45,torch-api,0.00%,0B / 0B,0.00%,0B / 0B,0B / 0B
2025-12-04T22:56:46,torch-api,0.00%,0B / 0B,0.00%,0B / 0B,0B / 0B
2025-12-04T22:56:46,torch-api,0.00%,0B / 0B,0.00%,0B / 0B,0B / 0B
2025-12-04T22:56:48,torch-api,0.00%,0B / 0B,0.00%,0B / 0B,0B / 0B
2025-12-04T22:56:48,torch-api,0.00%,0B / 0B,0.00%,0B / 0B,0B / 0B
2025-12-04T22:56:49,torch-api,0.00%,0B / 0B,0.00%,0B / 0B,0B / 0B
2025-12-04T22:56:49,torch-api,0.00%,0B / 0B,0.00%,0B / 0B,0B / 0B
2025-12-04T22:56:51,torch-api,0.00%,0B / 0B,0.00%,0B / 0B,0B / 0B
2025-12-04T22:56:51,torch-api,0.00%,0B / 0B,0.00%,0B / 0B,0B / 0B
2025-12-04T22:56:53,torch-api,0.00%,0B / 0B,0.00%,0B / 0B,0B / 0B
2025-12-04T22:56:53,torch-api,0.00%,0B / 0B,0.00%,0B / 0B,0B / 0B
2025-12-04T22:56:54,torch-api,0.00%,0B / 0B,0.00%,0B / 0B,0B / 0B
2025-12-04T22:56:54,torch-api,0.00%,0B / 0B,0.00%,0B / 0B,0B / 0B
2025-12-04T22:56:56,torch-api,0.00%,0B / 0B,0.00%,0B / 0B,0B / 0B
2025-12-04T22:56:56,torch-api,0.00%,0B / 0B,0.00%,0B / 0B,0B / 0B
2025-12-04T22:56:57,torch-api,0.00%,0B / 0B,0.00%,0B / 0B,0B / 0B
2025-12-04T22:56:58,torch-api,0.00%,0B / 0B,0.00%,0B / 0B,0B / 0B
2025-12-04T22:56:59,torch-api,0.00%,0B / 0B,0.00%,0B / 0B,0B / 0B
2025-12-04T22:56:59,torch-api,0.00%,0B / 0B,0.00%,0B / 0B,0B / 0B
2025-12-04T22:57:01,torch-api,0.00%,0B / 0B,0.00%,0B / 0B,0B / 0B
2025-12-04T22:57:01,torch-api,0.00%,0B / 0B,0.00%,0B / 0B,0B / 0B
2025-12-04T22:57:03,torch-api,0.00%,0B / 0B,0.00%,0B / 0B,0B / 0B
2025-12-04T22:57:03,torch-api,0.00%,0B / 0B,0.00%,0B / 0B,0B / 0B
2025-12-04T22:57:04,torch-api,0.00%,0B / 0B,0.00%,0B / 0B,0B / 0B
2025-12-04T22:57:05,torch-api,0.00%,0B / 0B,0.00%,0B / 0B,0B / 0B
2025-12-04T22:57:06,torch-api,0.00%,0B / 0B,0.00%,0B / 0B,0B / 0B
2025-12-04T22:57:06,torch-api,0.00%,0B / 0B,0.00%,0B / 0B,0B / 0B
2025-12-04T22:57:08,torch-api,0.00%,0B / 0B,0.00%,0B / 0B,0B / 0B
2025-12-04T22:57:08,torch-api,0.00%,0B / 0B,0.00%,0B / 0B,0B / 0B
2025-12-04T22:57:10,torch-api,0.00%,0B / 0B,0.00%,0B / 0B,0B / 0B
2025-12-04T22:57:11,torch-api,0.00%,0B / 0B,0.00%,0B / 0B,0B / 0B
2025-12-04T22:57:13,torch-api,0.00%,0B / 0B,0.00%,0B / 0B,0B / 0B
2025-12-04T22:57:13,torch-api,0.00%,0B / 0B,0.00%,0B / 0B,0B / 0B
2025-12-04T22:57:16,torch-api,0.00%,0B / 0B,0.00%,0B / 0B,0B / 0B
2025-12-04T22:57:17,torch-api,0.00%,0B / 0B,0.00%,0B / 0B,0B / 0B
2025-12-04T22:57:19,torch-api,0.00%,0B / 0B,0.00%,0B / 0B,0B / 0B
2025-12-04T22:57:19,torch-api,0.00%,0B / 0B,0.00%,0B / 0B,0B / 0B
2025-12-04T22:57:22,torch-api,0.00%,0B / 0B,0.00%,0B / 0B,0B / 0B
2025-12-04T22:57:22,torch-api,0.00%,0B / 0B,0.00%,0B / 0B,0B / 0B
2025-12-04T22:57:23,torch-api,0.00%,0B / 0B,0.00%,0B / 0B,0B / 0B
2025-12-04T22:57:24,torch-api,0.00%,0B / 0B,0.00%,0B / 0B,0B / 0B
2025-12-04T22:57:25,torch-api,0.00%,0B / 0B,0.00%,0B / 0B,0B / 0B
2025-12-04T22:57:25,torch-api,0.00%,0B / 0B,0.00%,0B / 0B,0B / 0B
2025-12-04T22:57:27,torch-api,0.00%,0B / 0B,0.00%,0B / 0B,0B / 0B
2025-12-04T22:57:27,torch-api,0.00%,0B / 0B,0.00%,0B / 0B,0B / 0B
2025-12-04T22:57:29,torch-api,0.00%,0B / 0B,0.00%,0B / 0B,0B / 0B
2025-12-04T22:57:29,torch-api,0.00%,0B / 0B,0.00%,0B / 0B,0B / 0B
2025-12-04T22:57:31,torch-api,0.00%,0B / 0B,0.00%,0B / 0B,0B / 0B
2025-12-04T22:57:31,torch-api,0.00%,0B / 0B,0.00%,0B / 0B,0B / 0B
2025-12-04T22:57:33,torch-api,0.00%,0B / 0B,0.00%,0B / 0B,0B / 0B
2025-12-04T22:57:33,torch-api,0.00%,0B / 0B,0.00%,0B / 0B,0B / 0B
2025-12-04T22:57:35,torch-api,0.00%,0B / 0B,0.00%,0B / 0B,0B / 0B
2025-12-04T22:57:36,torch-api,0.00%,0B / 0B,0.00%,0B / 0B,0B / 0B
2025-12-04T22:57:38,torch-api,0.00%,0B / 0B,0.00%,0B / 0B,0B / 0B
2025-12-04T22:57:38,torch-api,0.00%,0B / 0B,0.00%,0B / 0B,0B / 0B
2025-12-04T22:57:40,torch-api,0.00%,0B / 0B,0.00%,0B / 0B,0B / 0B
2025-12-04T22:57:40,torch-api,0.00%,0B / 0B,0.00%,0B / 0B,0B / 0B
2025-12-04T22:57:41,torch-api,0.00%,0B / 0B,0.00%,0B / 0B,0B / 0B
2025-12-04T22:57:42,torch-api,0.00%,0B / 0B,0.00%,0B / 0B,0B / 0B
2025-12-04T22:57:43,torch-api,0.00%,0B / 0B,0.00%,0B / 0B,0B / 0B
2025-12-04T22:57:43,torch-api,0.00%,0B / 0B,0.00%,0B / 0B,0B / 0B
2025-12-04T22:57:45,torch-api,0.00%,0B / 0B,0.00%,0B / 0B,0B / 0B
2025-12-04T22:57:45,torch-api,0.00%,0B / 0B,0.00%,0B / 0B,0B / 0B
2025-12-04T22:57:47,torch-api,0.00%,0B / 0B,0.00%,0B / 0B,0B / 0B
2025-12-04T22:57:47,torch-api,0.00%,0B / 0B,0.00%,0B / 0B,0B / 0B
2025-12-04T22:57:48,torch-api,0.00%,0B / 0B,0.00%,0B / 0B,0B / 0B
2025-12-04T22:57:48,torch-api,0.00%,0B / 0B,0.00%,0B / 0B,0B / 0B
2025-12-04T22:57:50,torch-api,0.00%,0B / 0B,0.00%,0B / 0B,0B / 0B
2025-12-04T22:57:50,torch-api,0.00%,0B / 0B,0.00%,0B / 0B,0B / 0B
2025-12-04T22:57:51,torch-api,0.00%,0B / 0B,0.00%,0B / 0B,0B / 0B
2025-12-04T22:57:51,torch-api,0.00%,0B / 0B,0.00%,0B / 0B,0B / 0B
2025-12-04T22:57:53,torch-api,0.00%,0B / 0B,0.00%,0B / 0B,0B / 0B
2025-12-04T22:57:53,torch-api,0.00%,0B / 0B,0.00%,0B / 0B,0B / 0B
2025-12-04T22:57:55,torch-api,0.00%,0B / 0B,0.00%,0B / 0B,0B / 0B
2025-12-04T22:57:55,torch-api,0.00%,0B / 0B,0.00%,0B / 0B,0B / 0B
2025-12-04T22:57:56,torch-api,0.00%,0B / 0B,0.00%,0B / 0B,0B / 0B
2025-12-04T22:57:56,torch-api,0.00%,0B / 0B,0.00%,0B / 0B,0B / 0B
2025-12-04T22:57:58,torch-api,0.00%,0B / 0B,0.00%,0B / 0B,0B / 0B
2025-12-04T22:57:58,torch-api,0.00%,0B / 0B,0.00%,0B / 0B,0B / 0B
2025-12-04T22:58:00,torch-api,0.00%,0B / 0B,0.00%,0B / 0B,0B / 0B
2025-12-04T22:58:00,torch-api,0.00%,0B / 0B,0.00%,0B / 0B,0B / 0B
2025-12-04T22:58:01,torch-api,0.00%,0B / 0B,0.00%,0B / 0B,0B / 0B
2025-12-04T22:58:01,torch-api,0.00%,0B / 0B,0.00%,0B / 0B,0B / 0B
2025-12-04T22:58:03,torch-api,0.00%,0B / 0B,0.00%,0B / 0B,0B / 0B
2025-12-04T22:58:03,torch-api,0.00%,0B / 0B,0.00%,0B / 0B,0B / 0B
2025-12-04T22:58:04,torch-api,0.00%,0B / 0B,0.00%,0B / 0B,0B / 0B
2025-12-04T22:58:04,torch-api,0.00%,0B / 0B,0.00%,0B / 0B,0B / 0B
2025-12-04T22:58:06,torch-api,0.00%,0B / 0B,0.00%,0B / 0B,0B / 0B
2025-12-04T22:58:06,torch-api,0.00%,0B / 0B,0.00%,0B / 0B,0B / 0B
2025-12-04T22:58:08,torch-api,0.00%,0B / 0B,0.00%,0B / 0B,0B / 0B
2025-12-04T22:58:08,torch-api,0.00%,0B / 0B,0.00%,0B / 0B,0B / 0B
2025-12-04T22:58:10,torch-api,0.00%,0B / 0B,0.00%,0B / 0B,0B / 0B
2025-12-04T22:58:10,torch-api,0.00%,0B / 0B,0.00%,0B / 0B,0B / 0B
2025-12-04T22:58:11,torch-api,0.00%,0B / 0B,0.00%,0B / 0B,0B / 0B
2025-12-04T22:58:11,torch-api,0.00%,0B / 0B,0.00%,0B / 0B,0B / 0B
2025-12-04T22:58:13,torch-api,0.00%,0B / 0B,0.00%,0B / 0B,0B / 0B
2025-12-04T22:58:13,torch-api,0.00%,0B / 0B,0.00%,0B / 0B,0B / 0B
2025-12-04T22:58:15,torch-api,0.00%,0B / 0B,0.00%,0B / 0B,0B / 0B
2025-12-04T22:58:15,torch-api,0.00%,0B / 0B,0.00%,0B / 0B,0B / 0B
2025-12-04T22:58:16,torch-api,0.00%,0B / 0B,0.00%,0B / 0B,0B / 0B
2025-12-04T22:58:16,torch-api,0.00%,0B / 0B,0.00%,0B / 0B,0B / 0B
2025-12-04T22:58:18,torch-api,0.00%,0B / 0B,0.00%,0B / 0B,0B / 0B
2025-12-04T22:58:18,torch-api,0.00%,0B / 0B,0.00%,0B / 0B,0B / 0B
2025-12-04T22:58:20,torch-api,0.00%,0B / 0B,0.00%,0B / 0B,0B / 0B
2025-12-04T22:58:20,torch-api,0.00%,0B / 0B,0.00%,0B / 0B,0B / 0B
2025-12-04T22:58:21,torch-api,0.00%,0B / 0B,0.00%,0B / 0B,0B / 0B
2025-12-04T22:58:21,torch-api,0.00%,0B / 0B,0.00%,0B / 0B,0B / 0B
2025-12-04T22:58:23,torch-api,0.00%,0B / 0B,0.00%,0B / 0B,0B / 0B
2025-12-04T22:58:23,torch-api,0.00%,0B / 0B,0.00%,0B / 0B,0B / 0B
2025-12-04T22:58:24,torch-api,0.00%,0B / 0B,0.00%,0B / 0B,0B / 0B
2025-12-04T22:58:24,torch-api,0.00%,0B / 0B,0.00%,0B / 0B,0B / 0B
2025-12-04T22:58:26,torch-api,0.00%,0B / 0B,0.00%,0B / 0B,0B / 0B
2025-12-04T22:58:26,torch-api,0.00%,0B / 0B,0.00%,0B / 0B,0B / 0B
2025-12-04T22:58:28,torch-api,0.00%,0B / 0B,0.00%,0B / 0B,0B / 0B
2025-12-04T22:58:28,torch-api,0.00%,0B / 0B,0.00%,0B / 0B,0B / 0B
2025-12-04T22:58:29,torch-api,0.00%,0B / 0B,0.00%,0B / 0B,0B / 0B
2025-12-04T22:58:29,torch-api,0.00%,0B / 0B,0.00%,0B / 0B,0B / 0B
2025-12-04T22:58:31,torch-api,0.00%,0B / 0B,0.00%,0B / 0B,0B / 0B
2025-12-04T22:58:31,torch-api,0.00%,0B / 0B,0.00%,0B / 0B,0B / 0B
2025-12-04T22:58:33,torch-api,0.00%,0B / 0B,0.00%,0B / 0B,0B / 0B
2025-12-04T22:58:33,torch-api,0.00%,0B / 0B,0.00%,0B / 0B,0B / 0B
2025-12-04T22:58:34,torch-api,0.00%,0B / 0B,0.00%,0B / 0B,0B / 0B
2025-12-04T22:58:34,torch-api,0.00%,0B / 0B,0.00%,0B / 0B,0B / 0B
2025-12-04T22:58:36,torch-api,0.00%,0B / 0B,0.00%,0B / 0B,0B / 0B
2025-12-04T22:58:36,torch-api,0.00%,0B / 0B,0.00%,0B / 0B,0B / 0B
2025-12-04T22:58:37,torch-api,0.00%,0B / 0B,0.00%,0B / 0B,0B / 0B
2025-12-04T22:58:37,torch-api,0.00%,0B / 0B,0.00%,0B / 0B,0B / 0B
2025-12-04T22:58:39,torch-api,0.00%,0B / 0B,0.00%,0B / 0B,0B / 0B
2025-12-04T22:58:39,torch-api,0.00%,0B / 0B,0.00%,0B / 0B,0B / 0B
2025-12-04T22:58:41,torch-api,0.00%,0B / 0B,0.00%,0B / 0B,0B / 0B
2025-12-04T22:58:41,torch-api,0.00%,0B / 0B,0.00%,0B / 0B,0B / 0B
2025-12-04T22:58:43,torch-api,0.00%,0B / 0B,0.00%,0B / 0B,0B / 0B
2025-12-04T22:58:43,torch-api,0.00%,0B / 0B,0.00%,0B / 0B,0B / 0B
2025-12-04T22:58:44,torch-api,0.00%,0B / 0B,0.00%,0B / 0B,0B / 0B
2025-12-04T22:58:44,torch-api,0.00%,0B / 0B,0.00%,0B / 0B,0B / 0B
2025-12-04T22:58:46,torch-api,0.00%,0B / 0B,0.00%,0B / 0B,0B / 0B
2025-12-04T22:58:46,torch-api,0.00%,0B / 0B,0.00%,0B / 0B,0B / 0B
2025-12-04T22:58:48,torch-api,0.00%,0B / 0B,0.00%,0B / 0B,0B / 0B
2025-12-04T22:58:48,torch-api,0.00%,0B / 0B,0.00%,0B / 0B,0B / 0B
2025-12-04T22:58:49,torch-api,0.00%,0B / 0B,0.00%,0B / 0B,0B / 0B
2025-12-04T22:58:49,torch-api,0.00%,0B / 0B,0.00%,0B / 0B,0B / 0B
2025-12-04T22:58:51,torch-api,0.00%,0B / 0B,0.00%,0B / 0B,0B / 0B
2025-12-04T22:58:51,torch-api,0.00%,0B / 0B,0.00%,0B / 0B,0B / 0B
2025-12-04T22:58:52,torch-api,0.00%,0B / 0B,0.00%,0B / 0B,0B / 0B
2025-12-04T22:58:52,torch-api,0.00%,0B / 0B,0.00%,0B / 0B,0B / 0B
2025-12-04T22:58:54,torch-api,0.00%,0B / 0B,0.00%,0B / 0B,0B / 0B
2025-12-04T22:58:54,torch-api,0.00%,0B / 0B,0.00%,0B / 0B,0B / 0B
2025-12-04T22:58:56,torch-api,0.00%,0B / 0B,0.00%,0B / 0B,0B / 0B
2025-12-04T22:58:56,torch-api,0.00%,0B / 0B,0.00%,0B / 0B,0B / 0B
2025-12-04T22:58:57,torch-api,0.00%,0B / 0B,0.00%,0B / 0B,0B / 0B
2025-12-04T22:58:57,torch-api,0.00%,0B / 0B,0.00%,0B / 0B,0B / 0B
2025-12-04T22:58:59,torch-api,0.00%,0B / 0B,0.00%,0B / 0B,0B / 0B
2025-12-04T22:58:59,torch-api,0.00%,0B / 0B,0.00%,0B / 0B,0B / 0B
2025-12-04T22:59:01,torch-api,0.00%,0B / 0B,0.00%,0B / 0B,0B / 0B
2025-12-04T22:59:01,torch-api,0.00%,0B / 0B,0.00%,0B / 0B,0B / 0B
2025-12-04T22:59:02,torch-api,0.00%,0B / 0B,0.00%,0B / 0B,0B / 0B
2025-12-04T22:59:02,torch-api,0.00%,0B / 0B,0.00%,0B / 0B,0B / 0B
2025-12-04T22:59:04,torch-api,0.00%,0B / 0B,0.00%,0B / 0B,0B / 0B
2025-12-04T22:59:04,torch-api,0.00%,0B / 0B,0.00%,0B / 0B,0B / 0B
2025-12-04T22:59:05,torch-api,0.00%,0B / 0B,0.00%,0B / 0B,0B / 0B
2025-12-04T22:59:06,torch-api,0.00%,0B / 0B,0.00%,0B / 0B,0B / 0B
2025-12-04T22:59:07,torch-api,0.00%,0B / 0B,0.00%,0B / 0B,0B / 0B
2025-12-04T22:59:07,torch-api,0.00%,0B / 0B,0.00%,0B / 0B,0B / 0B
2025-12-04T22:59:09,torch-api,0.00%,0B / 0B,0.00%,0B / 0B,0B / 0B
2025-12-04T22:59:09,torch-api,0.00%,0B / 0B,0.00%,0B / 0B,0B / 0B
2025-12-04T22:59:10,torch-api,0.00%,0B / 0B,0.00%,0B / 0B,0B / 0B
2025-12-04T22:59:10,torch-api,0.00%,0B / 0B,0.00%,0B / 0B,0B / 0B
2025-12-04T22:59:12,torch-api,0.00%,0B / 0B,0.00%,0B / 0B,0B / 0B
2025-12-04T22:59:12,torch-api,0.00%,0B / 0B,0.00%,0B / 0B,0B / 0B
2025-12-04T22:59:14,torch-api,0.00%,0B / 0B,0.00%,0B / 0B,0B / 0B
2025-12-04T22:59:14,torch-api,0.00%,0B / 0B,0.00%,0B / 0B,0B / 0B
2025-12-04T22:59:16,torch-api,0.00%,0B / 0B,0.00%,0B / 0B,0B / 0B
2025-12-04T22:59:16,torch-api,0.00%,0B / 0B,0.00%,0B / 0B,0B / 0B
2025-12-04T22:59:17,torch-api,0.00%,0B / 0B,0.00%,0B / 0B,0B / 0B
2025-12-04T22:59:17,torch-api,0.00%,0B / 0B,0.00%,0B / 0B,0B / 0B
2025-12-04T22:59:19,torch-api,0.00%,0B / 0B,0.00%,0B / 0B,0B / 0B
2025-12-04T22:59:19,torch-api,0.00%,0B / 0B,0.00%,0B / 0B,0B / 0B
2025-12-04T22:59:21,torch-api,0.00%,0B / 0B,0.00%,0B / 0B,0B / 0B
2025-12-04T22:59:21,torch-api,0.00%,0B / 0B,0.00%,0B / 0B,0B / 0B
2025-12-04T22:59:22,torch-api,0.00%,0B / 0B,0.00%,0B / 0B,0B / 0B
2025-12-04T22:59:22,torch-api,0.00%,0B / 0B,0.00%,0B / 0B,0B / 0B
2025-12-04T22:59:24,torch-api,0.00%,0B / 0B,0.00%,0B / 0B,0B / 0B
2025-12-04T22:59:24,torch-api,0.00%,0B / 0B,0.00%,0B / 0B,0B / 0B
2025-12-04T22:59:25,torch-api,0.00%,0B / 0B,0.00%,0B / 0B,0B / 0B
2025-12-04T22:59:25,torch-api,0.00%,0B / 0B,0.00%,0B / 0B,0B / 0B
2025-12-04T22:59:27,torch-api,0.00%,0B / 0B,0.00%,0B / 0B,0B / 0B
2025-12-04T22:59:27,torch-api,0.00%,0B / 0B,0.00%,0B / 0B,0B / 0B
2025-12-04T22:59:29,torch-api,0.00%,0B / 0B,0.00%,0B / 0B,0B / 0B
2025-12-04T22:59:29,torch-api,0.00%,0B / 0B,0.00%,0B / 0B,0B / 0B
2025-12-04T22:59:30,torch-api,0.00%,0B / 0B,0.00%,0B / 0B,0B / 0B
2025-12-04T22:59:30,torch-api,0.00%,0B / 0B,0.00%,0B / 0B,0B / 0B
2025-12-04T22:59:32,torch-api,0.00%,0B / 0B,0.00%,0B / 0B,0B / 0B
2025-12-04T22:59:32,torch-api,0.00%,0B / 0B,0.00%,0B / 0B,0B / 0B
2025-12-04T22:59:34,torch-api,0.00%,0B / 0B,0.00%,0B / 0B,0B / 0B
2025-12-04T22:59:34,torch-api,0.00%,0B / 0B,0.00%,0B / 0B,0B / 0B
2025-12-04T22:59:35,torch-api,0.00%,0B / 0B,0.00%,0B / 0B,0B / 0B
2025-12-04T22:59:35,torch-api,0.00%,0B / 0B,0.00%,0B / 0B,0B / 0B
2025-12-04T22:59:37,torch-api,0.00%,0B / 0B,0.00%,0B / 0B,0B / 0B
2025-12-04T22:59:37,torch-api,0.00%,0B / 0B,0.00%,0B / 0B,0B / 0B
2025-12-04T22:59:38,torch-api,0.00%,0B / 0B,0.00%,0B / 0B,0B / 0B
2025-12-04T22:59:38,torch-api,0.00%,0B / 0B,0.00%,0B / 0B,0B / 0B
2025-12-04T22:59:40,torch-api,0.00%,0B / 0B,0.00%,0B / 0B,0B / 0B
2025-12-04T22:59:40,torch-api,0.00%,0B / 0B,0.00%,0B / 0B,0B / 0B
2025-12-04T22:59:42,torch-api,0.00%,0B / 0B,0.00%,0B / 0B,0B / 0B
2025-12-04T22:59:42,torch-api,0.00%,0B / 0B,0.00%,0B / 0B,0B / 0B
2025-12-04T22:59:43,torch-api,0.00%,0B / 0B,0.00%,0B / 0B,0B / 0B
2025-12-04T22:59:43,torch-api,0.00%,0B / 0B,0.00%,0B / 0B,0B / 0B
2025-12-04T22:59:45,torch-api,0.00%,0B / 0B,0.00%,0B / 0B,0B / 0B
2025-12-04T22:59:45,torch-api,0.00%,0B / 0B,0.00%,0B / 0B,0B / 0B
2025-12-04T22:59:47,torch-api,0.00%,0B / 0B,0.00%,0B / 0B,0B / 0B
2025-12-04T22:59:47,torch-api,0.00%,0B / 0B,0.00%,0B / 0B,0B / 0B
2025-12-04T22:59:49,torch-api,0.00%,0B / 0B,0.00%,0B / 0B,0B / 0B
2025-12-04T22:59:49,torch-api,0.00%,0B / 0B,0.00%,0B / 0B,0B / 0B
2025-12-04T22:59:50,torch-api,0.00%,0B / 0B,0.00%,0B / 0B,0B / 0B
2025-12-04T22:59:50,torch-api,0.00%,0B / 0B,0.00%,0B / 0B,0B / 0B
2025-12-04T22:59:52,torch-api,0.00%,0B / 0B,0.00%,0B / 0B,0B / 0B
2025-12-04T22:59:52,torch-api,0.00%,0B / 0B,0.00%,0B / 0B,0B / 0B
2025-12-04T22:59:53,torch-api,0.00%,0B / 0B,0.00%,0B / 0B,0B / 0B
2025-12-04T22:59:53,torch-api,0.00%,0B / 0B,0.00%,0B / 0B,0B / 0B
2025-12-04T22:59:55,torch-api,0.00%,0B / 0B,0.00%,0B / 0B,0B / 0B
2025-12-04T22:59:55,torch-api,0.00%,0B / 0B,0.00%,0B / 0B,0B / 0B
2025-12-04T22:59:57,torch-api,0.00%,0B / 0B,0.00%,0B / 0B,0B / 0B
2025-12-04T22:59:57,torch-api,0.00%,0B / 0B,0.00%,0B / 0B,0B / 0B
2025-12-04T22:59:58,torch-api,0.00%,0B / 0B,0.00%,0B / 0B,0B / 0B
2025-12-04T22:59:58,torch-api,0.00%,0B / 0B,0.00%,0B / 0B,0B / 0B
2025-12-04T23:00:00,torch-api,0.00%,0B / 0B,0.00%,0B / 0B,0B / 0B
2025-12-04T23:00:00,torch-api,0.00%,0B / 0B,0.00%,0B / 0B,0B / 0B
2025-12-04T23:00:01,torch-api,0.00%,0B / 0B,0.00%,0B / 0B,0B / 0B
2025-12-04T23:00:01,torch-api,0.00%,0B / 0B,0.00%,0B / 0B,0B / 0B
2025-12-04T23:00:03,torch-api,0.00%,0B / 0B,0.00%,0B / 0B,0B / 0B
2025-12-04T23:00:03,torch-api,0.00%,0B / 0B,0.00%,0B / 0B,0B / 0B
2025-12-04T23:00:05,torch-api,0.00%,0B / 0B,0.00%,0B / 0B,0B / 0B
2025-12-04T23:00:05,torch-api,0.00%,0B / 0B,0.00%,0B / 0B,0B / 0B
2025-12-04T23:00:07,torch-api,0.00%,0B / 0B,0.00%,0B / 0B,0B / 0B
2025-12-04T23:00:07,torch-api,0.00%,0B / 0B,0.00%,0B / 0B,0B / 0B
2025-12-04T23:00:08,torch-api,0.00%,0B / 0B,0.00%,0B / 0B,0B / 0B
2025-12-04T23:00:08,torch-api,0.00%,0B / 0B,0.00%,0B / 0B,0B / 0B
2025-12-04T23:00:10,torch-api,0.00%,0B / 0B,0.00%,0B / 0B,0B / 0B
2025-12-04T23:00:10,torch-api,0.00%,0B / 0B,0.00%,0B / 0B,0B / 0B
2025-12-04T23:00:11,torch-api,0.00%,0B / 0B,0.00%,0B / 0B,0B / 0B
2025-12-04T23:00:11,torch-api,0.00%,0B / 0B,0.00%,0B / 0B,0B / 0B
2025-12-04T23:00:13,torch-api,0.00%,0B / 0B,0.00%,0B / 0B,0B / 0B
2025-12-04T23:00:13,torch-api,0.00%,0B / 0B,0.00%,0B / 0B,0B / 0B
2025-12-04T23:00:15,torch-api,0.00%,0B / 0B,0.00%,0B / 0B,0B / 0B
2025-12-04T23:00:15,torch-api,0.00%,0B / 0B,0.00%,0B / 0B,0B / 0B
2025-12-04T23:00:16,torch-api,0.00%,0B / 0B,0.00%,0B / 0B,0B / 0B
2025-12-04T23:00:16,torch-api,0.00%,0B / 0B,0.00%,0B / 0B,0B / 0B
2025-12-04T23:00:19,torch-api,0.00%,0B / 0B,0.00%,0B / 0B,0B / 0B
2025-12-04T23:00:19,torch-api,0.00%,0B / 0B,0.00%,0B / 0B,0B / 0B
2025-12-04T23:00:20,torch-api,0.00%,0B / 0B,0.00%,0B / 0B,0B / 0B
2025-12-04T23:00:20,torch-api,0.00%,0B / 0B,0.00%,0B / 0B,0B / 0B
2025-12-04T23:00:22,torch-api,0.00%,0B / 0B,0.00%,0B / 0B,0B / 0B
2025-12-04T23:00:22,torch-api,0.00%,0B / 0B,0.00%,0B / 0B,0B / 0B
2025-12-04T23:00:23,torch-api,0.00%,0B / 0B,0.00%,0B / 0B,0B / 0B
2025-12-04T23:00:24,torch-api,0.00%,0B / 0B,0.00%,0B / 0B,0B / 0B
2025-12-04T23:00:25,torch-api,0.00%,0B / 0B,0.00%,0B / 0B,0B / 0B
2025-12-04T23:00:25,torch-api,0.00%,0B / 0B,0.00%,0B / 0B,0B / 0B
2025-12-04T23:00:27,torch-api,0.00%,0B / 0B,0.00%,0B / 0B,0B / 0B
2025-12-04T23:00:27,torch-api,0.00%,0B / 0B,0.00%,0B / 0B,0B / 0B
2025-12-04T23:00:28,torch-api,0.00%,0B / 0B,0.00%,0B / 0B,0B / 0B
2025-12-04T23:00:29,torch-api,0.00%,0B / 0B,0.00%,0B / 0B,0B / 0B
2025-12-04T23:00:30,torch-api,0.00%,0B / 0B,0.00%,0B / 0B,0B / 0B
2025-12-04T23:00:30,torch-api,0.00%,0B / 0B,0.00%,0B / 0B,0B / 0B
2025-12-04T23:00:32,torch-api,0.00%,0B / 0B,0.00%,0B / 0B,0B / 0B
2025-12-04T23:00:32,torch-api,0.00%,0B / 0B,0.00%,0B / 0B,0B / 0B
2025-12-04T23:00:34,torch-api,0.00%,0B / 0B,0.00%,0B / 0B,0B / 0B
2025-12-04T23:00:34,torch-api,0.00%,0B / 0B,0.00%,0B / 0B,0B / 0B
2025-12-04T23:00:35,torch-api,0.00%,0B / 0B,0.00%,0B / 0B,0B / 0B
2025-12-04T23:00:35,torch-api,0.00%,0B / 0B,0.00%,0B / 0B,0B / 0B
2025-12-04T23:00:37,torch-api,0.00%,0B / 0B,0.00%,0B / 0B,0B / 0B
2025-12-04T23:00:37,torch-api,0.00%,0B / 0B,0.00%,0B / 0B,0B / 0B
2025-12-04T23:00:38,torch-api,0.00%,0B / 0B,0.00%,0B / 0B,0B / 0B
2025-12-04T23:00:38,torch-api,0.00%,0B / 0B,0.00%,0B / 0B,0B / 0B
2025-12-04T23:00:40,torch-api,0.00%,0B / 0B,0.00%,0B / 0B,0B / 0B
2025-12-04T23:00:40,torch-api,0.00%,0B / 0B,0.00%,0B / 0B,0B / 0B
2025-12-04T23:00:42,torch-api,0.00%,0B / 0B,0.00%,0B / 0B,0B / 0B
2025-12-04T23:00:42,torch-api,0.00%,0B / 0B,0.00%,0B / 0B,0B / 0B
2025-12-04T23:00:43,torch-api,0.00%,0B / 0B,0.00%,0B / 0B,0B / 0B
2025-12-04T23:00:43,torch-api,0.00%,0B / 0B,0.00%,0B / 0B,0B / 0B
2025-12-04T23:00:45,torch-api,0.00%,0B / 0B,0.00%,0B / 0B,0B / 0B
2025-12-04T23:00:45,torch-api,0.00%,0B / 0B,0.00%,0B / 0B,0B / 0B
2025-12-04T23:00:47,torch-api,0.00%,0B / 0B,0.00%,0B / 0B,0B / 0B
2025-12-04T23:00:47,torch-api,0.00%,0B / 0B,0.00%,0B / 0B,0B / 0B
2025-12-04T23:00:48,torch-api,0.00%,0B / 0B,0.00%,0B / 0B,0B / 0B
2025-12-04T23:00:48,torch-api,0.00%,0B / 0B,0.00%,0B / 0B,0B / 0B
2025-12-04T23:00:50,torch-api,0.00%,0B / 0B,0.00%,0B / 0B,0B / 0B
2025-12-04T23:00:50,torch-api,0.00%,0B / 0B,0.00%,0B / 0B,0B / 0B
2025-12-04T23:00:52,torch-api,0.00%,0B / 0B,0.00%,0B / 0B,0B / 0B
2025-12-04T23:00:52,torch-api,0.00%,0B / 0B,0.00%,0B / 0B,0B / 0B
2025-12-04T23:00:54,torch-api,0.00%,0B / 0B,0.00%,0B / 0B,0B / 0B
2025-12-04T23:00:54,torch-api,0.00%,0B / 0B,0.00%,0B / 0B,0B / 0B
2025-12-04T23:00:55,torch-api,0.00%,0B / 0B,0.00%,0B / 0B,0B / 0B
2025-12-04T23:00:55,torch-api,0.00%,0B / 0B,0.00%,0B / 0B,0B / 0B
2025-12-04T23:00:57,torch-api,0.00%,0B / 0B,0.00%,0B / 0B,0B / 0B
2025-12-04T23:00:57,torch-api,0.00%,0B / 0B,0.00%,0B / 0B,0B / 0B
2025-12-04T23:00:59,torch-api,0.00%,0B / 0B,0.00%,0B / 0B,0B / 0B
2025-12-04T23:00:59,torch-api,0.00%,0B / 0B,0.00%,0B / 0B,0B / 0B
2025-12-04T23:01:00,torch-api,0.00%,0B / 0B,0.00%,0B / 0B,0B / 0B
2025-12-04T23:01:00,torch-api,0.00%,0B / 0B,0.00%,0B / 0B,0B / 0B
2025-12-04T23:01:02,torch-api,0.00%,0B / 0B,0.00%,0B / 0B,0B / 0B
2025-12-04T23:01:02,torch-api,0.00%,0B / 0B,0.00%,0B / 0B,0B / 0B
2025-12-04T23:01:03,torch-api,0.00%,0B / 0B,0.00%,0B / 0B,0B / 0B
2025-12-04T23:01:03,torch-api,0.00%,0B / 0B,0.00%,0B / 0B,0B / 0B
2025-12-04T23:01:05,torch-api,0.00%,0B / 0B,0.00%,0B / 0B,0B / 0B
2025-12-04T23:01:05,torch-api,0.00%,0B / 0B,0.00%,0B / 0B,0B / 0B
2025-12-04T23:01:07,torch-api,0.00%,0B / 0B,0.00%,0B / 0B,0B / 0B
2025-12-04T23:01:07,torch-api,0.00%,0B / 0B,0.00%,0B / 0B,0B / 0B
2025-12-04T23:01:08,torch-api,0.00%,0B / 0B,0.00%,0B / 0B,0B / 0B
2025-12-04T23:01:08,torch-api,0.00%,0B / 0B,0.00%,0B / 0B,0B / 0B
2025-12-04T23:01:10,torch-api,0.00%,0B / 0B,0.00%,0B / 0B,0B / 0B
2025-12-04T23:01:10,torch-api,0.00%,0B / 0B,0.00%,0B / 0B,0B / 0B
2025-12-04T23:01:11,torch-api,0.00%,0B / 0B,0.00%,0B / 0B,0B / 0B
2025-12-04T23:01:11,torch-api,0.00%,0B / 0B,0.00%,0B / 0B,0B / 0B
2025-12-04T23:01:13,torch-api,0.00%,0B / 0B,0.00%,0B / 0B,0B / 0B
2025-12-04T23:01:13,torch-api,0.00%,0B / 0B,0.00%,0B / 0B,0B / 0B
2025-12-04T23:01:15,torch-api,0.00%,0B / 0B,0.00%,0B / 0B,0B / 0B
2025-12-04T23:01:15,torch-api,0.00%,0B / 0B,0.00%,0B / 0B,0B / 0B
2025-12-04T23:01:16,torch-api,0.00%,0B / 0B,0.00%,0B / 0B,0B / 0B
2025-12-04T23:01:16,torch-api,0.00%,0B / 0B,0.00%,0B / 0B,0B / 0B
2025-12-04T23:01:18,torch-api,0.00%,0B / 0B,0.00%,0B / 0B,0B / 0B
2025-12-04T23:01:18,torch-api,0.00%,0B / 0B,0.00%,0B / 0B,0B / 0B
2025-12-04T23:01:19,torch-api,0.00%,0B / 0B,0.00%,0B / 0B,0B / 0B
2025-12-04T23:01:19,torch-api,0.00%,0B / 0B,0.00%,0B / 0B,0B / 0B
2025-12-04T23:01:21,torch-api,0.00%,0B / 0B,0.00%,0B / 0B,0B / 0B
2025-12-04T23:01:21,torch-api,0.00%,0B / 0B,0.00%,0B / 0B,0B / 0B
2025-12-04T23:01:23,torch-api,0.00%,0B / 0B,0.00%,0B / 0B,0B / 0B
2025-12-04T23:01:23,torch-api,0.00%,0B / 0B,0.00%,0B / 0B,0B / 0B
2025-12-04T23:01:25,torch-api,0.00%,0B / 0B,0.00%,0B / 0B,0B / 0B
2025-12-04T23:01:25,torch-api,0.00%,0B / 0B,0.00%,0B / 0B,0B / 0B
2025-12-04T23:01:27,torch-api,0.00%,0B / 0B,0.00%,0B / 0B,0B / 0B
2025-12-04T23:01:26,torch-api,0.00%,0B / 0B,0.00%,0B / 0B,0B / 0B
2025-12-04T23:01:28,torch-api,0.00%,0B / 0B,0.00%,0B / 0B,0B / 0B
2025-12-04T23:01:28,torch-api,0.00%,0B / 0B,0.00%,0B / 0B,0B / 0B
2025-12-04T23:01:31,torch-api,0.00%,0B / 0B,0.00%,0B / 0B,0B / 0B
2025-12-04T23:01:31,torch-api,0.00%,0B / 0B,0.00%,0B / 0B,0B / 0B
2025-12-04T23:01:33,torch-api,0.00%,0B / 0B,0.00%,0B / 0B,0B / 0B
2025-12-04T23:01:33,torch-api,0.00%,0B / 0B,0.00%,0B / 0B,0B / 0B
2025-12-04T23:01:35,torch-api,0.00%,0B / 0B,0.00%,0B / 0B,0B / 0B
2025-12-04T23:01:35,torch-api,0.00%,0B / 0B,0.00%,0B / 0B,0B / 0B
2025-12-04T23:01:37,torch-api,0.00%,0B / 0B,0.00%,0B / 0B,0B / 0B
2025-12-04T23:01:37,torch-api,0.00%,0B / 0B,0.00%,0B / 0B,0B / 0B
2025-12-04T23:01:38,torch-api,0.00%,0B / 0B,0.00%,0B / 0B,0B / 0B
2025-12-04T23:01:38,torch-api,0.00%,0B / 0B,0.00%,0B / 0B,0B / 0B
2025-12-04T23:01:40,torch-api,0.00%,0B / 0B,0.00%,0B / 0B,0B / 0B
2025-12-04T23:01:40,torch-api,0.00%,0B / 0B,0.00%,0B / 0B,0B / 0B
2025-12-04T23:01:42,torch-api,0.00%,0B / 0B,0.00%,0B / 0B,0B / 0B
2025-12-04T23:01:42,torch-api,0.00%,0B / 0B,0.00%,0B / 0B,0B / 0B
2025-12-04T23:01:44,torch-api,0.00%,0B / 0B,0.00%,0B / 0B,0B / 0B
2025-12-04T23:01:44,torch-api,0.00%,0B / 0B,0.00%,0B / 0B,0B / 0B
2025-12-04T23:01:46,torch-api,0.00%,0B / 0B,0.00%,0B / 0B,0B / 0B
2025-12-04T23:01:46,torch-api,0.00%,0B / 0B,0.00%,0B / 0B,0B / 0B
2025-12-04T23:01:48,torch-api,0.00%,0B / 0B,0.00%,0B / 0B,0B / 0B
2025-12-04T23:01:48,torch-api,0.00%,0B / 0B,0.00%,0B / 0B,0B / 0B
2025-12-04T23:01:49,torch-api,0.00%,0B / 0B,0.00%,0B / 0B,0B / 0B
2025-12-04T23:01:49,torch-api,0.00%,0B / 0B,0.00%,0B / 0B,0B / 0B
2025-12-04T23:01:51,torch-api,0.00%,0B / 0B,0.00%,0B / 0B,0B / 0B
2025-12-04T23:01:51,torch-api,0.00%,0B / 0B,0.00%,0B / 0B,0B / 0B
2025-12-04T23:01:53,torch-api,0.00%,0B / 0B,0.00%,0B / 0B,0B / 0B
2025-12-04T23:01:53,torch-api,0.00%,0B / 0B,0.00%,0B / 0B,0B / 0B
2025-12-04T23:01:55,torch-api,0.00%,0B / 0B,0.00%,0B / 0B,0B / 0B
2025-12-04T23:01:55,torch-api,0.00%,0B / 0B,0.00%,0B / 0B,0B / 0B
2025-12-04T23:01:58,torch-api,0.00%,0B / 0B,0.00%,0B / 0B,0B / 0B
2025-12-04T23:01:58,torch-api,0.00%,0B / 0B,0.00%,0B / 0B,0B / 0B
2025-12-04T23:02:00,torch-api,0.00%,0B / 0B,0.00%,0B / 0B,0B / 0B
2025-12-04T23:02:00,torch-api,0.00%,0B / 0B,0.00%,0B / 0B,0B / 0B
2025-12-04T23:02:01,torch-api,0.00%,0B / 0B,0.00%,0B / 0B,0B / 0B
2025-12-04T23:02:01,torch-api,0.00%,0B / 0B,0.00%,0B / 0B,0B / 0B
2025-12-04T23:02:03,torch-api,0.00%,0B / 0B,0.00%,0B / 0B,0B / 0B
2025-12-04T23:02:03,torch-api,0.00%,0B / 0B,0.00%,0B / 0B,0B / 0B
2025-12-04T23:02:04,torch-api,0.00%,0B / 0B,0.00%,0B / 0B,0B / 0B
2025-12-04T23:02:04,torch-api,0.00%,0B / 0B,0.00%,0B / 0B,0B / 0B
2025-12-04T23:02:07,torch-api,0.00%,0B / 0B,0.00%,0B / 0B,0B / 0B
2025-12-04T23:02:07,torch-api,0.00%,0B / 0B,0.00%,0B / 0B,0B / 0B
2025-12-04T23:02:09,torch-api,0.00%,0B / 0B,0.00%,0B / 0B,0B / 0B
2025-12-04T23:02:09,torch-api,0.00%,0B / 0B,0.00%,0B / 0B,0B / 0B
2025-12-04T23:02:11,torch-api,0.00%,0B / 0B,0.00%,0B / 0B,0B / 0B
2025-12-04T23:02:11,torch-api,0.00%,0B / 0B,0.00%,0B / 0B,0B / 0B
2025-12-04T23:02:13,torch-api,0.00%,0B / 0B,0.00%,0B / 0B,0B / 0B
2025-12-04T23:02:13,torch-api,0.00%,0B / 0B,0.00%,0B / 0B,0B / 0B
2025-12-04T23:02:14,torch-api,0.00%,0B / 0B,0.00%,0B / 0B,0B / 0B
2025-12-04T23:02:14,torch-api,0.00%,0B / 0B,0.00%,0B / 0B,0B / 0B
2025-12-04T23:02:16,torch-api,0.00%,0B / 0B,0.00%,0B / 0B,0B / 0B
2025-12-04T23:02:16,torch-api,0.00%,0B / 0B,0.00%,0B / 0B,0B / 0B
2025-12-04T23:02:18,torch-api,0.00%,0B / 0B,0.00%,0B / 0B,0B / 0B
2025-12-04T23:02:18,torch-api,0.00%,0B / 0B,0.00%,0B / 0B,0B / 0B
2025-12-04T23:02:20,torch-api,0.00%,0B / 0B,0.00%,0B / 0B,0B / 0B
2025-12-04T23:02:20,torch-api,0.00%,0B / 0B,0.00%,0B / 0B,0B / 0B
2025-12-04T23:02:22,torch-api,0.00%,0B / 0B,0.00%,0B / 0B,0B / 0B
2025-12-04T23:02:22,torch-api,0.00%,0B / 0B,0.00%,0B / 0B,0B / 0B
2025-12-04T23:02:24,torch-api,0.00%,0B / 0B,0.00%,0B / 0B,0B / 0B
2025-12-04T23:02:24,torch-api,0.00%,0B / 0B,0.00%,0B / 0B,0B / 0B
2025-12-04T23:02:26,torch-api,0.00%,0B / 0B,0.00%,0B / 0B,0B / 0B
2025-12-04T23:02:26,torch-api,0.00%,0B / 0B,0.00%,0B / 0B,0B / 0B
2025-12-04T23:02:27,torch-api,0.00%,0B / 0B,0.00%,0B / 0B,0B / 0B
2025-12-04T23:02:27,torch-api,0.00%,0B / 0B,0.00%,0B / 0B,0B / 0B
2025-12-04T23:02:29,torch-api,0.00%,0B / 0B,0.00%,0B / 0B,0B / 0B
2025-12-04T23:02:29,torch-api,0.00%,0B / 0B,0.00%,0B / 0B,0B / 0B
2025-12-04T23:02:32,torch-api,0.00%,0B / 0B,0.00%,0B / 0B,0B / 0B
2025-12-04T23:02:32,torch-api,0.00%,0B / 0B,0.00%,0B / 0B,0B / 0B
2025-12-04T23:02:34,torch-api,0.00%,0B / 0B,0.00%,0B / 0B,0B / 0B
2025-12-04T23:02:34,torch-api,0.00%,0B / 0B,0.00%,0B / 0B,0B / 0B
2025-12-04T23:02:36,torch-api,0.00%,0B / 0B,0.00%,0B / 0B,0B / 0B
2025-12-04T23:02:36,torch-api,0.00%,0B / 0B,0.00%,0B / 0B,0B / 0B
2025-12-04T23:02:38,torch-api,0.00%,0B / 0B,0.00%,0B / 0B,0B / 0B
2025-12-04T23:02:38,torch-api,0.00%,0B / 0B,0.00%,0B / 0B,0B / 0B
2025-12-04T23:02:39,torch-api,0.00%,0B / 0B,0.00%,0B / 0B,0B / 0B
2025-12-04T23:02:39,torch-api,0.00%,0B / 0B,0.00%,0B / 0B,0B / 0B
2025-12-04T23:02:41,torch-api,0.00%,0B / 0B,0.00%,0B / 0B,0B / 0B
2025-12-04T23:02:41,torch-api,0.00%,0B / 0B,0.00%,0B / 0B,0B / 0B
2025-12-04T23:02:43,torch-api,0.00%,0B / 0B,0.00%,0B / 0B,0B / 0B
2025-12-04T23:02:43,torch-api,0.00%,0B / 0B,0.00%,0B / 0B,0B / 0B
2025-12-04T23:02:45,torch-api,0.00%,0B / 0B,0.00%,0B / 0B,0B / 0B
2025-12-04T23:02:45,torch-api,0.00%,0B / 0B,0.00%,0B / 0B,0B / 0B
2025-12-04T23:02:47,torch-api,0.00%,0B / 0B,0.00%,0B / 0B,0B / 0B
2025-12-04T23:02:47,torch-api,0.00%,0B / 0B,0.00%,0B / 0B,0B / 0B
2025-12-04T23:02:49,torch-api,0.00%,0B / 0B,0.00%,0B / 0B,0B / 0B
2025-12-04T23:02:49,torch-api,0.00%,0B / 0B,0.00%,0B / 0B,0B / 0B
2025-12-04T23:02:51,torch-api,0.00%,0B / 0B,0.00%,0B / 0B,0B / 0B
2025-12-04T23:02:51,torch-api,0.00%,0B / 0B,0.00%,0B / 0B,0B / 0B
