timestamp,container,cpu_perc,mem_usage,mem_limit,mem_perc,net_io,block_io
2025-12-01T11:35:39,onnx-int8-api,0.39%,183.2MiB / 7.654GiB,2.34%,1.63kB / 0B,0B / 688kB
2025-12-01T11:35:41,onnx-int8-api,2.22%,183.2MiB / 7.654GiB,2.34%,1.63kB / 0B,0B / 688kB
2025-12-01T11:35:44,onnx-int8-api,0.49%,183.2MiB / 7.654GiB,2.34%,1.63kB / 0B,0B / 688kB
2025-12-01T11:35:47,onnx-int8-api,0.29%,183.2MiB / 7.654GiB,2.34%,1.63kB / 0B,0B / 688kB
2025-12-01T11:35:50,onnx-int8-api,0.35%,183.2MiB / 7.654GiB,2.34%,1.63kB / 0B,0B / 688kB
2025-12-01T11:35:52,onnx-int8-api,0.40%,183.2MiB / 7.654GiB,2.34%,1.63kB / 0B,0B / 688kB
2025-12-01T11:35:55,onnx-int8-api,0.41%,183.2MiB / 7.654GiB,2.34%,1.63kB / 0B,0B / 688kB
2025-12-01T11:35:58,onnx-int8-api,0.75%,183.2MiB / 7.654GiB,2.34%,1.63kB / 0B,0B / 688kB
2025-12-01T11:36:01,onnx-int8-api,0.42%,183.2MiB / 7.654GiB,2.34%,1.63kB / 0B,0B / 688kB
2025-12-01T11:36:03,onnx-int8-api,0.35%,183.2MiB / 7.654GiB,2.34%,1.63kB / 0B,0B / 688kB
2025-12-01T11:36:06,onnx-int8-api,0.34%,183.2MiB / 7.654GiB,2.34%,1.63kB / 0B,0B / 688kB
2025-12-01T11:36:08,onnx-int8-api,0.35%,183.2MiB / 7.654GiB,2.34%,1.63kB / 0B,0B / 688kB
2025-12-01T11:36:11,onnx-int8-api,0.39%,183.2MiB / 7.654GiB,2.34%,1.63kB / 0B,0B / 688kB
2025-12-01T11:36:14,onnx-int8-api,0.40%,183.2MiB / 7.654GiB,2.34%,1.63kB / 0B,0B / 688kB
2025-12-01T11:36:16,onnx-int8-api,0.29%,183.2MiB / 7.654GiB,2.34%,1.63kB / 0B,0B / 688kB
2025-12-01T11:36:20,onnx-int8-api,0.43%,183.2MiB / 7.654GiB,2.34%,1.63kB / 0B,0B / 688kB
2025-12-01T11:36:22,onnx-int8-api,0.38%,183.2MiB / 7.654GiB,2.34%,1.63kB / 0B,0B / 688kB
2025-12-01T11:36:25,onnx-int8-api,0.33%,183.2MiB / 7.654GiB,2.34%,1.63kB / 0B,0B / 688kB
2025-12-01T11:36:28,onnx-int8-api,0.30%,183.2MiB / 7.654GiB,2.34%,1.63kB / 0B,0B / 688kB
2025-12-01T11:36:31,onnx-int8-api,0.36%,183.2MiB / 7.654GiB,2.34%,1.63kB / 0B,0B / 688kB
2025-12-01T11:36:33,onnx-int8-api,0.35%,183.2MiB / 7.654GiB,2.34%,1.63kB / 0B,0B / 688kB
2025-12-01T11:36:36,onnx-int8-api,0.57%,183.2MiB / 7.654GiB,2.34%,1.63kB / 0B,0B / 688kB
2025-12-01T11:36:38,onnx-int8-api,0.34%,183.2MiB / 7.654GiB,2.34%,1.63kB / 0B,0B / 688kB
2025-12-01T11:36:41,onnx-int8-api,0.33%,183.2MiB / 7.654GiB,2.34%,1.63kB / 0B,0B / 688kB
2025-12-01T11:36:44,onnx-int8-api,0.30%,183.2MiB / 7.654GiB,2.34%,1.63kB / 0B,0B / 688kB
2025-12-01T11:36:47,onnx-int8-api,0.32%,183.2MiB / 7.654GiB,2.34%,1.63kB / 0B,0B / 688kB
2025-12-01T11:36:50,onnx-int8-api,0.36%,183.2MiB / 7.654GiB,2.34%,1.63kB / 0B,0B / 688kB
2025-12-01T11:36:53,onnx-int8-api,0.38%,183.2MiB / 7.654GiB,2.34%,1.63kB / 0B,0B / 688kB
2025-12-01T11:36:55,onnx-int8-api,0.35%,183.2MiB / 7.654GiB,2.34%,1.63kB / 0B,0B / 688kB
2025-12-01T11:36:58,onnx-int8-api,0.32%,183.3MiB / 7.654GiB,2.34%,1.63kB / 0B,0B / 688kB
2025-12-01T11:37:01,onnx-int8-api,0.45%,183.3MiB / 7.654GiB,2.34%,1.63kB / 0B,0B / 688kB
2025-12-01T11:37:03,onnx-int8-api,0.39%,183.2MiB / 7.654GiB,2.34%,1.63kB / 0B,0B / 688kB
2025-12-01T11:37:06,onnx-int8-api,0.31%,183.2MiB / 7.654GiB,2.34%,1.63kB / 0B,0B / 688kB
2025-12-01T11:37:08,onnx-int8-api,0.49%,183.2MiB / 7.654GiB,2.34%,1.63kB / 0B,0B / 688kB
2025-12-01T11:37:11,onnx-int8-api,0.39%,183.2MiB / 7.654GiB,2.34%,1.63kB / 0B,0B / 688kB
2025-12-01T11:37:14,onnx-int8-api,0.35%,272.1MiB / 7.654GiB,3.47%,16.7MB / 32.9kB,0B / 688kB
2025-12-01T11:37:16,onnx-int8-api,0.33%,271.8MiB / 7.654GiB,3.47%,16.7MB / 32.9kB,0B / 688kB
2025-12-01T11:37:20,onnx-int8-api,0.49%,271.8MiB / 7.654GiB,3.47%,16.7MB / 32.9kB,0B / 688kB
2025-12-01T11:37:22,onnx-int8-api,0.38%,271.8MiB / 7.654GiB,3.47%,16.7MB / 32.9kB,0B / 688kB
2025-12-01T11:37:25,onnx-int8-api,0.31%,271.8MiB / 7.654GiB,3.47%,16.7MB / 32.9kB,0B / 688kB
2025-12-01T11:37:28,onnx-int8-api,0.28%,271.8MiB / 7.654GiB,3.47%,16.7MB / 32.9kB,0B / 848kB
2025-12-01T11:37:31,onnx-int8-api,0.38%,271.8MiB / 7.654GiB,3.47%,16.7MB / 32.9kB,0B / 848kB
2025-12-01T11:37:33,onnx-int8-api,0.22%,271.8MiB / 7.654GiB,3.47%,16.7MB / 32.9kB,0B / 848kB
2025-12-01T11:37:36,onnx-int8-api,0.25%,271.8MiB / 7.654GiB,3.47%,16.7MB / 32.9kB,0B / 848kB
2025-12-01T11:37:38,onnx-int8-api,0.30%,271.8MiB / 7.654GiB,3.47%,16.7MB / 32.9kB,0B / 848kB
2025-12-01T11:37:41,onnx-int8-api,0.32%,271.8MiB / 7.654GiB,3.47%,16.7MB / 32.9kB,0B / 848kB
2025-12-01T11:37:44,onnx-int8-api,0.31%,271.8MiB / 7.654GiB,3.47%,16.7MB / 32.9kB,0B / 848kB
2025-12-01T11:37:46,onnx-int8-api,0.23%,271.8MiB / 7.654GiB,3.47%,16.7MB / 32.9kB,0B / 848kB
2025-12-01T11:37:50,onnx-int8-api,0.33%,271.8MiB / 7.654GiB,3.47%,16.7MB / 32.9kB,0B / 848kB
2025-12-01T11:37:52,onnx-int8-api,0.21%,271.8MiB / 7.654GiB,3.47%,16.7MB / 32.9kB,0B / 848kB
2025-12-01T11:37:55,onnx-int8-api,0.42%,271.8MiB / 7.654GiB,3.47%,16.7MB / 32.9kB,0B / 848kB
2025-12-01T11:37:58,onnx-int8-api,0.33%,271.8MiB / 7.654GiB,3.47%,16.7MB / 32.9kB,0B / 848kB
2025-12-01T11:38:01,onnx-int8-api,0.33%,271.8MiB / 7.654GiB,3.47%,16.7MB / 32.9kB,0B / 848kB
2025-12-01T11:38:03,onnx-int8-api,NA,NA,NA,NA,NA,NA
2025-12-01T11:38:04,onnx-int8-api,NA,NA,NA,NA,NA,NA
2025-12-01T11:38:05,onnx-int8-api,NA,NA,NA,NA,NA,NA
2025-12-01T11:38:06,onnx-int8-api,NA,NA,NA,NA,NA,NA
2025-12-01T11:38:07,onnx-int8-api,NA,NA,NA,NA,NA,NA
2025-12-01T11:38:08,onnx-int8-api,NA,NA,NA,NA,NA,NA
2025-12-01T11:38:09,onnx-int8-api,NA,NA,NA,NA,NA,NA
2025-12-01T11:38:10,onnx-int8-api,NA,NA,NA,NA,NA,NA
2025-12-01T11:38:11,onnx-int8-api,NA,NA,NA,NA,NA,NA
2025-12-01T11:38:13,onnx-int8-api,NA,NA,NA,NA,NA,NA
2025-12-01T11:38:14,onnx-int8-api,NA,NA,NA,NA,NA,NA
2025-12-01T11:38:15,onnx-int8-api,NA,NA,NA,NA,NA,NA
2025-12-01T11:38:16,onnx-int8-api,NA,NA,NA,NA,NA,NA
2025-12-01T11:38:17,onnx-int8-api,NA,NA,NA,NA,NA,NA
2025-12-01T11:38:18,onnx-int8-api,NA,NA,NA,NA,NA,NA
2025-12-01T11:38:19,onnx-int8-api,NA,NA,NA,NA,NA,NA
2025-12-01T11:38:20,onnx-int8-api,NA,NA,NA,NA,NA,NA
2025-12-01T11:38:21,onnx-int8-api,NA,NA,NA,NA,NA,NA
2025-12-01T11:38:22,onnx-int8-api,NA,NA,NA,NA,NA,NA
2025-12-01T11:38:23,onnx-int8-api,NA,NA,NA,NA,NA,NA
2025-12-01T11:38:24,onnx-int8-api,NA,NA,NA,NA,NA,NA
2025-12-01T11:38:25,onnx-int8-api,NA,NA,NA,NA,NA,NA
2025-12-01T11:38:26,onnx-int8-api,NA,NA,NA,NA,NA,NA
2025-12-01T11:38:27,onnx-int8-api,NA,NA,NA,NA,NA,NA
2025-12-01T11:38:28,onnx-int8-api,NA,NA,NA,NA,NA,NA
2025-12-01T11:38:29,onnx-int8-api,NA,NA,NA,NA,NA,NA
2025-12-01T11:38:30,onnx-int8-api,NA,NA,NA,NA,NA,NA
2025-12-01T11:38:31,onnx-int8-api,NA,NA,NA,NA,NA,NA
2025-12-01T11:38:32,onnx-int8-api,NA,NA,NA,NA,NA,NA
2025-12-01T11:38:33,onnx-int8-api,NA,NA,NA,NA,NA,NA
2025-12-01T11:38:34,onnx-int8-api,NA,NA,NA,NA,NA,NA
2025-12-01T11:38:35,onnx-int8-api,NA,NA,NA,NA,NA,NA
2025-12-01T11:38:37,onnx-int8-api,NA,NA,NA,NA,NA,NA
2025-12-01T11:38:38,onnx-int8-api,NA,NA,NA,NA,NA,NA
2025-12-01T11:38:39,onnx-int8-api,NA,NA,NA,NA,NA,NA
2025-12-01T11:38:40,onnx-int8-api,NA,NA,NA,NA,NA,NA
2025-12-01T11:38:41,onnx-int8-api,NA,NA,NA,NA,NA,NA
2025-12-01T11:38:42,onnx-int8-api,NA,NA,NA,NA,NA,NA
2025-12-01T11:38:43,onnx-int8-api,NA,NA,NA,NA,NA,NA
2025-12-01T11:38:44,onnx-int8-api,NA,NA,NA,NA,NA,NA
2025-12-01T11:38:45,onnx-int8-api,NA,NA,NA,NA,NA,NA
2025-12-01T11:38:46,onnx-int8-api,NA,NA,NA,NA,NA,NA
2025-12-01T11:38:47,onnx-int8-api,NA,NA,NA,NA,NA,NA
2025-12-01T11:38:48,onnx-int8-api,NA,NA,NA,NA,NA,NA
2025-12-01T11:38:49,onnx-int8-api,NA,NA,NA,NA,NA,NA
2025-12-01T11:38:50,onnx-int8-api,NA,NA,NA,NA,NA,NA
2025-12-01T11:38:51,onnx-int8-api,NA,NA,NA,NA,NA,NA
2025-12-01T11:38:52,onnx-int8-api,NA,NA,NA,NA,NA,NA
2025-12-01T11:38:53,onnx-int8-api,NA,NA,NA,NA,NA,NA
2025-12-01T11:38:54,onnx-int8-api,NA,NA,NA,NA,NA,NA
2025-12-01T11:38:55,onnx-int8-api,NA,NA,NA,NA,NA,NA
2025-12-01T11:38:56,onnx-int8-api,NA,NA,NA,NA,NA,NA
2025-12-01T11:38:57,onnx-int8-api,NA,NA,NA,NA,NA,NA
2025-12-01T11:38:59,onnx-int8-api,NA,NA,NA,NA,NA,NA
2025-12-01T11:39:00,onnx-int8-api,NA,NA,NA,NA,NA,NA
2025-12-01T11:39:01,onnx-int8-api,NA,NA,NA,NA,NA,NA
2025-12-01T11:39:02,onnx-int8-api,NA,NA,NA,NA,NA,NA
2025-12-01T11:39:03,onnx-int8-api,NA,NA,NA,NA,NA,NA
2025-12-01T11:39:04,onnx-int8-api,NA,NA,NA,NA,NA,NA
2025-12-01T11:39:05,onnx-int8-api,NA,NA,NA,NA,NA,NA
2025-12-01T11:39:06,onnx-int8-api,NA,NA,NA,NA,NA,NA
2025-12-01T11:39:07,onnx-int8-api,NA,NA,NA,NA,NA,NA
2025-12-01T11:39:08,onnx-int8-api,NA,NA,NA,NA,NA,NA
2025-12-01T11:39:09,onnx-int8-api,NA,NA,NA,NA,NA,NA
2025-12-01T11:39:10,onnx-int8-api,NA,NA,NA,NA,NA,NA
2025-12-01T11:39:11,onnx-int8-api,NA,NA,NA,NA,NA,NA
2025-12-01T11:39:12,onnx-int8-api,NA,NA,NA,NA,NA,NA
2025-12-01T11:39:13,onnx-int8-api,NA,NA,NA,NA,NA,NA
2025-12-01T11:39:14,onnx-int8-api,NA,NA,NA,NA,NA,NA
2025-12-01T11:39:15,onnx-int8-api,NA,NA,NA,NA,NA,NA
2025-12-01T11:39:16,onnx-int8-api,NA,NA,NA,NA,NA,NA
2025-12-01T11:39:17,onnx-int8-api,NA,NA,NA,NA,NA,NA
2025-12-01T11:39:18,onnx-int8-api,NA,NA,NA,NA,NA,NA
2025-12-01T11:39:19,onnx-int8-api,NA,NA,NA,NA,NA,NA
2025-12-01T11:39:20,onnx-int8-api,NA,NA,NA,NA,NA,NA
2025-12-01T11:39:22,onnx-int8-api,NA,NA,NA,NA,NA,NA
2025-12-01T11:39:23,onnx-int8-api,NA,NA,NA,NA,NA,NA
2025-12-01T11:39:24,onnx-int8-api,NA,NA,NA,NA,NA,NA
2025-12-01T11:39:25,onnx-int8-api,NA,NA,NA,NA,NA,NA
2025-12-01T11:39:26,onnx-int8-api,NA,NA,NA,NA,NA,NA
2025-12-01T11:39:27,onnx-int8-api,NA,NA,NA,NA,NA,NA
2025-12-01T11:39:28,onnx-int8-api,NA,NA,NA,NA,NA,NA
2025-12-01T11:39:29,onnx-int8-api,NA,NA,NA,NA,NA,NA
2025-12-01T11:39:30,onnx-int8-api,NA,NA,NA,NA,NA,NA
2025-12-01T11:39:31,onnx-int8-api,NA,NA,NA,NA,NA,NA
2025-12-01T11:39:32,onnx-int8-api,NA,NA,NA,NA,NA,NA
2025-12-01T11:39:33,onnx-int8-api,NA,NA,NA,NA,NA,NA
2025-12-01T11:39:34,onnx-int8-api,NA,NA,NA,NA,NA,NA
2025-12-01T11:39:35,onnx-int8-api,NA,NA,NA,NA,NA,NA
2025-12-01T11:39:36,onnx-int8-api,NA,NA,NA,NA,NA,NA
2025-12-01T11:39:37,onnx-int8-api,NA,NA,NA,NA,NA,NA
2025-12-01T11:39:38,onnx-int8-api,NA,NA,NA,NA,NA,NA
2025-12-01T11:39:39,onnx-int8-api,NA,NA,NA,NA,NA,NA
2025-12-01T11:39:40,onnx-int8-api,NA,NA,NA,NA,NA,NA
2025-12-01T11:39:41,onnx-int8-api,NA,NA,NA,NA,NA,NA
2025-12-01T11:39:42,onnx-int8-api,NA,NA,NA,NA,NA,NA
2025-12-01T11:39:43,onnx-int8-api,NA,NA,NA,NA,NA,NA
2025-12-01T11:39:45,onnx-int8-api,NA,NA,NA,NA,NA,NA
2025-12-01T11:39:46,onnx-int8-api,NA,NA,NA,NA,NA,NA
2025-12-01T11:39:47,onnx-int8-api,NA,NA,NA,NA,NA,NA
2025-12-01T11:39:48,onnx-int8-api,NA,NA,NA,NA,NA,NA
2025-12-01T11:39:49,onnx-int8-api,NA,NA,NA,NA,NA,NA
2025-12-01T11:39:50,onnx-int8-api,NA,NA,NA,NA,NA,NA
2025-12-01T11:39:51,onnx-int8-api,NA,NA,NA,NA,NA,NA
2025-12-01T11:39:52,onnx-int8-api,NA,NA,NA,NA,NA,NA
2025-12-01T11:39:53,onnx-int8-api,NA,NA,NA,NA,NA,NA
2025-12-01T11:39:54,onnx-int8-api,NA,NA,NA,NA,NA,NA
2025-12-01T11:39:55,onnx-int8-api,NA,NA,NA,NA,NA,NA
2025-12-01T11:39:56,onnx-int8-api,NA,NA,NA,NA,NA,NA
2025-12-01T11:39:57,onnx-int8-api,NA,NA,NA,NA,NA,NA
2025-12-01T11:39:58,onnx-int8-api,NA,NA,NA,NA,NA,NA
2025-12-01T11:39:59,onnx-int8-api,NA,NA,NA,NA,NA,NA
2025-12-01T11:40:00,onnx-int8-api,NA,NA,NA,NA,NA,NA
2025-12-01T11:40:01,onnx-int8-api,NA,NA,NA,NA,NA,NA
2025-12-01T11:40:02,onnx-int8-api,NA,NA,NA,NA,NA,NA
2025-12-01T11:40:03,onnx-int8-api,155.90%,183.7MiB / 7.654GiB,2.34%,652B / 0B,0B / 0B
2025-12-01T11:40:06,onnx-int8-api,0.33%,183MiB / 7.654GiB,2.34%,1.57kB / 0B,0B / 0B
2025-12-01T11:40:08,onnx-int8-api,0.53%,183MiB / 7.654GiB,2.34%,1.57kB / 0B,0B / 0B
2025-12-01T11:40:11,onnx-int8-api,0.39%,183MiB / 7.654GiB,2.34%,1.57kB / 0B,0B / 0B
2025-12-01T11:40:14,onnx-int8-api,0.34%,183MiB / 7.654GiB,2.34%,1.57kB / 0B,0B / 0B
2025-12-01T11:40:17,onnx-int8-api,0.40%,183MiB / 7.654GiB,2.34%,1.57kB / 0B,0B / 0B
2025-12-01T11:40:20,onnx-int8-api,0.43%,183MiB / 7.654GiB,2.34%,1.57kB / 0B,0B / 688kB
2025-12-01T11:40:22,onnx-int8-api,0.42%,183MiB / 7.654GiB,2.34%,1.57kB / 0B,0B / 688kB
2025-12-01T11:40:25,onnx-int8-api,0.36%,183MiB / 7.654GiB,2.34%,1.57kB / 0B,0B / 688kB
2025-12-01T11:40:28,onnx-int8-api,0.35%,183MiB / 7.654GiB,2.34%,1.57kB / 0B,0B / 688kB
2025-12-01T11:40:30,onnx-int8-api,0.38%,183MiB / 7.654GiB,2.34%,1.57kB / 0B,0B / 688kB
2025-12-01T11:40:33,onnx-int8-api,1.44%,183.2MiB / 7.654GiB,2.34%,1.57kB / 0B,0B / 688kB
2025-12-01T11:40:35,onnx-int8-api,0.47%,183.2MiB / 7.654GiB,2.34%,1.57kB / 0B,0B / 688kB
2025-12-01T11:40:38,onnx-int8-api,0.32%,183.2MiB / 7.654GiB,2.34%,1.57kB / 0B,0B / 688kB
2025-12-01T11:40:41,onnx-int8-api,0.41%,183.2MiB / 7.654GiB,2.34%,1.57kB / 0B,0B / 688kB
2025-12-01T11:40:44,onnx-int8-api,0.65%,183.2MiB / 7.654GiB,2.34%,1.57kB / 0B,0B / 688kB
2025-12-01T11:40:47,onnx-int8-api,0.39%,183.2MiB / 7.654GiB,2.34%,1.57kB / 0B,0B / 688kB
2025-12-01T11:40:50,onnx-int8-api,0.45%,183.2MiB / 7.654GiB,2.34%,1.57kB / 0B,0B / 688kB
2025-12-01T11:40:52,onnx-int8-api,0.31%,183.2MiB / 7.654GiB,2.34%,1.57kB / 0B,0B / 688kB
2025-12-01T11:40:55,onnx-int8-api,0.31%,183.2MiB / 7.654GiB,2.34%,1.57kB / 0B,0B / 688kB
2025-12-01T11:40:58,onnx-int8-api,0.37%,183.2MiB / 7.654GiB,2.34%,1.57kB / 0B,0B / 688kB
2025-12-01T11:41:00,onnx-int8-api,0.34%,183.2MiB / 7.654GiB,2.34%,1.57kB / 0B,0B / 688kB
2025-12-01T11:41:03,onnx-int8-api,1.05%,183.2MiB / 7.654GiB,2.34%,1.57kB / 0B,0B / 688kB
2025-12-01T11:41:05,onnx-int8-api,0.38%,183.2MiB / 7.654GiB,2.34%,1.57kB / 0B,0B / 688kB
2025-12-01T11:41:08,onnx-int8-api,0.38%,183.2MiB / 7.654GiB,2.34%,1.57kB / 0B,0B / 688kB
2025-12-01T11:41:11,onnx-int8-api,0.75%,183.2MiB / 7.654GiB,2.34%,1.57kB / 0B,0B / 688kB
2025-12-01T11:41:14,onnx-int8-api,0.27%,183.2MiB / 7.654GiB,2.34%,1.57kB / 0B,0B / 688kB
2025-12-01T11:41:17,onnx-int8-api,0.41%,183.2MiB / 7.654GiB,2.34%,1.57kB / 0B,0B / 688kB
2025-12-01T11:41:20,onnx-int8-api,0.35%,183.2MiB / 7.654GiB,2.34%,1.57kB / 0B,0B / 688kB
2025-12-01T11:41:22,onnx-int8-api,0.39%,183.2MiB / 7.654GiB,2.34%,1.57kB / 0B,0B / 688kB
2025-12-01T11:41:25,onnx-int8-api,0.20%,183.2MiB / 7.654GiB,2.34%,1.57kB / 0B,0B / 688kB
2025-12-01T11:41:28,onnx-int8-api,0.31%,183.2MiB / 7.654GiB,2.34%,1.57kB / 0B,0B / 688kB
2025-12-01T11:41:30,onnx-int8-api,0.23%,183.2MiB / 7.654GiB,2.34%,1.57kB / 0B,0B / 688kB
2025-12-01T11:41:33,onnx-int8-api,0.82%,183.2MiB / 7.654GiB,2.34%,1.57kB / 0B,0B / 688kB
2025-12-01T11:41:35,onnx-int8-api,0.31%,183.2MiB / 7.654GiB,2.34%,1.57kB / 0B,0B / 688kB
2025-12-01T11:41:38,onnx-int8-api,0.41%,183.2MiB / 7.654GiB,2.34%,1.57kB / 0B,0B / 688kB
2025-12-01T11:41:41,onnx-int8-api,0.25%,183.2MiB / 7.654GiB,2.34%,1.57kB / 0B,0B / 688kB
2025-12-01T11:41:44,onnx-int8-api,NA,NA,NA,NA,NA,NA
2025-12-01T11:41:45,onnx-int8-api,NA,NA,NA,NA,NA,NA
2025-12-01T11:41:46,onnx-int8-api,NA,NA,NA,NA,NA,NA
2025-12-01T11:41:47,onnx-int8-api,NA,NA,NA,NA,NA,NA
2025-12-01T11:41:48,onnx-int8-api,NA,NA,NA,NA,NA,NA
2025-12-01T11:41:49,onnx-int8-api,NA,NA,NA,NA,NA,NA
2025-12-01T11:41:50,onnx-int8-api,NA,NA,NA,NA,NA,NA
2025-12-01T11:41:51,onnx-int8-api,NA,NA,NA,NA,NA,NA
2025-12-01T11:41:52,onnx-int8-api,NA,NA,NA,NA,NA,NA
2025-12-01T11:41:53,onnx-int8-api,NA,NA,NA,NA,NA,NA
2025-12-01T11:41:54,onnx-int8-api,NA,NA,NA,NA,NA,NA
2025-12-01T11:41:55,onnx-int8-api,NA,NA,NA,NA,NA,NA
2025-12-01T11:41:56,onnx-int8-api,NA,NA,NA,NA,NA,NA
2025-12-01T11:41:57,onnx-int8-api,NA,NA,NA,NA,NA,NA
2025-12-01T11:41:58,onnx-int8-api,NA,NA,NA,NA,NA,NA
2025-12-01T11:41:59,onnx-int8-api,NA,NA,NA,NA,NA,NA
2025-12-01T11:42:00,onnx-int8-api,NA,NA,NA,NA,NA,NA
2025-12-01T11:42:01,onnx-int8-api,NA,NA,NA,NA,NA,NA
2025-12-01T11:42:02,onnx-int8-api,NA,NA,NA,NA,NA,NA
2025-12-01T11:42:03,onnx-int8-api,NA,NA,NA,NA,NA,NA
2025-12-01T11:42:04,onnx-int8-api,NA,NA,NA,NA,NA,NA
2025-12-01T11:42:05,onnx-int8-api,NA,NA,NA,NA,NA,NA
2025-12-01T11:42:06,onnx-int8-api,NA,NA,NA,NA,NA,NA
2025-12-01T11:42:07,onnx-int8-api,NA,NA,NA,NA,NA,NA
2025-12-01T11:42:09,onnx-int8-api,NA,NA,NA,NA,NA,NA
2025-12-01T11:42:10,onnx-int8-api,NA,NA,NA,NA,NA,NA
2025-12-01T11:42:11,onnx-int8-api,NA,NA,NA,NA,NA,NA
2025-12-01T11:42:12,onnx-int8-api,NA,NA,NA,NA,NA,NA
2025-12-01T11:42:13,onnx-int8-api,NA,NA,NA,NA,NA,NA
2025-12-01T11:42:14,onnx-int8-api,NA,NA,NA,NA,NA,NA
2025-12-01T11:42:15,onnx-int8-api,NA,NA,NA,NA,NA,NA
2025-12-01T11:42:16,onnx-int8-api,NA,NA,NA,NA,NA,NA
2025-12-01T11:42:17,onnx-int8-api,NA,NA,NA,NA,NA,NA
2025-12-01T11:42:18,onnx-int8-api,NA,NA,NA,NA,NA,NA
2025-12-01T11:42:19,onnx-int8-api,NA,NA,NA,NA,NA,NA
2025-12-01T11:42:20,onnx-int8-api,NA,NA,NA,NA,NA,NA
2025-12-01T11:42:21,onnx-int8-api,NA,NA,NA,NA,NA,NA
2025-12-01T11:42:22,onnx-int8-api,NA,NA,NA,NA,NA,NA
2025-12-01T11:42:23,onnx-int8-api,NA,NA,NA,NA,NA,NA
2025-12-01T11:42:24,onnx-int8-api,NA,NA,NA,NA,NA,NA
2025-12-01T11:42:25,onnx-int8-api,NA,NA,NA,NA,NA,NA
2025-12-01T11:42:26,onnx-int8-api,NA,NA,NA,NA,NA,NA
2025-12-01T11:42:28,onnx-int8-api,NA,NA,NA,NA,NA,NA
2025-12-01T11:42:29,onnx-int8-api,NA,NA,NA,NA,NA,NA
2025-12-01T11:42:30,onnx-int8-api,NA,NA,NA,NA,NA,NA
2025-12-01T11:42:31,onnx-int8-api,NA,NA,NA,NA,NA,NA
2025-12-01T11:42:32,onnx-int8-api,NA,NA,NA,NA,NA,NA
2025-12-01T11:42:33,onnx-int8-api,NA,NA,NA,NA,NA,NA
2025-12-01T11:42:34,onnx-int8-api,NA,NA,NA,NA,NA,NA
2025-12-01T11:42:35,onnx-int8-api,NA,NA,NA,NA,NA,NA
2025-12-01T11:42:36,onnx-int8-api,NA,NA,NA,NA,NA,NA
2025-12-01T11:42:37,onnx-int8-api,NA,NA,NA,NA,NA,NA
2025-12-01T11:42:38,onnx-int8-api,NA,NA,NA,NA,NA,NA
2025-12-01T11:42:39,onnx-int8-api,NA,NA,NA,NA,NA,NA
2025-12-01T11:42:40,onnx-int8-api,NA,NA,NA,NA,NA,NA
2025-12-01T11:42:41,onnx-int8-api,NA,NA,NA,NA,NA,NA
2025-12-01T11:42:42,onnx-int8-api,NA,NA,NA,NA,NA,NA
2025-12-01T11:42:43,onnx-int8-api,NA,NA,NA,NA,NA,NA
2025-12-01T11:42:44,onnx-int8-api,NA,NA,NA,NA,NA,NA
2025-12-01T11:42:45,onnx-int8-api,NA,NA,NA,NA,NA,NA
2025-12-01T11:42:46,onnx-int8-api,NA,NA,NA,NA,NA,NA
2025-12-01T11:42:47,onnx-int8-api,NA,NA,NA,NA,NA,NA
2025-12-01T11:42:48,onnx-int8-api,NA,NA,NA,NA,NA,NA
2025-12-01T11:42:50,onnx-int8-api,NA,NA,NA,NA,NA,NA
2025-12-01T11:42:51,onnx-int8-api,NA,NA,NA,NA,NA,NA
2025-12-01T11:42:52,onnx-int8-api,NA,NA,NA,NA,NA,NA
2025-12-01T11:42:53,onnx-int8-api,NA,NA,NA,NA,NA,NA
2025-12-01T11:42:54,onnx-int8-api,NA,NA,NA,NA,NA,NA
2025-12-01T11:42:55,onnx-int8-api,NA,NA,NA,NA,NA,NA
2025-12-01T11:42:56,onnx-int8-api,NA,NA,NA,NA,NA,NA
2025-12-01T11:42:57,onnx-int8-api,NA,NA,NA,NA,NA,NA
2025-12-01T11:42:58,onnx-int8-api,NA,NA,NA,NA,NA,NA
2025-12-01T11:42:59,onnx-int8-api,NA,NA,NA,NA,NA,NA
2025-12-01T11:43:00,onnx-int8-api,NA,NA,NA,NA,NA,NA
2025-12-01T11:43:01,onnx-int8-api,NA,NA,NA,NA,NA,NA
2025-12-01T11:43:02,onnx-int8-api,NA,NA,NA,NA,NA,NA
2025-12-01T11:43:03,onnx-int8-api,NA,NA,NA,NA,NA,NA
2025-12-01T11:43:04,onnx-int8-api,NA,NA,NA,NA,NA,NA
2025-12-01T11:43:05,onnx-int8-api,NA,NA,NA,NA,NA,NA
2025-12-01T11:43:06,onnx-int8-api,NA,NA,NA,NA,NA,NA
2025-12-01T11:43:07,onnx-int8-api,NA,NA,NA,NA,NA,NA
2025-12-01T11:43:08,onnx-int8-api,NA,NA,NA,NA,NA,NA
2025-12-01T11:43:09,onnx-int8-api,NA,NA,NA,NA,NA,NA
2025-12-01T11:43:10,onnx-int8-api,NA,NA,NA,NA,NA,NA
2025-12-01T11:43:11,onnx-int8-api,NA,NA,NA,NA,NA,NA
2025-12-01T11:43:13,onnx-int8-api,NA,NA,NA,NA,NA,NA
2025-12-01T11:43:14,onnx-int8-api,NA,NA,NA,NA,NA,NA
2025-12-01T11:43:15,onnx-int8-api,NA,NA,NA,NA,NA,NA
2025-12-01T11:43:16,onnx-int8-api,NA,NA,NA,NA,NA,NA
2025-12-01T11:43:17,onnx-int8-api,NA,NA,NA,NA,NA,NA
2025-12-01T11:43:18,onnx-int8-api,NA,NA,NA,NA,NA,NA
2025-12-01T11:43:19,onnx-int8-api,NA,NA,NA,NA,NA,NA
2025-12-01T11:43:20,onnx-int8-api,NA,NA,NA,NA,NA,NA
2025-12-01T11:43:21,onnx-int8-api,NA,NA,NA,NA,NA,NA
2025-12-01T11:43:22,onnx-int8-api,NA,NA,NA,NA,NA,NA
2025-12-01T11:43:23,onnx-int8-api,NA,NA,NA,NA,NA,NA
2025-12-01T11:43:24,onnx-int8-api,NA,NA,NA,NA,NA,NA
2025-12-01T11:43:25,onnx-int8-api,NA,NA,NA,NA,NA,NA
2025-12-01T11:43:26,onnx-int8-api,NA,NA,NA,NA,NA,NA
2025-12-01T11:43:27,onnx-int8-api,NA,NA,NA,NA,NA,NA
2025-12-01T11:43:28,onnx-int8-api,NA,NA,NA,NA,NA,NA
2025-12-01T11:43:29,onnx-int8-api,NA,NA,NA,NA,NA,NA
2025-12-01T11:43:30,onnx-int8-api,NA,NA,NA,NA,NA,NA
2025-12-01T11:43:31,onnx-int8-api,NA,NA,NA,NA,NA,NA
2025-12-01T11:43:32,onnx-int8-api,NA,NA,NA,NA,NA,NA
2025-12-01T11:43:33,onnx-int8-api,NA,NA,NA,NA,NA,NA
2025-12-01T11:43:34,onnx-int8-api,NA,NA,NA,NA,NA,NA
2025-12-01T11:43:35,onnx-int8-api,NA,NA,NA,NA,NA,NA
2025-12-01T11:43:37,onnx-int8-api,NA,NA,NA,NA,NA,NA
2025-12-01T11:43:38,onnx-int8-api,NA,NA,NA,NA,NA,NA
2025-12-01T11:43:39,onnx-int8-api,NA,NA,NA,NA,NA,NA
2025-12-01T11:43:40,onnx-int8-api,NA,NA,NA,NA,NA,NA
2025-12-01T11:43:41,onnx-int8-api,NA,NA,NA,NA,NA,NA
2025-12-01T11:43:42,onnx-int8-api,NA,NA,NA,NA,NA,NA
2025-12-01T11:43:43,onnx-int8-api,NA,NA,NA,NA,NA,NA
2025-12-01T11:43:44,onnx-int8-api,NA,NA,NA,NA,NA,NA
2025-12-01T11:43:45,onnx-int8-api,NA,NA,NA,NA,NA,NA
2025-12-01T11:43:46,onnx-int8-api,NA,NA,NA,NA,NA,NA
2025-12-01T11:43:47,onnx-int8-api,NA,NA,NA,NA,NA,NA
2025-12-01T11:43:48,onnx-int8-api,NA,NA,NA,NA,NA,NA
2025-12-01T11:43:49,onnx-int8-api,NA,NA,NA,NA,NA,NA
2025-12-01T11:43:50,onnx-int8-api,NA,NA,NA,NA,NA,NA
2025-12-01T11:43:51,onnx-int8-api,NA,NA,NA,NA,NA,NA
2025-12-01T11:43:52,onnx-int8-api,NA,NA,NA,NA,NA,NA
2025-12-01T11:43:53,onnx-int8-api,NA,NA,NA,NA,NA,NA
2025-12-01T11:43:54,onnx-int8-api,NA,NA,NA,NA,NA,NA
2025-12-01T11:43:55,onnx-int8-api,NA,NA,NA,NA,NA,NA
2025-12-01T11:43:56,onnx-int8-api,NA,NA,NA,NA,NA,NA
2025-12-01T11:43:57,onnx-int8-api,NA,NA,NA,NA,NA,NA
2025-12-01T11:43:58,onnx-int8-api,NA,NA,NA,NA,NA,NA
2025-12-01T11:43:59,onnx-int8-api,NA,NA,NA,NA,NA,NA
2025-12-01T11:44:01,onnx-int8-api,NA,NA,NA,NA,NA,NA
2025-12-01T11:44:02,onnx-int8-api,NA,NA,NA,NA,NA,NA
2025-12-01T11:44:03,onnx-int8-api,NA,NA,NA,NA,NA,NA
2025-12-01T11:44:04,onnx-int8-api,NA,NA,NA,NA,NA,NA
2025-12-01T11:44:05,onnx-int8-api,NA,NA,NA,NA,NA,NA
2025-12-01T11:44:06,onnx-int8-api,NA,NA,NA,NA,NA,NA
2025-12-01T11:44:07,onnx-int8-api,NA,NA,NA,NA,NA,NA
2025-12-01T11:44:08,onnx-int8-api,NA,NA,NA,NA,NA,NA
2025-12-01T11:44:09,onnx-int8-api,NA,NA,NA,NA,NA,NA
2025-12-01T11:44:10,onnx-int8-api,NA,NA,NA,NA,NA,NA
2025-12-01T11:44:11,onnx-int8-api,NA,NA,NA,NA,NA,NA
2025-12-01T11:44:12,onnx-int8-api,NA,NA,NA,NA,NA,NA
2025-12-01T11:44:13,onnx-int8-api,NA,NA,NA,NA,NA,NA
2025-12-01T11:44:14,onnx-int8-api,NA,NA,NA,NA,NA,NA
2025-12-01T11:44:15,onnx-int8-api,NA,NA,NA,NA,NA,NA
2025-12-01T11:44:16,onnx-int8-api,NA,NA,NA,NA,NA,NA
2025-12-01T11:44:17,onnx-int8-api,NA,NA,NA,NA,NA,NA
2025-12-01T11:44:18,onnx-int8-api,NA,NA,NA,NA,NA,NA
2025-12-01T11:44:19,onnx-int8-api,NA,NA,NA,NA,NA,NA
2025-12-01T11:44:20,onnx-int8-api,NA,NA,NA,NA,NA,NA
2025-12-01T11:44:21,onnx-int8-api,NA,NA,NA,NA,NA,NA
2025-12-01T11:44:22,onnx-int8-api,NA,NA,NA,NA,NA,NA
2025-12-01T11:44:24,onnx-int8-api,NA,NA,NA,NA,NA,NA
2025-12-01T11:44:25,onnx-int8-api,NA,NA,NA,NA,NA,NA
2025-12-01T11:44:26,onnx-int8-api,NA,NA,NA,NA,NA,NA
2025-12-01T11:44:27,onnx-int8-api,NA,NA,NA,NA,NA,NA
2025-12-01T11:44:28,onnx-int8-api,NA,NA,NA,NA,NA,NA
2025-12-01T11:44:29,onnx-int8-api,NA,NA,NA,NA,NA,NA
2025-12-01T11:44:30,onnx-int8-api,NA,NA,NA,NA,NA,NA
2025-12-01T11:44:31,onnx-int8-api,NA,NA,NA,NA,NA,NA
2025-12-01T11:44:32,onnx-int8-api,NA,NA,NA,NA,NA,NA
2025-12-01T11:44:33,onnx-int8-api,NA,NA,NA,NA,NA,NA
2025-12-01T11:44:34,onnx-int8-api,NA,NA,NA,NA,NA,NA
2025-12-01T11:44:35,onnx-int8-api,NA,NA,NA,NA,NA,NA
2025-12-01T11:44:36,onnx-int8-api,NA,NA,NA,NA,NA,NA
2025-12-01T11:44:37,onnx-int8-api,NA,NA,NA,NA,NA,NA
2025-12-01T11:44:38,onnx-int8-api,NA,NA,NA,NA,NA,NA
2025-12-01T11:44:39,onnx-int8-api,NA,NA,NA,NA,NA,NA
2025-12-01T11:44:40,onnx-int8-api,NA,NA,NA,NA,NA,NA
2025-12-01T11:44:41,onnx-int8-api,NA,NA,NA,NA,NA,NA
2025-12-01T11:44:42,onnx-int8-api,NA,NA,NA,NA,NA,NA
2025-12-01T11:44:43,onnx-int8-api,NA,NA,NA,NA,NA,NA
2025-12-01T11:44:44,onnx-int8-api,NA,NA,NA,NA,NA,NA
2025-12-01T11:44:45,onnx-int8-api,NA,NA,NA,NA,NA,NA
2025-12-01T11:44:46,onnx-int8-api,NA,NA,NA,NA,NA,NA
2025-12-01T11:44:48,onnx-int8-api,NA,NA,NA,NA,NA,NA
2025-12-01T11:44:49,onnx-int8-api,NA,NA,NA,NA,NA,NA
2025-12-01T11:44:50,onnx-int8-api,NA,NA,NA,NA,NA,NA
2025-12-01T11:44:51,onnx-int8-api,NA,NA,NA,NA,NA,NA
2025-12-01T11:44:52,onnx-int8-api,NA,NA,NA,NA,NA,NA
2025-12-01T11:44:53,onnx-int8-api,NA,NA,NA,NA,NA,NA
2025-12-01T11:44:54,onnx-int8-api,NA,NA,NA,NA,NA,NA
2025-12-01T11:44:55,onnx-int8-api,NA,NA,NA,NA,NA,NA
2025-12-01T11:44:56,onnx-int8-api,NA,NA,NA,NA,NA,NA
2025-12-01T11:44:57,onnx-int8-api,NA,NA,NA,NA,NA,NA
2025-12-01T11:44:58,onnx-int8-api,NA,NA,NA,NA,NA,NA
2025-12-01T11:44:59,onnx-int8-api,NA,NA,NA,NA,NA,NA
2025-12-01T11:45:00,onnx-int8-api,NA,NA,NA,NA,NA,NA
2025-12-01T11:45:01,onnx-int8-api,NA,NA,NA,NA,NA,NA
2025-12-01T11:45:02,onnx-int8-api,NA,NA,NA,NA,NA,NA
2025-12-01T11:45:03,onnx-int8-api,NA,NA,NA,NA,NA,NA
2025-12-01T11:45:04,onnx-int8-api,NA,NA,NA,NA,NA,NA
2025-12-01T11:45:05,onnx-int8-api,NA,NA,NA,NA,NA,NA
2025-12-01T11:45:06,onnx-int8-api,NA,NA,NA,NA,NA,NA
2025-12-01T11:45:07,onnx-int8-api,NA,NA,NA,NA,NA,NA
2025-12-01T11:45:08,onnx-int8-api,NA,NA,NA,NA,NA,NA
2025-12-01T11:45:09,onnx-int8-api,NA,NA,NA,NA,NA,NA
2025-12-01T11:45:10,onnx-int8-api,NA,NA,NA,NA,NA,NA
2025-12-01T11:45:12,onnx-int8-api,NA,NA,NA,NA,NA,NA
2025-12-01T11:45:13,onnx-int8-api,NA,NA,NA,NA,NA,NA
2025-12-01T11:45:14,onnx-int8-api,NA,NA,NA,NA,NA,NA
2025-12-01T11:45:15,onnx-int8-api,NA,NA,NA,NA,NA,NA
2025-12-01T11:45:16,onnx-int8-api,NA,NA,NA,NA,NA,NA
2025-12-01T11:45:17,onnx-int8-api,NA,NA,NA,NA,NA,NA
2025-12-01T11:45:18,onnx-int8-api,NA,NA,NA,NA,NA,NA
2025-12-01T11:45:19,onnx-int8-api,NA,NA,NA,NA,NA,NA
2025-12-01T11:45:20,onnx-int8-api,NA,NA,NA,NA,NA,NA
2025-12-01T11:45:21,onnx-int8-api,NA,NA,NA,NA,NA,NA
2025-12-01T11:45:22,onnx-int8-api,NA,NA,NA,NA,NA,NA
2025-12-01T11:45:23,onnx-int8-api,NA,NA,NA,NA,NA,NA
2025-12-01T11:45:24,onnx-int8-api,NA,NA,NA,NA,NA,NA
2025-12-01T11:45:25,onnx-int8-api,NA,NA,NA,NA,NA,NA
2025-12-01T11:45:26,onnx-int8-api,NA,NA,NA,NA,NA,NA
2025-12-01T11:45:27,onnx-int8-api,NA,NA,NA,NA,NA,NA
2025-12-01T11:45:28,onnx-int8-api,NA,NA,NA,NA,NA,NA
2025-12-01T11:45:29,onnx-int8-api,NA,NA,NA,NA,NA,NA
2025-12-01T11:45:30,onnx-int8-api,NA,NA,NA,NA,NA,NA
2025-12-01T11:45:31,onnx-int8-api,NA,NA,NA,NA,NA,NA
2025-12-01T11:45:32,onnx-int8-api,NA,NA,NA,NA,NA,NA
2025-12-01T11:45:34,onnx-int8-api,NA,NA,NA,NA,NA,NA
2025-12-01T11:45:35,onnx-int8-api,NA,NA,NA,NA,NA,NA
2025-12-01T11:45:36,onnx-int8-api,NA,NA,NA,NA,NA,NA
2025-12-01T11:45:37,onnx-int8-api,NA,NA,NA,NA,NA,NA
2025-12-01T11:45:38,onnx-int8-api,NA,NA,NA,NA,NA,NA
2025-12-01T11:45:39,onnx-int8-api,NA,NA,NA,NA,NA,NA
2025-12-01T11:45:40,onnx-int8-api,NA,NA,NA,NA,NA,NA
2025-12-01T11:45:41,onnx-int8-api,NA,NA,NA,NA,NA,NA
2025-12-01T11:45:42,onnx-int8-api,NA,NA,NA,NA,NA,NA
2025-12-01T11:45:43,onnx-int8-api,NA,NA,NA,NA,NA,NA
2025-12-01T11:45:44,onnx-int8-api,NA,NA,NA,NA,NA,NA
2025-12-01T11:45:45,onnx-int8-api,NA,NA,NA,NA,NA,NA
2025-12-01T11:45:46,onnx-int8-api,NA,NA,NA,NA,NA,NA
2025-12-01T11:45:47,onnx-int8-api,NA,NA,NA,NA,NA,NA
2025-12-01T11:45:48,onnx-int8-api,NA,NA,NA,NA,NA,NA
2025-12-01T11:45:49,onnx-int8-api,NA,NA,NA,NA,NA,NA
2025-12-01T11:45:50,onnx-int8-api,NA,NA,NA,NA,NA,NA
2025-12-01T11:45:51,onnx-int8-api,NA,NA,NA,NA,NA,NA
2025-12-01T11:45:52,onnx-int8-api,NA,NA,NA,NA,NA,NA
2025-12-01T11:45:53,onnx-int8-api,NA,NA,NA,NA,NA,NA
2025-12-01T11:45:54,onnx-int8-api,NA,NA,NA,NA,NA,NA
2025-12-01T11:45:55,onnx-int8-api,NA,NA,NA,NA,NA,NA
2025-12-01T11:45:56,onnx-int8-api,NA,NA,NA,NA,NA,NA
2025-12-01T11:45:57,onnx-int8-api,NA,NA,NA,NA,NA,NA
2025-12-01T11:45:59,onnx-int8-api,NA,NA,NA,NA,NA,NA
2025-12-01T11:46:00,onnx-int8-api,NA,NA,NA,NA,NA,NA
2025-12-01T11:46:01,onnx-int8-api,NA,NA,NA,NA,NA,NA
2025-12-01T11:46:02,onnx-int8-api,NA,NA,NA,NA,NA,NA
2025-12-01T11:46:03,onnx-int8-api,NA,NA,NA,NA,NA,NA
2025-12-01T11:46:04,onnx-int8-api,NA,NA,NA,NA,NA,NA
2025-12-01T11:46:05,onnx-int8-api,NA,NA,NA,NA,NA,NA
2025-12-01T11:46:06,onnx-int8-api,NA,NA,NA,NA,NA,NA
2025-12-01T11:46:07,onnx-int8-api,NA,NA,NA,NA,NA,NA
2025-12-01T11:46:08,onnx-int8-api,NA,NA,NA,NA,NA,NA
2025-12-01T11:46:09,onnx-int8-api,NA,NA,NA,NA,NA,NA
2025-12-01T11:46:10,onnx-int8-api,NA,NA,NA,NA,NA,NA
2025-12-01T11:46:11,onnx-int8-api,NA,NA,NA,NA,NA,NA
2025-12-01T11:46:12,onnx-int8-api,NA,NA,NA,NA,NA,NA
2025-12-01T11:46:13,onnx-int8-api,NA,NA,NA,NA,NA,NA
2025-12-01T11:46:14,onnx-int8-api,NA,NA,NA,NA,NA,NA
2025-12-01T11:46:15,onnx-int8-api,NA,NA,NA,NA,NA,NA
2025-12-01T11:46:16,onnx-int8-api,NA,NA,NA,NA,NA,NA
2025-12-01T11:46:17,onnx-int8-api,NA,NA,NA,NA,NA,NA
2025-12-01T11:46:18,onnx-int8-api,NA,NA,NA,NA,NA,NA
2025-12-01T11:46:19,onnx-int8-api,NA,NA,NA,NA,NA,NA
2025-12-01T11:46:20,onnx-int8-api,NA,NA,NA,NA,NA,NA
2025-12-01T11:46:21,onnx-int8-api,NA,NA,NA,NA,NA,NA
2025-12-01T11:46:23,onnx-int8-api,NA,NA,NA,NA,NA,NA
2025-12-01T11:46:24,onnx-int8-api,NA,NA,NA,NA,NA,NA
2025-12-01T11:46:25,onnx-int8-api,NA,NA,NA,NA,NA,NA
2025-12-01T11:46:26,onnx-int8-api,NA,NA,NA,NA,NA,NA
2025-12-01T11:46:27,onnx-int8-api,NA,NA,NA,NA,NA,NA
2025-12-01T11:46:28,onnx-int8-api,NA,NA,NA,NA,NA,NA
2025-12-01T11:46:29,onnx-int8-api,NA,NA,NA,NA,NA,NA
2025-12-01T11:46:30,onnx-int8-api,NA,NA,NA,NA,NA,NA
2025-12-01T11:46:31,onnx-int8-api,NA,NA,NA,NA,NA,NA
2025-12-01T11:46:32,onnx-int8-api,NA,NA,NA,NA,NA,NA
2025-12-01T11:46:33,onnx-int8-api,NA,NA,NA,NA,NA,NA
2025-12-01T11:46:34,onnx-int8-api,NA,NA,NA,NA,NA,NA
2025-12-01T11:46:35,onnx-int8-api,NA,NA,NA,NA,NA,NA
2025-12-01T11:46:36,onnx-int8-api,NA,NA,NA,NA,NA,NA
2025-12-01T11:46:37,onnx-int8-api,NA,NA,NA,NA,NA,NA
2025-12-01T11:46:38,onnx-int8-api,NA,NA,NA,NA,NA,NA
2025-12-01T11:46:39,onnx-int8-api,NA,NA,NA,NA,NA,NA
2025-12-01T11:46:40,onnx-int8-api,NA,NA,NA,NA,NA,NA
2025-12-01T11:46:41,onnx-int8-api,NA,NA,NA,NA,NA,NA
2025-12-01T11:46:42,onnx-int8-api,NA,NA,NA,NA,NA,NA
2025-12-01T11:46:43,onnx-int8-api,NA,NA,NA,NA,NA,NA
2025-12-01T11:46:44,onnx-int8-api,NA,NA,NA,NA,NA,NA
2025-12-01T11:46:46,onnx-int8-api,NA,NA,NA,NA,NA,NA
2025-12-01T11:46:47,onnx-int8-api,NA,NA,NA,NA,NA,NA
2025-12-01T11:46:48,onnx-int8-api,NA,NA,NA,NA,NA,NA
2025-12-01T11:46:49,onnx-int8-api,NA,NA,NA,NA,NA,NA
2025-12-01T11:46:50,onnx-int8-api,NA,NA,NA,NA,NA,NA
2025-12-01T11:46:51,onnx-int8-api,NA,NA,NA,NA,NA,NA
2025-12-01T11:46:52,onnx-int8-api,NA,NA,NA,NA,NA,NA
2025-12-01T11:46:53,onnx-int8-api,NA,NA,NA,NA,NA,NA
2025-12-01T11:46:54,onnx-int8-api,NA,NA,NA,NA,NA,NA
2025-12-01T11:46:55,onnx-int8-api,NA,NA,NA,NA,NA,NA
2025-12-01T11:46:56,onnx-int8-api,NA,NA,NA,NA,NA,NA
2025-12-01T11:46:57,onnx-int8-api,NA,NA,NA,NA,NA,NA
2025-12-01T11:46:58,onnx-int8-api,NA,NA,NA,NA,NA,NA
2025-12-01T11:46:59,onnx-int8-api,NA,NA,NA,NA,NA,NA
2025-12-01T11:47:00,onnx-int8-api,NA,NA,NA,NA,NA,NA
2025-12-01T11:47:01,onnx-int8-api,NA,NA,NA,NA,NA,NA
2025-12-01T11:47:02,onnx-int8-api,NA,NA,NA,NA,NA,NA
2025-12-01T11:47:03,onnx-int8-api,NA,NA,NA,NA,NA,NA
2025-12-01T11:47:04,onnx-int8-api,NA,NA,NA,NA,NA,NA
2025-12-01T11:47:05,onnx-int8-api,NA,NA,NA,NA,NA,NA
2025-12-01T11:47:06,onnx-int8-api,NA,NA,NA,NA,NA,NA
2025-12-01T11:47:07,onnx-int8-api,NA,NA,NA,NA,NA,NA
2025-12-01T11:47:08,onnx-int8-api,NA,NA,NA,NA,NA,NA
2025-12-01T11:47:10,onnx-int8-api,NA,NA,NA,NA,NA,NA
2025-12-01T11:47:11,onnx-int8-api,NA,NA,NA,NA,NA,NA
2025-12-01T11:47:12,onnx-int8-api,NA,NA,NA,NA,NA,NA
2025-12-01T11:47:13,onnx-int8-api,NA,NA,NA,NA,NA,NA
2025-12-01T11:47:14,onnx-int8-api,NA,NA,NA,NA,NA,NA
2025-12-01T11:47:15,onnx-int8-api,NA,NA,NA,NA,NA,NA
2025-12-01T11:47:16,onnx-int8-api,NA,NA,NA,NA,NA,NA
2025-12-01T11:47:17,onnx-int8-api,NA,NA,NA,NA,NA,NA
2025-12-01T11:47:18,onnx-int8-api,NA,NA,NA,NA,NA,NA
2025-12-01T11:47:19,onnx-int8-api,NA,NA,NA,NA,NA,NA
2025-12-01T11:47:20,onnx-int8-api,NA,NA,NA,NA,NA,NA
2025-12-01T11:47:21,onnx-int8-api,NA,NA,NA,NA,NA,NA
2025-12-01T11:47:22,onnx-int8-api,NA,NA,NA,NA,NA,NA
2025-12-01T11:47:23,onnx-int8-api,NA,NA,NA,NA,NA,NA
2025-12-01T11:47:24,onnx-int8-api,NA,NA,NA,NA,NA,NA
2025-12-01T11:47:25,onnx-int8-api,NA,NA,NA,NA,NA,NA
2025-12-01T11:47:26,onnx-int8-api,NA,NA,NA,NA,NA,NA
2025-12-01T11:47:27,onnx-int8-api,NA,NA,NA,NA,NA,NA
2025-12-01T11:47:28,onnx-int8-api,NA,NA,NA,NA,NA,NA
2025-12-01T11:47:29,onnx-int8-api,NA,NA,NA,NA,NA,NA
2025-12-01T11:47:30,onnx-int8-api,NA,NA,NA,NA,NA,NA
2025-12-01T11:47:31,onnx-int8-api,NA,NA,NA,NA,NA,NA
2025-12-01T11:47:33,onnx-int8-api,NA,NA,NA,NA,NA,NA
2025-12-01T11:47:34,onnx-int8-api,NA,NA,NA,NA,NA,NA
2025-12-01T11:47:35,onnx-int8-api,NA,NA,NA,NA,NA,NA
2025-12-01T11:47:36,onnx-int8-api,NA,NA,NA,NA,NA,NA
2025-12-01T11:47:37,onnx-int8-api,NA,NA,NA,NA,NA,NA
2025-12-01T11:47:38,onnx-int8-api,NA,NA,NA,NA,NA,NA
2025-12-01T11:47:39,onnx-int8-api,NA,NA,NA,NA,NA,NA
2025-12-01T11:47:40,onnx-int8-api,NA,NA,NA,NA,NA,NA
2025-12-01T11:47:41,onnx-int8-api,NA,NA,NA,NA,NA,NA
2025-12-01T11:47:42,onnx-int8-api,NA,NA,NA,NA,NA,NA
2025-12-01T11:47:43,onnx-int8-api,NA,NA,NA,NA,NA,NA
2025-12-01T11:47:44,onnx-int8-api,NA,NA,NA,NA,NA,NA
2025-12-01T11:47:45,onnx-int8-api,NA,NA,NA,NA,NA,NA
2025-12-01T11:47:46,onnx-int8-api,NA,NA,NA,NA,NA,NA
2025-12-01T11:47:47,onnx-int8-api,NA,NA,NA,NA,NA,NA
2025-12-01T11:47:48,onnx-int8-api,NA,NA,NA,NA,NA,NA
2025-12-01T11:47:49,onnx-int8-api,NA,NA,NA,NA,NA,NA
2025-12-01T11:47:50,onnx-int8-api,NA,NA,NA,NA,NA,NA
2025-12-01T11:47:51,onnx-int8-api,NA,NA,NA,NA,NA,NA
2025-12-01T11:47:52,onnx-int8-api,NA,NA,NA,NA,NA,NA
2025-12-01T11:47:53,onnx-int8-api,NA,NA,NA,NA,NA,NA
2025-12-01T11:47:54,onnx-int8-api,NA,NA,NA,NA,NA,NA
2025-12-01T11:47:56,onnx-int8-api,NA,NA,NA,NA,NA,NA
2025-12-01T11:47:57,onnx-int8-api,NA,NA,NA,NA,NA,NA
2025-12-01T11:47:58,onnx-int8-api,NA,NA,NA,NA,NA,NA
2025-12-01T11:47:59,onnx-int8-api,NA,NA,NA,NA,NA,NA
2025-12-01T11:48:00,onnx-int8-api,NA,NA,NA,NA,NA,NA
2025-12-01T11:48:01,onnx-int8-api,NA,NA,NA,NA,NA,NA
2025-12-01T11:48:02,onnx-int8-api,NA,NA,NA,NA,NA,NA
2025-12-01T11:48:03,onnx-int8-api,NA,NA,NA,NA,NA,NA
2025-12-01T11:48:04,onnx-int8-api,NA,NA,NA,NA,NA,NA
2025-12-01T11:48:05,onnx-int8-api,NA,NA,NA,NA,NA,NA
2025-12-01T11:48:06,onnx-int8-api,NA,NA,NA,NA,NA,NA
2025-12-01T11:48:07,onnx-int8-api,NA,NA,NA,NA,NA,NA
2025-12-01T11:48:08,onnx-int8-api,NA,NA,NA,NA,NA,NA
2025-12-01T11:48:09,onnx-int8-api,NA,NA,NA,NA,NA,NA
2025-12-01T11:48:10,onnx-int8-api,NA,NA,NA,NA,NA,NA
2025-12-01T11:48:11,onnx-int8-api,NA,NA,NA,NA,NA,NA
2025-12-01T11:48:12,onnx-int8-api,NA,NA,NA,NA,NA,NA
2025-12-01T11:48:13,onnx-int8-api,NA,NA,NA,NA,NA,NA
2025-12-01T11:48:14,onnx-int8-api,NA,NA,NA,NA,NA,NA
2025-12-01T11:48:15,onnx-int8-api,NA,NA,NA,NA,NA,NA
2025-12-01T11:48:16,onnx-int8-api,NA,NA,NA,NA,NA,NA
2025-12-01T11:48:17,onnx-int8-api,NA,NA,NA,NA,NA,NA
2025-12-01T11:48:18,onnx-int8-api,NA,NA,NA,NA,NA,NA
2025-12-01T11:48:20,onnx-int8-api,NA,NA,NA,NA,NA,NA
2025-12-01T11:48:21,onnx-int8-api,NA,NA,NA,NA,NA,NA
2025-12-01T11:48:22,onnx-int8-api,NA,NA,NA,NA,NA,NA
2025-12-01T11:48:23,onnx-int8-api,NA,NA,NA,NA,NA,NA
2025-12-01T11:48:24,onnx-int8-api,NA,NA,NA,NA,NA,NA
2025-12-01T11:48:25,onnx-int8-api,NA,NA,NA,NA,NA,NA
2025-12-01T11:48:26,onnx-int8-api,NA,NA,NA,NA,NA,NA
2025-12-01T11:48:27,onnx-int8-api,NA,NA,NA,NA,NA,NA
2025-12-01T11:48:28,onnx-int8-api,NA,NA,NA,NA,NA,NA
2025-12-01T11:48:29,onnx-int8-api,NA,NA,NA,NA,NA,NA
2025-12-01T11:48:30,onnx-int8-api,NA,NA,NA,NA,NA,NA
2025-12-01T11:48:31,onnx-int8-api,NA,NA,NA,NA,NA,NA
2025-12-01T11:48:32,onnx-int8-api,NA,NA,NA,NA,NA,NA
2025-12-01T11:48:33,onnx-int8-api,NA,NA,NA,NA,NA,NA
2025-12-01T11:48:34,onnx-int8-api,NA,NA,NA,NA,NA,NA
2025-12-01T11:48:35,onnx-int8-api,NA,NA,NA,NA,NA,NA
2025-12-01T11:48:36,onnx-int8-api,NA,NA,NA,NA,NA,NA
2025-12-01T11:48:37,onnx-int8-api,NA,NA,NA,NA,NA,NA
2025-12-01T11:48:38,onnx-int8-api,NA,NA,NA,NA,NA,NA
2025-12-01T11:48:39,onnx-int8-api,NA,NA,NA,NA,NA,NA
2025-12-01T11:48:40,onnx-int8-api,NA,NA,NA,NA,NA,NA
2025-12-01T11:48:41,onnx-int8-api,NA,NA,NA,NA,NA,NA
2025-12-01T11:48:42,onnx-int8-api,NA,NA,NA,NA,NA,NA
2025-12-01T11:48:43,onnx-int8-api,NA,NA,NA,NA,NA,NA
2025-12-01T11:48:45,onnx-int8-api,NA,NA,NA,NA,NA,NA
2025-12-01T11:48:46,onnx-int8-api,NA,NA,NA,NA,NA,NA
2025-12-01T11:48:47,onnx-int8-api,NA,NA,NA,NA,NA,NA
2025-12-01T11:48:48,onnx-int8-api,NA,NA,NA,NA,NA,NA
2025-12-01T11:48:49,onnx-int8-api,NA,NA,NA,NA,NA,NA
2025-12-01T11:48:50,onnx-int8-api,NA,NA,NA,NA,NA,NA
2025-12-01T11:48:51,onnx-int8-api,NA,NA,NA,NA,NA,NA
2025-12-01T11:48:52,onnx-int8-api,NA,NA,NA,NA,NA,NA
2025-12-01T11:48:53,onnx-int8-api,NA,NA,NA,NA,NA,NA
2025-12-01T11:48:54,onnx-int8-api,NA,NA,NA,NA,NA,NA
2025-12-01T11:48:55,onnx-int8-api,NA,NA,NA,NA,NA,NA
2025-12-01T11:48:56,onnx-int8-api,NA,NA,NA,NA,NA,NA
2025-12-01T11:48:57,onnx-int8-api,NA,NA,NA,NA,NA,NA
2025-12-01T11:48:58,onnx-int8-api,NA,NA,NA,NA,NA,NA
2025-12-01T11:48:59,onnx-int8-api,NA,NA,NA,NA,NA,NA
2025-12-01T11:49:00,onnx-int8-api,NA,NA,NA,NA,NA,NA
2025-12-01T11:49:01,onnx-int8-api,NA,NA,NA,NA,NA,NA
2025-12-01T11:49:02,onnx-int8-api,NA,NA,NA,NA,NA,NA
2025-12-01T11:49:03,onnx-int8-api,NA,NA,NA,NA,NA,NA
2025-12-01T11:49:04,onnx-int8-api,NA,NA,NA,NA,NA,NA
2025-12-01T11:49:05,onnx-int8-api,NA,NA,NA,NA,NA,NA
2025-12-01T11:49:06,onnx-int8-api,NA,NA,NA,NA,NA,NA
2025-12-01T11:49:08,onnx-int8-api,NA,NA,NA,NA,NA,NA
2025-12-01T11:49:09,onnx-int8-api,NA,NA,NA,NA,NA,NA
2025-12-01T11:49:10,onnx-int8-api,NA,NA,NA,NA,NA,NA
2025-12-01T11:49:11,onnx-int8-api,NA,NA,NA,NA,NA,NA
2025-12-01T11:49:12,onnx-int8-api,NA,NA,NA,NA,NA,NA
2025-12-01T11:49:13,onnx-int8-api,NA,NA,NA,NA,NA,NA
2025-12-01T11:49:14,onnx-int8-api,NA,NA,NA,NA,NA,NA
2025-12-01T11:49:15,onnx-int8-api,NA,NA,NA,NA,NA,NA
2025-12-01T11:49:16,onnx-int8-api,NA,NA,NA,NA,NA,NA
2025-12-01T11:49:17,onnx-int8-api,NA,NA,NA,NA,NA,NA
2025-12-01T11:49:18,onnx-int8-api,NA,NA,NA,NA,NA,NA
2025-12-01T11:49:19,onnx-int8-api,NA,NA,NA,NA,NA,NA
2025-12-01T11:49:20,onnx-int8-api,NA,NA,NA,NA,NA,NA
2025-12-01T11:49:21,onnx-int8-api,NA,NA,NA,NA,NA,NA
2025-12-01T11:49:22,onnx-int8-api,NA,NA,NA,NA,NA,NA
2025-12-01T11:49:23,onnx-int8-api,NA,NA,NA,NA,NA,NA
2025-12-01T11:49:24,onnx-int8-api,NA,NA,NA,NA,NA,NA
2025-12-01T11:49:25,onnx-int8-api,NA,NA,NA,NA,NA,NA
2025-12-01T11:49:26,onnx-int8-api,NA,NA,NA,NA,NA,NA
2025-12-01T11:49:27,onnx-int8-api,NA,NA,NA,NA,NA,NA
2025-12-01T11:49:28,onnx-int8-api,NA,NA,NA,NA,NA,NA
2025-12-01T11:49:29,onnx-int8-api,NA,NA,NA,NA,NA,NA
2025-12-01T11:49:31,onnx-int8-api,NA,NA,NA,NA,NA,NA
2025-12-01T11:49:32,onnx-int8-api,NA,NA,NA,NA,NA,NA
2025-12-01T11:49:33,onnx-int8-api,NA,NA,NA,NA,NA,NA
2025-12-01T11:49:34,onnx-int8-api,NA,NA,NA,NA,NA,NA
2025-12-01T11:49:35,onnx-int8-api,NA,NA,NA,NA,NA,NA
2025-12-01T11:49:36,onnx-int8-api,NA,NA,NA,NA,NA,NA
2025-12-01T11:49:37,onnx-int8-api,NA,NA,NA,NA,NA,NA
2025-12-01T11:49:38,onnx-int8-api,NA,NA,NA,NA,NA,NA
2025-12-01T11:49:39,onnx-int8-api,NA,NA,NA,NA,NA,NA
2025-12-01T11:49:40,onnx-int8-api,NA,NA,NA,NA,NA,NA
2025-12-01T11:49:41,onnx-int8-api,NA,NA,NA,NA,NA,NA
2025-12-01T11:49:42,onnx-int8-api,NA,NA,NA,NA,NA,NA
2025-12-01T11:49:43,onnx-int8-api,NA,NA,NA,NA,NA,NA
2025-12-01T11:49:44,onnx-int8-api,NA,NA,NA,NA,NA,NA
2025-12-01T11:49:45,onnx-int8-api,NA,NA,NA,NA,NA,NA
2025-12-01T11:49:46,onnx-int8-api,NA,NA,NA,NA,NA,NA
2025-12-01T11:49:47,onnx-int8-api,NA,NA,NA,NA,NA,NA
2025-12-01T11:49:48,onnx-int8-api,NA,NA,NA,NA,NA,NA
2025-12-01T11:49:49,onnx-int8-api,NA,NA,NA,NA,NA,NA
2025-12-01T11:49:50,onnx-int8-api,NA,NA,NA,NA,NA,NA
2025-12-01T11:49:51,onnx-int8-api,NA,NA,NA,NA,NA,NA
2025-12-01T11:49:52,onnx-int8-api,NA,NA,NA,NA,NA,NA
2025-12-01T11:49:54,onnx-int8-api,NA,NA,NA,NA,NA,NA
2025-12-01T11:49:55,onnx-int8-api,NA,NA,NA,NA,NA,NA
2025-12-01T11:49:56,onnx-int8-api,NA,NA,NA,NA,NA,NA
2025-12-01T11:49:57,onnx-int8-api,NA,NA,NA,NA,NA,NA
2025-12-01T11:49:58,onnx-int8-api,NA,NA,NA,NA,NA,NA
2025-12-01T11:49:59,onnx-int8-api,NA,NA,NA,NA,NA,NA
2025-12-01T11:50:00,onnx-int8-api,NA,NA,NA,NA,NA,NA
2025-12-01T11:50:01,onnx-int8-api,NA,NA,NA,NA,NA,NA
2025-12-01T11:50:02,onnx-int8-api,NA,NA,NA,NA,NA,NA
2025-12-01T11:50:03,onnx-int8-api,NA,NA,NA,NA,NA,NA
2025-12-01T11:50:04,onnx-int8-api,NA,NA,NA,NA,NA,NA
2025-12-01T11:50:05,onnx-int8-api,NA,NA,NA,NA,NA,NA
2025-12-01T11:50:06,onnx-int8-api,NA,NA,NA,NA,NA,NA
2025-12-01T11:50:07,onnx-int8-api,NA,NA,NA,NA,NA,NA
2025-12-01T11:50:08,onnx-int8-api,NA,NA,NA,NA,NA,NA
2025-12-01T11:50:09,onnx-int8-api,NA,NA,NA,NA,NA,NA
2025-12-01T11:50:10,onnx-int8-api,NA,NA,NA,NA,NA,NA
2025-12-01T11:50:11,onnx-int8-api,NA,NA,NA,NA,NA,NA
2025-12-01T11:50:12,onnx-int8-api,NA,NA,NA,NA,NA,NA
2025-12-01T11:50:13,onnx-int8-api,NA,NA,NA,NA,NA,NA
2025-12-01T11:50:14,onnx-int8-api,NA,NA,NA,NA,NA,NA
2025-12-01T11:50:15,onnx-int8-api,NA,NA,NA,NA,NA,NA
2025-12-01T11:50:16,onnx-int8-api,NA,NA,NA,NA,NA,NA
2025-12-01T11:50:18,onnx-int8-api,NA,NA,NA,NA,NA,NA
2025-12-01T11:50:19,onnx-int8-api,NA,NA,NA,NA,NA,NA
2025-12-01T11:50:20,onnx-int8-api,NA,NA,NA,NA,NA,NA
2025-12-01T11:50:21,onnx-int8-api,NA,NA,NA,NA,NA,NA
2025-12-01T11:50:22,onnx-int8-api,NA,NA,NA,NA,NA,NA
2025-12-01T11:50:23,onnx-int8-api,NA,NA,NA,NA,NA,NA
2025-12-01T11:50:24,onnx-int8-api,NA,NA,NA,NA,NA,NA
2025-12-01T11:50:25,onnx-int8-api,NA,NA,NA,NA,NA,NA
2025-12-01T11:50:26,onnx-int8-api,NA,NA,NA,NA,NA,NA
2025-12-01T11:50:27,onnx-int8-api,NA,NA,NA,NA,NA,NA
2025-12-01T11:50:28,onnx-int8-api,NA,NA,NA,NA,NA,NA
2025-12-01T11:50:29,onnx-int8-api,NA,NA,NA,NA,NA,NA
2025-12-01T11:50:30,onnx-int8-api,NA,NA,NA,NA,NA,NA
2025-12-01T11:50:31,onnx-int8-api,NA,NA,NA,NA,NA,NA
2025-12-01T11:50:32,onnx-int8-api,NA,NA,NA,NA,NA,NA
2025-12-01T11:50:33,onnx-int8-api,NA,NA,NA,NA,NA,NA
2025-12-01T11:50:34,onnx-int8-api,NA,NA,NA,NA,NA,NA
2025-12-01T11:50:35,onnx-int8-api,NA,NA,NA,NA,NA,NA
2025-12-01T11:50:36,onnx-int8-api,NA,NA,NA,NA,NA,NA
2025-12-01T11:50:37,onnx-int8-api,NA,NA,NA,NA,NA,NA
2025-12-01T11:50:38,onnx-int8-api,NA,NA,NA,NA,NA,NA
2025-12-01T11:50:39,onnx-int8-api,NA,NA,NA,NA,NA,NA
2025-12-01T11:50:40,onnx-int8-api,NA,NA,NA,NA,NA,NA
2025-12-01T11:50:41,onnx-int8-api,NA,NA,NA,NA,NA,NA
2025-12-01T11:50:42,onnx-int8-api,NA,NA,NA,NA,NA,NA
2025-12-01T11:50:43,onnx-int8-api,NA,NA,NA,NA,NA,NA
2025-12-01T11:50:44,onnx-int8-api,NA,NA,NA,NA,NA,NA
2025-12-01T11:50:45,onnx-int8-api,NA,NA,NA,NA,NA,NA
2025-12-01T11:50:47,onnx-int8-api,NA,NA,NA,NA,NA,NA
2025-12-01T11:50:48,onnx-int8-api,NA,NA,NA,NA,NA,NA
2025-12-01T11:50:49,onnx-int8-api,NA,NA,NA,NA,NA,NA
2025-12-01T11:50:50,onnx-int8-api,NA,NA,NA,NA,NA,NA
2025-12-01T11:50:51,onnx-int8-api,NA,NA,NA,NA,NA,NA
2025-12-01T11:50:52,onnx-int8-api,NA,NA,NA,NA,NA,NA
2025-12-01T11:50:53,onnx-int8-api,NA,NA,NA,NA,NA,NA
2025-12-01T11:50:54,onnx-int8-api,NA,NA,NA,NA,NA,NA
2025-12-01T11:50:55,onnx-int8-api,NA,NA,NA,NA,NA,NA
2025-12-01T11:50:56,onnx-int8-api,NA,NA,NA,NA,NA,NA
2025-12-01T11:50:57,onnx-int8-api,NA,NA,NA,NA,NA,NA
2025-12-01T11:50:58,onnx-int8-api,NA,NA,NA,NA,NA,NA
2025-12-01T11:50:59,onnx-int8-api,NA,NA,NA,NA,NA,NA
2025-12-01T11:51:00,onnx-int8-api,NA,NA,NA,NA,NA,NA
2025-12-01T11:51:01,onnx-int8-api,NA,NA,NA,NA,NA,NA
2025-12-01T11:51:02,onnx-int8-api,NA,NA,NA,NA,NA,NA
2025-12-01T11:51:03,onnx-int8-api,NA,NA,NA,NA,NA,NA
2025-12-01T11:51:04,onnx-int8-api,NA,NA,NA,NA,NA,NA
2025-12-01T11:51:05,onnx-int8-api,NA,NA,NA,NA,NA,NA
2025-12-01T11:51:06,onnx-int8-api,NA,NA,NA,NA,NA,NA
2025-12-01T11:51:07,onnx-int8-api,NA,NA,NA,NA,NA,NA
2025-12-01T11:51:08,onnx-int8-api,NA,NA,NA,NA,NA,NA
2025-12-01T11:51:09,onnx-int8-api,NA,NA,NA,NA,NA,NA
2025-12-01T11:51:10,onnx-int8-api,NA,NA,NA,NA,NA,NA
2025-12-01T11:51:11,onnx-int8-api,NA,NA,NA,NA,NA,NA
2025-12-01T11:51:12,onnx-int8-api,NA,NA,NA,NA,NA,NA
2025-12-01T11:51:13,onnx-int8-api,NA,NA,NA,NA,NA,NA
2025-12-01T11:51:14,onnx-int8-api,NA,NA,NA,NA,NA,NA
2025-12-01T11:51:16,onnx-int8-api,NA,NA,NA,NA,NA,NA
2025-12-01T11:51:17,onnx-int8-api,NA,NA,NA,NA,NA,NA
2025-12-01T11:51:18,onnx-int8-api,NA,NA,NA,NA,NA,NA
2025-12-01T11:51:19,onnx-int8-api,NA,NA,NA,NA,NA,NA
2025-12-01T11:51:20,onnx-int8-api,NA,NA,NA,NA,NA,NA
2025-12-01T11:51:21,onnx-int8-api,NA,NA,NA,NA,NA,NA
2025-12-01T11:51:22,onnx-int8-api,NA,NA,NA,NA,NA,NA
2025-12-01T11:51:23,onnx-int8-api,NA,NA,NA,NA,NA,NA
2025-12-01T11:51:24,onnx-int8-api,NA,NA,NA,NA,NA,NA
2025-12-01T11:51:25,onnx-int8-api,NA,NA,NA,NA,NA,NA
2025-12-01T11:51:26,onnx-int8-api,NA,NA,NA,NA,NA,NA
2025-12-01T11:51:27,onnx-int8-api,NA,NA,NA,NA,NA,NA
2025-12-01T11:51:28,onnx-int8-api,NA,NA,NA,NA,NA,NA
2025-12-01T11:51:29,onnx-int8-api,NA,NA,NA,NA,NA,NA
2025-12-01T11:51:30,onnx-int8-api,NA,NA,NA,NA,NA,NA
2025-12-01T11:51:31,onnx-int8-api,NA,NA,NA,NA,NA,NA
2025-12-01T11:51:32,onnx-int8-api,NA,NA,NA,NA,NA,NA
2025-12-01T11:51:33,onnx-int8-api,NA,NA,NA,NA,NA,NA
2025-12-01T11:51:34,onnx-int8-api,NA,NA,NA,NA,NA,NA
2025-12-01T11:51:35,onnx-int8-api,NA,NA,NA,NA,NA,NA
2025-12-01T11:51:36,onnx-int8-api,NA,NA,NA,NA,NA,NA
2025-12-01T11:51:37,onnx-int8-api,NA,NA,NA,NA,NA,NA
2025-12-01T11:51:38,onnx-int8-api,NA,NA,NA,NA,NA,NA
2025-12-01T11:51:39,onnx-int8-api,NA,NA,NA,NA,NA,NA
2025-12-01T11:51:40,onnx-int8-api,NA,NA,NA,NA,NA,NA
2025-12-01T11:51:41,onnx-int8-api,NA,NA,NA,NA,NA,NA
2025-12-01T11:51:42,onnx-int8-api,NA,NA,NA,NA,NA,NA
2025-12-01T11:51:43,onnx-int8-api,NA,NA,NA,NA,NA,NA
2025-12-01T11:51:44,onnx-int8-api,NA,NA,NA,NA,NA,NA
2025-12-01T11:51:45,onnx-int8-api,NA,NA,NA,NA,NA,NA
2025-12-01T11:51:46,onnx-int8-api,NA,NA,NA,NA,NA,NA
2025-12-01T11:51:47,onnx-int8-api,NA,NA,NA,NA,NA,NA
2025-12-01T11:51:49,onnx-int8-api,NA,NA,NA,NA,NA,NA
2025-12-01T11:51:50,onnx-int8-api,NA,NA,NA,NA,NA,NA
2025-12-01T11:51:51,onnx-int8-api,NA,NA,NA,NA,NA,NA
2025-12-01T11:51:52,onnx-int8-api,NA,NA,NA,NA,NA,NA
2025-12-01T11:51:53,onnx-int8-api,NA,NA,NA,NA,NA,NA
2025-12-01T11:51:54,onnx-int8-api,NA,NA,NA,NA,NA,NA
2025-12-01T11:51:55,onnx-int8-api,NA,NA,NA,NA,NA,NA
2025-12-01T11:51:56,onnx-int8-api,NA,NA,NA,NA,NA,NA
2025-12-01T11:51:57,onnx-int8-api,NA,NA,NA,NA,NA,NA
2025-12-01T11:51:58,onnx-int8-api,NA,NA,NA,NA,NA,NA
2025-12-01T11:51:59,onnx-int8-api,NA,NA,NA,NA,NA,NA
2025-12-01T11:52:00,onnx-int8-api,NA,NA,NA,NA,NA,NA
2025-12-01T11:52:01,onnx-int8-api,NA,NA,NA,NA,NA,NA
2025-12-01T11:52:02,onnx-int8-api,NA,NA,NA,NA,NA,NA
2025-12-01T11:52:03,onnx-int8-api,NA,NA,NA,NA,NA,NA
2025-12-01T11:52:04,onnx-int8-api,NA,NA,NA,NA,NA,NA
2025-12-01T11:52:05,onnx-int8-api,NA,NA,NA,NA,NA,NA
2025-12-01T11:52:06,onnx-int8-api,NA,NA,NA,NA,NA,NA
2025-12-01T11:52:07,onnx-int8-api,NA,NA,NA,NA,NA,NA
2025-12-01T11:52:08,onnx-int8-api,NA,NA,NA,NA,NA,NA
2025-12-01T11:52:09,onnx-int8-api,NA,NA,NA,NA,NA,NA
2025-12-01T11:52:10,onnx-int8-api,NA,NA,NA,NA,NA,NA
2025-12-01T11:52:11,onnx-int8-api,NA,NA,NA,NA,NA,NA
2025-12-01T11:52:12,onnx-int8-api,NA,NA,NA,NA,NA,NA
2025-12-01T11:52:13,onnx-int8-api,NA,NA,NA,NA,NA,NA
2025-12-01T11:52:14,onnx-int8-api,NA,NA,NA,NA,NA,NA
2025-12-01T11:52:15,onnx-int8-api,NA,NA,NA,NA,NA,NA
2025-12-01T11:52:16,onnx-int8-api,NA,NA,NA,NA,NA,NA
2025-12-01T11:52:17,onnx-int8-api,NA,NA,NA,NA,NA,NA
2025-12-01T11:52:18,onnx-int8-api,NA,NA,NA,NA,NA,NA
2025-12-01T11:52:19,onnx-int8-api,NA,NA,NA,NA,NA,NA
2025-12-01T11:52:20,onnx-int8-api,NA,NA,NA,NA,NA,NA
2025-12-01T11:52:22,onnx-int8-api,NA,NA,NA,NA,NA,NA
2025-12-01T11:52:23,onnx-int8-api,NA,NA,NA,NA,NA,NA
2025-12-01T11:52:24,onnx-int8-api,NA,NA,NA,NA,NA,NA
2025-12-01T11:52:25,onnx-int8-api,NA,NA,NA,NA,NA,NA
2025-12-01T11:52:26,onnx-int8-api,NA,NA,NA,NA,NA,NA
2025-12-01T11:52:27,onnx-int8-api,NA,NA,NA,NA,NA,NA
2025-12-01T11:52:28,onnx-int8-api,NA,NA,NA,NA,NA,NA
2025-12-01T11:52:29,onnx-int8-api,NA,NA,NA,NA,NA,NA
2025-12-01T11:52:30,onnx-int8-api,NA,NA,NA,NA,NA,NA
2025-12-01T11:52:31,onnx-int8-api,NA,NA,NA,NA,NA,NA
2025-12-01T11:52:32,onnx-int8-api,NA,NA,NA,NA,NA,NA
2025-12-01T11:52:33,onnx-int8-api,NA,NA,NA,NA,NA,NA
2025-12-01T11:52:34,onnx-int8-api,NA,NA,NA,NA,NA,NA
2025-12-01T11:52:35,onnx-int8-api,NA,NA,NA,NA,NA,NA
2025-12-01T11:52:36,onnx-int8-api,NA,NA,NA,NA,NA,NA
2025-12-01T11:52:37,onnx-int8-api,NA,NA,NA,NA,NA,NA
2025-12-01T11:52:38,onnx-int8-api,NA,NA,NA,NA,NA,NA
2025-12-01T11:52:39,onnx-int8-api,NA,NA,NA,NA,NA,NA
2025-12-01T11:52:40,onnx-int8-api,NA,NA,NA,NA,NA,NA
2025-12-01T11:52:41,onnx-int8-api,NA,NA,NA,NA,NA,NA
2025-12-01T11:52:42,onnx-int8-api,NA,NA,NA,NA,NA,NA
2025-12-01T11:52:43,onnx-int8-api,NA,NA,NA,NA,NA,NA
2025-12-01T11:52:44,onnx-int8-api,NA,NA,NA,NA,NA,NA
2025-12-01T11:52:45,onnx-int8-api,NA,NA,NA,NA,NA,NA
2025-12-01T11:52:46,onnx-int8-api,NA,NA,NA,NA,NA,NA
2025-12-01T11:52:47,onnx-int8-api,NA,NA,NA,NA,NA,NA
2025-12-01T11:52:48,onnx-int8-api,NA,NA,NA,NA,NA,NA
2025-12-01T11:52:49,onnx-int8-api,NA,NA,NA,NA,NA,NA
2025-12-01T11:52:50,onnx-int8-api,NA,NA,NA,NA,NA,NA
2025-12-01T11:52:51,onnx-int8-api,NA,NA,NA,NA,NA,NA
2025-12-01T11:52:52,onnx-int8-api,NA,NA,NA,NA,NA,NA
2025-12-01T11:52:53,onnx-int8-api,NA,NA,NA,NA,NA,NA
2025-12-01T11:52:55,onnx-int8-api,NA,NA,NA,NA,NA,NA
2025-12-01T11:52:56,onnx-int8-api,NA,NA,NA,NA,NA,NA
2025-12-01T11:52:57,onnx-int8-api,NA,NA,NA,NA,NA,NA
2025-12-01T11:52:58,onnx-int8-api,NA,NA,NA,NA,NA,NA
2025-12-01T11:52:59,onnx-int8-api,NA,NA,NA,NA,NA,NA
2025-12-01T11:53:00,onnx-int8-api,NA,NA,NA,NA,NA,NA
2025-12-01T11:53:01,onnx-int8-api,NA,NA,NA,NA,NA,NA
2025-12-01T11:53:02,onnx-int8-api,NA,NA,NA,NA,NA,NA
2025-12-01T11:53:03,onnx-int8-api,NA,NA,NA,NA,NA,NA
2025-12-01T11:53:04,onnx-int8-api,NA,NA,NA,NA,NA,NA
2025-12-01T11:53:05,onnx-int8-api,NA,NA,NA,NA,NA,NA
2025-12-01T11:53:06,onnx-int8-api,NA,NA,NA,NA,NA,NA
2025-12-01T11:53:07,onnx-int8-api,NA,NA,NA,NA,NA,NA
2025-12-01T11:53:08,onnx-int8-api,NA,NA,NA,NA,NA,NA
2025-12-01T11:53:09,onnx-int8-api,NA,NA,NA,NA,NA,NA
2025-12-01T11:53:10,onnx-int8-api,NA,NA,NA,NA,NA,NA
2025-12-01T11:53:11,onnx-int8-api,NA,NA,NA,NA,NA,NA
2025-12-01T11:53:12,onnx-int8-api,NA,NA,NA,NA,NA,NA
2025-12-01T11:53:13,onnx-int8-api,NA,NA,NA,NA,NA,NA
2025-12-01T11:53:14,onnx-int8-api,NA,NA,NA,NA,NA,NA
2025-12-01T11:53:15,onnx-int8-api,NA,NA,NA,NA,NA,NA
2025-12-01T11:53:16,onnx-int8-api,NA,NA,NA,NA,NA,NA
2025-12-01T11:53:17,onnx-int8-api,NA,NA,NA,NA,NA,NA
2025-12-01T11:53:18,onnx-int8-api,NA,NA,NA,NA,NA,NA
2025-12-01T11:53:19,onnx-int8-api,NA,NA,NA,NA,NA,NA
2025-12-01T11:53:20,onnx-int8-api,NA,NA,NA,NA,NA,NA
2025-12-01T11:53:21,onnx-int8-api,NA,NA,NA,NA,NA,NA
2025-12-01T11:53:22,onnx-int8-api,NA,NA,NA,NA,NA,NA
2025-12-01T11:53:23,onnx-int8-api,NA,NA,NA,NA,NA,NA
2025-12-01T11:53:24,onnx-int8-api,NA,NA,NA,NA,NA,NA
2025-12-01T11:53:25,onnx-int8-api,NA,NA,NA,NA,NA,NA
2025-12-01T11:53:27,onnx-int8-api,NA,NA,NA,NA,NA,NA
2025-12-01T11:53:28,onnx-int8-api,NA,NA,NA,NA,NA,NA
2025-12-01T11:53:29,onnx-int8-api,NA,NA,NA,NA,NA,NA
2025-12-01T11:53:30,onnx-int8-api,NA,NA,NA,NA,NA,NA
2025-12-01T11:53:31,onnx-int8-api,NA,NA,NA,NA,NA,NA
2025-12-01T11:53:32,onnx-int8-api,NA,NA,NA,NA,NA,NA
2025-12-01T11:53:33,onnx-int8-api,NA,NA,NA,NA,NA,NA
2025-12-01T11:53:34,onnx-int8-api,NA,NA,NA,NA,NA,NA
2025-12-01T11:53:35,onnx-int8-api,NA,NA,NA,NA,NA,NA
2025-12-01T11:53:36,onnx-int8-api,NA,NA,NA,NA,NA,NA
2025-12-01T11:53:37,onnx-int8-api,NA,NA,NA,NA,NA,NA
2025-12-01T11:53:38,onnx-int8-api,NA,NA,NA,NA,NA,NA
2025-12-01T11:53:39,onnx-int8-api,NA,NA,NA,NA,NA,NA
2025-12-01T11:53:40,onnx-int8-api,NA,NA,NA,NA,NA,NA
2025-12-01T11:53:41,onnx-int8-api,NA,NA,NA,NA,NA,NA
2025-12-01T11:53:42,onnx-int8-api,NA,NA,NA,NA,NA,NA
2025-12-01T11:53:43,onnx-int8-api,NA,NA,NA,NA,NA,NA
2025-12-01T11:53:44,onnx-int8-api,NA,NA,NA,NA,NA,NA
2025-12-01T11:53:45,onnx-int8-api,NA,NA,NA,NA,NA,NA
2025-12-01T11:53:46,onnx-int8-api,NA,NA,NA,NA,NA,NA
2025-12-01T11:53:47,onnx-int8-api,NA,NA,NA,NA,NA,NA
2025-12-01T11:53:48,onnx-int8-api,NA,NA,NA,NA,NA,NA
2025-12-01T11:53:50,onnx-int8-api,NA,NA,NA,NA,NA,NA
2025-12-01T11:53:51,onnx-int8-api,NA,NA,NA,NA,NA,NA
2025-12-01T11:53:52,onnx-int8-api,NA,NA,NA,NA,NA,NA
2025-12-01T11:53:53,onnx-int8-api,NA,NA,NA,NA,NA,NA
2025-12-01T11:53:54,onnx-int8-api,NA,NA,NA,NA,NA,NA
2025-12-01T11:53:55,onnx-int8-api,NA,NA,NA,NA,NA,NA
2025-12-01T11:53:56,onnx-int8-api,NA,NA,NA,NA,NA,NA
2025-12-01T11:53:57,onnx-int8-api,NA,NA,NA,NA,NA,NA
2025-12-01T11:53:58,onnx-int8-api,NA,NA,NA,NA,NA,NA
2025-12-01T11:53:59,onnx-int8-api,NA,NA,NA,NA,NA,NA
2025-12-01T11:54:00,onnx-int8-api,NA,NA,NA,NA,NA,NA
2025-12-01T11:54:01,onnx-int8-api,NA,NA,NA,NA,NA,NA
2025-12-01T11:54:02,onnx-int8-api,NA,NA,NA,NA,NA,NA
2025-12-01T11:54:03,onnx-int8-api,NA,NA,NA,NA,NA,NA
2025-12-01T11:54:04,onnx-int8-api,NA,NA,NA,NA,NA,NA
2025-12-01T11:54:05,onnx-int8-api,NA,NA,NA,NA,NA,NA
2025-12-01T11:54:06,onnx-int8-api,NA,NA,NA,NA,NA,NA
2025-12-01T11:54:07,onnx-int8-api,NA,NA,NA,NA,NA,NA
2025-12-01T11:54:08,onnx-int8-api,NA,NA,NA,NA,NA,NA
2025-12-01T11:54:09,onnx-int8-api,NA,NA,NA,NA,NA,NA
2025-12-01T11:54:10,onnx-int8-api,NA,NA,NA,NA,NA,NA
2025-12-01T11:54:11,onnx-int8-api,NA,NA,NA,NA,NA,NA
2025-12-01T11:54:12,onnx-int8-api,NA,NA,NA,NA,NA,NA
2025-12-01T11:54:13,onnx-int8-api,NA,NA,NA,NA,NA,NA
2025-12-01T11:54:14,onnx-int8-api,NA,NA,NA,NA,NA,NA
2025-12-01T11:54:16,onnx-int8-api,NA,NA,NA,NA,NA,NA
2025-12-01T11:54:17,onnx-int8-api,NA,NA,NA,NA,NA,NA
2025-12-01T11:54:18,onnx-int8-api,NA,NA,NA,NA,NA,NA
2025-12-01T11:54:19,onnx-int8-api,NA,NA,NA,NA,NA,NA
2025-12-01T11:54:20,onnx-int8-api,NA,NA,NA,NA,NA,NA
2025-12-01T11:54:21,onnx-int8-api,NA,NA,NA,NA,NA,NA
2025-12-01T11:54:22,onnx-int8-api,NA,NA,NA,NA,NA,NA
2025-12-01T11:54:23,onnx-int8-api,NA,NA,NA,NA,NA,NA
2025-12-01T11:54:24,onnx-int8-api,NA,NA,NA,NA,NA,NA
2025-12-01T11:54:25,onnx-int8-api,NA,NA,NA,NA,NA,NA
2025-12-01T11:54:26,onnx-int8-api,NA,NA,NA,NA,NA,NA
2025-12-01T11:54:27,onnx-int8-api,NA,NA,NA,NA,NA,NA
2025-12-01T11:54:28,onnx-int8-api,NA,NA,NA,NA,NA,NA
2025-12-01T11:54:29,onnx-int8-api,NA,NA,NA,NA,NA,NA
2025-12-01T11:54:30,onnx-int8-api,NA,NA,NA,NA,NA,NA
2025-12-01T11:54:31,onnx-int8-api,NA,NA,NA,NA,NA,NA
2025-12-01T11:54:32,onnx-int8-api,NA,NA,NA,NA,NA,NA
2025-12-01T11:54:33,onnx-int8-api,NA,NA,NA,NA,NA,NA
2025-12-01T11:54:34,onnx-int8-api,NA,NA,NA,NA,NA,NA
2025-12-01T11:54:35,onnx-int8-api,NA,NA,NA,NA,NA,NA
2025-12-01T11:54:36,onnx-int8-api,NA,NA,NA,NA,NA,NA
2025-12-01T11:54:37,onnx-int8-api,NA,NA,NA,NA,NA,NA
2025-12-01T11:54:39,onnx-int8-api,NA,NA,NA,NA,NA,NA
2025-12-01T11:54:40,onnx-int8-api,NA,NA,NA,NA,NA,NA
2025-12-01T11:54:41,onnx-int8-api,NA,NA,NA,NA,NA,NA
2025-12-01T11:54:42,onnx-int8-api,NA,NA,NA,NA,NA,NA
2025-12-01T11:54:43,onnx-int8-api,NA,NA,NA,NA,NA,NA
2025-12-01T11:54:44,onnx-int8-api,NA,NA,NA,NA,NA,NA
2025-12-01T11:54:45,onnx-int8-api,NA,NA,NA,NA,NA,NA
2025-12-01T11:54:46,onnx-int8-api,NA,NA,NA,NA,NA,NA
2025-12-01T11:54:47,onnx-int8-api,NA,NA,NA,NA,NA,NA
2025-12-01T11:54:48,onnx-int8-api,NA,NA,NA,NA,NA,NA
2025-12-01T11:54:49,onnx-int8-api,NA,NA,NA,NA,NA,NA
2025-12-01T11:54:50,onnx-int8-api,NA,NA,NA,NA,NA,NA
2025-12-01T11:54:51,onnx-int8-api,NA,NA,NA,NA,NA,NA
2025-12-01T11:54:52,onnx-int8-api,NA,NA,NA,NA,NA,NA
2025-12-01T11:54:53,onnx-int8-api,NA,NA,NA,NA,NA,NA
2025-12-01T11:54:54,onnx-int8-api,NA,NA,NA,NA,NA,NA
2025-12-01T11:54:55,onnx-int8-api,NA,NA,NA,NA,NA,NA
2025-12-01T11:54:56,onnx-int8-api,NA,NA,NA,NA,NA,NA
2025-12-01T11:54:57,onnx-int8-api,NA,NA,NA,NA,NA,NA
2025-12-01T11:54:58,onnx-int8-api,NA,NA,NA,NA,NA,NA
2025-12-01T11:54:59,onnx-int8-api,NA,NA,NA,NA,NA,NA
2025-12-01T11:55:01,onnx-int8-api,NA,NA,NA,NA,NA,NA
2025-12-01T11:55:02,onnx-int8-api,NA,NA,NA,NA,NA,NA
2025-12-01T11:55:03,onnx-int8-api,NA,NA,NA,NA,NA,NA
2025-12-01T11:55:04,onnx-int8-api,NA,NA,NA,NA,NA,NA
2025-12-01T11:55:05,onnx-int8-api,NA,NA,NA,NA,NA,NA
2025-12-01T11:55:06,onnx-int8-api,NA,NA,NA,NA,NA,NA
2025-12-01T11:55:07,onnx-int8-api,NA,NA,NA,NA,NA,NA
2025-12-01T11:55:08,onnx-int8-api,NA,NA,NA,NA,NA,NA
2025-12-01T11:55:09,onnx-int8-api,NA,NA,NA,NA,NA,NA
2025-12-01T11:55:10,onnx-int8-api,NA,NA,NA,NA,NA,NA
2025-12-01T11:55:11,onnx-int8-api,NA,NA,NA,NA,NA,NA
2025-12-01T11:55:12,onnx-int8-api,NA,NA,NA,NA,NA,NA
2025-12-01T11:55:13,onnx-int8-api,NA,NA,NA,NA,NA,NA
2025-12-01T11:55:14,onnx-int8-api,NA,NA,NA,NA,NA,NA
2025-12-01T11:55:15,onnx-int8-api,NA,NA,NA,NA,NA,NA
2025-12-01T11:55:16,onnx-int8-api,NA,NA,NA,NA,NA,NA
2025-12-01T11:55:17,onnx-int8-api,NA,NA,NA,NA,NA,NA
2025-12-01T11:55:18,onnx-int8-api,NA,NA,NA,NA,NA,NA
2025-12-01T11:55:19,onnx-int8-api,NA,NA,NA,NA,NA,NA
2025-12-01T11:55:20,onnx-int8-api,NA,NA,NA,NA,NA,NA
2025-12-01T11:55:22,onnx-int8-api,NA,NA,NA,NA,NA,NA
2025-12-01T11:55:23,onnx-int8-api,NA,NA,NA,NA,NA,NA
2025-12-01T11:55:24,onnx-int8-api,NA,NA,NA,NA,NA,NA
2025-12-01T11:55:25,onnx-int8-api,NA,NA,NA,NA,NA,NA
2025-12-01T11:55:26,onnx-int8-api,NA,NA,NA,NA,NA,NA
2025-12-01T11:55:27,onnx-int8-api,NA,NA,NA,NA,NA,NA
2025-12-01T11:55:28,onnx-int8-api,NA,NA,NA,NA,NA,NA
2025-12-01T11:55:29,onnx-int8-api,NA,NA,NA,NA,NA,NA
2025-12-01T11:55:30,onnx-int8-api,NA,NA,NA,NA,NA,NA
2025-12-01T11:55:31,onnx-int8-api,NA,NA,NA,NA,NA,NA
2025-12-01T11:55:32,onnx-int8-api,NA,NA,NA,NA,NA,NA
2025-12-01T11:55:33,onnx-int8-api,NA,NA,NA,NA,NA,NA
2025-12-01T11:55:34,onnx-int8-api,NA,NA,NA,NA,NA,NA
2025-12-01T11:55:35,onnx-int8-api,NA,NA,NA,NA,NA,NA
2025-12-01T11:55:36,onnx-int8-api,NA,NA,NA,NA,NA,NA
2025-12-01T11:55:37,onnx-int8-api,NA,NA,NA,NA,NA,NA
2025-12-01T11:55:38,onnx-int8-api,NA,NA,NA,NA,NA,NA
2025-12-01T11:55:39,onnx-int8-api,NA,NA,NA,NA,NA,NA
2025-12-01T11:55:40,onnx-int8-api,NA,NA,NA,NA,NA,NA
2025-12-01T11:55:41,onnx-int8-api,NA,NA,NA,NA,NA,NA
2025-12-01T11:55:42,onnx-int8-api,NA,NA,NA,NA,NA,NA
2025-12-01T11:55:43,onnx-int8-api,NA,NA,NA,NA,NA,NA
2025-12-01T11:55:45,onnx-int8-api,NA,NA,NA,NA,NA,NA
2025-12-01T11:55:46,onnx-int8-api,NA,NA,NA,NA,NA,NA
2025-12-01T11:55:47,onnx-int8-api,NA,NA,NA,NA,NA,NA
2025-12-01T11:55:48,onnx-int8-api,NA,NA,NA,NA,NA,NA
2025-12-01T11:55:49,onnx-int8-api,NA,NA,NA,NA,NA,NA
2025-12-01T11:55:50,onnx-int8-api,NA,NA,NA,NA,NA,NA
2025-12-01T11:55:51,onnx-int8-api,NA,NA,NA,NA,NA,NA
2025-12-01T11:55:52,onnx-int8-api,NA,NA,NA,NA,NA,NA
2025-12-01T11:55:53,onnx-int8-api,NA,NA,NA,NA,NA,NA
2025-12-01T11:55:54,onnx-int8-api,NA,NA,NA,NA,NA,NA
2025-12-01T11:55:55,onnx-int8-api,NA,NA,NA,NA,NA,NA
2025-12-01T11:55:56,onnx-int8-api,NA,NA,NA,NA,NA,NA
2025-12-01T11:55:57,onnx-int8-api,NA,NA,NA,NA,NA,NA
2025-12-01T11:55:58,onnx-int8-api,NA,NA,NA,NA,NA,NA
2025-12-01T11:55:59,onnx-int8-api,NA,NA,NA,NA,NA,NA
2025-12-01T11:56:00,onnx-int8-api,NA,NA,NA,NA,NA,NA
2025-12-01T11:56:01,onnx-int8-api,NA,NA,NA,NA,NA,NA
2025-12-01T11:56:02,onnx-int8-api,NA,NA,NA,NA,NA,NA
2025-12-01T11:56:03,onnx-int8-api,NA,NA,NA,NA,NA,NA
2025-12-01T11:56:04,onnx-int8-api,NA,NA,NA,NA,NA,NA
2025-12-01T11:56:06,onnx-int8-api,NA,NA,NA,NA,NA,NA
2025-12-01T11:56:07,onnx-int8-api,NA,NA,NA,NA,NA,NA
2025-12-01T11:56:08,onnx-int8-api,NA,NA,NA,NA,NA,NA
2025-12-01T11:56:09,onnx-int8-api,NA,NA,NA,NA,NA,NA
2025-12-01T11:56:10,onnx-int8-api,NA,NA,NA,NA,NA,NA
2025-12-01T11:56:11,onnx-int8-api,NA,NA,NA,NA,NA,NA
2025-12-01T11:56:12,onnx-int8-api,NA,NA,NA,NA,NA,NA
2025-12-01T11:56:13,onnx-int8-api,NA,NA,NA,NA,NA,NA
2025-12-01T11:56:14,onnx-int8-api,NA,NA,NA,NA,NA,NA
2025-12-01T11:56:15,onnx-int8-api,NA,NA,NA,NA,NA,NA
2025-12-01T11:56:16,onnx-int8-api,NA,NA,NA,NA,NA,NA
2025-12-01T11:56:17,onnx-int8-api,NA,NA,NA,NA,NA,NA
2025-12-01T11:56:18,onnx-int8-api,NA,NA,NA,NA,NA,NA
2025-12-01T11:56:19,onnx-int8-api,NA,NA,NA,NA,NA,NA
2025-12-01T11:56:20,onnx-int8-api,NA,NA,NA,NA,NA,NA
2025-12-01T11:56:21,onnx-int8-api,NA,NA,NA,NA,NA,NA
2025-12-01T11:56:22,onnx-int8-api,NA,NA,NA,NA,NA,NA
2025-12-01T11:56:23,onnx-int8-api,NA,NA,NA,NA,NA,NA
2025-12-01T11:56:24,onnx-int8-api,NA,NA,NA,NA,NA,NA
2025-12-01T11:56:25,onnx-int8-api,NA,NA,NA,NA,NA,NA
2025-12-01T11:56:27,onnx-int8-api,NA,NA,NA,NA,NA,NA
2025-12-01T11:56:28,onnx-int8-api,NA,NA,NA,NA,NA,NA
2025-12-01T11:56:29,onnx-int8-api,NA,NA,NA,NA,NA,NA
2025-12-01T11:56:30,onnx-int8-api,NA,NA,NA,NA,NA,NA
2025-12-01T11:56:31,onnx-int8-api,NA,NA,NA,NA,NA,NA
2025-12-01T11:56:32,onnx-int8-api,NA,NA,NA,NA,NA,NA
2025-12-01T11:56:33,onnx-int8-api,NA,NA,NA,NA,NA,NA
2025-12-01T11:56:34,onnx-int8-api,NA,NA,NA,NA,NA,NA
2025-12-01T11:56:35,onnx-int8-api,NA,NA,NA,NA,NA,NA
2025-12-01T11:56:36,onnx-int8-api,NA,NA,NA,NA,NA,NA
2025-12-01T11:56:37,onnx-int8-api,NA,NA,NA,NA,NA,NA
2025-12-01T11:56:38,onnx-int8-api,NA,NA,NA,NA,NA,NA
2025-12-01T11:56:39,onnx-int8-api,NA,NA,NA,NA,NA,NA
2025-12-01T11:56:40,onnx-int8-api,NA,NA,NA,NA,NA,NA
2025-12-01T11:56:41,onnx-int8-api,NA,NA,NA,NA,NA,NA
2025-12-01T11:56:42,onnx-int8-api,NA,NA,NA,NA,NA,NA
2025-12-01T11:56:43,onnx-int8-api,NA,NA,NA,NA,NA,NA
2025-12-01T11:56:44,onnx-int8-api,NA,NA,NA,NA,NA,NA
2025-12-01T11:56:45,onnx-int8-api,NA,NA,NA,NA,NA,NA
2025-12-01T11:56:46,onnx-int8-api,NA,NA,NA,NA,NA,NA
2025-12-01T11:56:48,onnx-int8-api,NA,NA,NA,NA,NA,NA
2025-12-01T11:56:49,onnx-int8-api,NA,NA,NA,NA,NA,NA
2025-12-01T11:56:50,onnx-int8-api,NA,NA,NA,NA,NA,NA
2025-12-01T11:56:51,onnx-int8-api,NA,NA,NA,NA,NA,NA
2025-12-01T11:56:52,onnx-int8-api,NA,NA,NA,NA,NA,NA
2025-12-01T11:56:53,onnx-int8-api,NA,NA,NA,NA,NA,NA
2025-12-01T11:56:54,onnx-int8-api,NA,NA,NA,NA,NA,NA
2025-12-01T11:56:55,onnx-int8-api,NA,NA,NA,NA,NA,NA
2025-12-01T11:56:56,onnx-int8-api,NA,NA,NA,NA,NA,NA
2025-12-01T11:56:57,onnx-int8-api,NA,NA,NA,NA,NA,NA
2025-12-01T11:56:58,onnx-int8-api,NA,NA,NA,NA,NA,NA
2025-12-01T11:56:59,onnx-int8-api,NA,NA,NA,NA,NA,NA
2025-12-01T11:57:00,onnx-int8-api,NA,NA,NA,NA,NA,NA
2025-12-01T11:57:01,onnx-int8-api,NA,NA,NA,NA,NA,NA
2025-12-01T11:57:02,onnx-int8-api,NA,NA,NA,NA,NA,NA
2025-12-01T11:57:03,onnx-int8-api,NA,NA,NA,NA,NA,NA
2025-12-01T11:57:04,onnx-int8-api,NA,NA,NA,NA,NA,NA
2025-12-01T11:57:05,onnx-int8-api,NA,NA,NA,NA,NA,NA
2025-12-01T11:57:06,onnx-int8-api,NA,NA,NA,NA,NA,NA
2025-12-01T11:57:07,onnx-int8-api,NA,NA,NA,NA,NA,NA
2025-12-01T11:57:08,onnx-int8-api,NA,NA,NA,NA,NA,NA
2025-12-01T11:57:09,onnx-int8-api,NA,NA,NA,NA,NA,NA
2025-12-01T11:57:11,onnx-int8-api,NA,NA,NA,NA,NA,NA
2025-12-01T11:57:12,onnx-int8-api,NA,NA,NA,NA,NA,NA
2025-12-01T11:57:13,onnx-int8-api,NA,NA,NA,NA,NA,NA
2025-12-01T11:57:14,onnx-int8-api,NA,NA,NA,NA,NA,NA
2025-12-01T11:57:15,onnx-int8-api,NA,NA,NA,NA,NA,NA
2025-12-01T11:57:16,onnx-int8-api,NA,NA,NA,NA,NA,NA
2025-12-01T11:57:17,onnx-int8-api,NA,NA,NA,NA,NA,NA
2025-12-01T11:57:18,onnx-int8-api,NA,NA,NA,NA,NA,NA
2025-12-01T11:57:19,onnx-int8-api,NA,NA,NA,NA,NA,NA
2025-12-01T11:57:20,onnx-int8-api,NA,NA,NA,NA,NA,NA
2025-12-01T11:57:21,onnx-int8-api,NA,NA,NA,NA,NA,NA
2025-12-01T11:57:22,onnx-int8-api,NA,NA,NA,NA,NA,NA
2025-12-01T11:57:23,onnx-int8-api,NA,NA,NA,NA,NA,NA
2025-12-01T11:57:24,onnx-int8-api,NA,NA,NA,NA,NA,NA
2025-12-01T11:57:25,onnx-int8-api,NA,NA,NA,NA,NA,NA
2025-12-01T11:57:26,onnx-int8-api,NA,NA,NA,NA,NA,NA
2025-12-01T11:57:27,onnx-int8-api,NA,NA,NA,NA,NA,NA
2025-12-01T11:57:28,onnx-int8-api,NA,NA,NA,NA,NA,NA
2025-12-01T11:57:29,onnx-int8-api,NA,NA,NA,NA,NA,NA
2025-12-01T11:57:30,onnx-int8-api,NA,NA,NA,NA,NA,NA
2025-12-01T11:57:31,onnx-int8-api,NA,NA,NA,NA,NA,NA
2025-12-01T11:57:32,onnx-int8-api,NA,NA,NA,NA,NA,NA
2025-12-01T11:57:33,onnx-int8-api,NA,NA,NA,NA,NA,NA
2025-12-01T11:57:35,onnx-int8-api,NA,NA,NA,NA,NA,NA
2025-12-01T11:57:36,onnx-int8-api,NA,NA,NA,NA,NA,NA
2025-12-01T11:57:37,onnx-int8-api,NA,NA,NA,NA,NA,NA
2025-12-01T11:57:38,onnx-int8-api,NA,NA,NA,NA,NA,NA
2025-12-01T11:57:39,onnx-int8-api,NA,NA,NA,NA,NA,NA
2025-12-01T11:57:40,onnx-int8-api,NA,NA,NA,NA,NA,NA
2025-12-01T11:57:41,onnx-int8-api,NA,NA,NA,NA,NA,NA
2025-12-01T11:57:42,onnx-int8-api,NA,NA,NA,NA,NA,NA
2025-12-01T11:57:43,onnx-int8-api,NA,NA,NA,NA,NA,NA
2025-12-01T11:57:44,onnx-int8-api,NA,NA,NA,NA,NA,NA
2025-12-01T11:57:45,onnx-int8-api,NA,NA,NA,NA,NA,NA
2025-12-01T11:57:46,onnx-int8-api,NA,NA,NA,NA,NA,NA
2025-12-01T11:57:47,onnx-int8-api,NA,NA,NA,NA,NA,NA
2025-12-01T11:57:48,onnx-int8-api,NA,NA,NA,NA,NA,NA
2025-12-01T11:57:49,onnx-int8-api,NA,NA,NA,NA,NA,NA
2025-12-01T11:57:50,onnx-int8-api,NA,NA,NA,NA,NA,NA
2025-12-01T11:57:51,onnx-int8-api,NA,NA,NA,NA,NA,NA
2025-12-01T11:57:52,onnx-int8-api,NA,NA,NA,NA,NA,NA
2025-12-01T11:57:53,onnx-int8-api,NA,NA,NA,NA,NA,NA
2025-12-01T11:57:54,onnx-int8-api,NA,NA,NA,NA,NA,NA
2025-12-01T11:57:55,onnx-int8-api,NA,NA,NA,NA,NA,NA
2025-12-01T11:57:56,onnx-int8-api,NA,NA,NA,NA,NA,NA
2025-12-01T11:57:57,onnx-int8-api,NA,NA,NA,NA,NA,NA
2025-12-01T11:57:58,onnx-int8-api,NA,NA,NA,NA,NA,NA
2025-12-01T11:58:00,onnx-int8-api,NA,NA,NA,NA,NA,NA
2025-12-01T11:58:01,onnx-int8-api,NA,NA,NA,NA,NA,NA
2025-12-01T11:58:02,onnx-int8-api,NA,NA,NA,NA,NA,NA
2025-12-01T11:58:03,onnx-int8-api,NA,NA,NA,NA,NA,NA
2025-12-01T11:58:04,onnx-int8-api,NA,NA,NA,NA,NA,NA
2025-12-01T11:58:05,onnx-int8-api,NA,NA,NA,NA,NA,NA
2025-12-01T11:58:06,onnx-int8-api,NA,NA,NA,NA,NA,NA
2025-12-01T11:58:07,onnx-int8-api,NA,NA,NA,NA,NA,NA
2025-12-01T11:58:08,onnx-int8-api,NA,NA,NA,NA,NA,NA
2025-12-01T11:58:09,onnx-int8-api,NA,NA,NA,NA,NA,NA
2025-12-01T11:58:10,onnx-int8-api,NA,NA,NA,NA,NA,NA
2025-12-01T11:58:11,onnx-int8-api,NA,NA,NA,NA,NA,NA
2025-12-01T11:58:12,onnx-int8-api,NA,NA,NA,NA,NA,NA
2025-12-01T11:58:13,onnx-int8-api,NA,NA,NA,NA,NA,NA
2025-12-01T11:58:14,onnx-int8-api,NA,NA,NA,NA,NA,NA
2025-12-01T11:58:15,onnx-int8-api,NA,NA,NA,NA,NA,NA
2025-12-01T11:58:16,onnx-int8-api,NA,NA,NA,NA,NA,NA
2025-12-01T11:58:17,onnx-int8-api,NA,NA,NA,NA,NA,NA
2025-12-01T11:58:18,onnx-int8-api,NA,NA,NA,NA,NA,NA
2025-12-01T11:58:19,onnx-int8-api,NA,NA,NA,NA,NA,NA
2025-12-01T11:58:20,onnx-int8-api,NA,NA,NA,NA,NA,NA
2025-12-01T11:58:21,onnx-int8-api,NA,NA,NA,NA,NA,NA
2025-12-01T11:58:22,onnx-int8-api,NA,NA,NA,NA,NA,NA
2025-12-01T11:58:23,onnx-int8-api,NA,NA,NA,NA,NA,NA
2025-12-01T11:58:24,onnx-int8-api,NA,NA,NA,NA,NA,NA
2025-12-01T11:58:26,onnx-int8-api,NA,NA,NA,NA,NA,NA
2025-12-01T11:58:27,onnx-int8-api,NA,NA,NA,NA,NA,NA
2025-12-01T11:58:28,onnx-int8-api,NA,NA,NA,NA,NA,NA
2025-12-01T11:58:29,onnx-int8-api,NA,NA,NA,NA,NA,NA
2025-12-01T11:58:30,onnx-int8-api,NA,NA,NA,NA,NA,NA
2025-12-01T11:58:31,onnx-int8-api,NA,NA,NA,NA,NA,NA
2025-12-01T11:58:32,onnx-int8-api,NA,NA,NA,NA,NA,NA
2025-12-01T11:58:33,onnx-int8-api,NA,NA,NA,NA,NA,NA
2025-12-01T11:58:34,onnx-int8-api,NA,NA,NA,NA,NA,NA
2025-12-01T11:58:35,onnx-int8-api,NA,NA,NA,NA,NA,NA
2025-12-01T11:58:36,onnx-int8-api,NA,NA,NA,NA,NA,NA
2025-12-01T11:58:37,onnx-int8-api,NA,NA,NA,NA,NA,NA
2025-12-01T11:58:38,onnx-int8-api,NA,NA,NA,NA,NA,NA
2025-12-01T11:58:39,onnx-int8-api,NA,NA,NA,NA,NA,NA
2025-12-01T11:58:40,onnx-int8-api,NA,NA,NA,NA,NA,NA
2025-12-01T11:58:41,onnx-int8-api,NA,NA,NA,NA,NA,NA
2025-12-01T11:58:42,onnx-int8-api,NA,NA,NA,NA,NA,NA
2025-12-01T11:58:43,onnx-int8-api,30.00%,183.5MiB / 7.654GiB,2.34%,962B / 0B,0B / 0B
2025-12-01T11:58:46,onnx-int8-api,0.35%,183.1MiB / 7.654GiB,2.34%,1.57kB / 0B,0B / 0B
2025-12-01T11:58:48,onnx-int8-api,0.32%,183.1MiB / 7.654GiB,2.34%,1.57kB / 0B,0B / 0B
2025-12-01T11:58:51,onnx-int8-api,0.36%,183.1MiB / 7.654GiB,2.34%,1.57kB / 0B,0B / 0B
2025-12-01T11:58:53,onnx-int8-api,0.47%,183.1MiB / 7.654GiB,2.34%,1.57kB / 0B,0B / 0B
2025-12-01T11:58:56,onnx-int8-api,0.38%,183.1MiB / 7.654GiB,2.34%,1.57kB / 0B,0B / 0B
2025-12-01T11:58:59,onnx-int8-api,0.39%,183.1MiB / 7.654GiB,2.34%,1.57kB / 0B,0B / 688kB
2025-12-01T11:59:02,onnx-int8-api,0.31%,183.1MiB / 7.654GiB,2.34%,1.57kB / 0B,0B / 688kB
2025-12-01T11:59:05,onnx-int8-api,0.42%,183.1MiB / 7.654GiB,2.34%,1.57kB / 0B,0B / 688kB
2025-12-01T11:59:08,onnx-int8-api,0.34%,183.1MiB / 7.654GiB,2.34%,1.57kB / 0B,0B / 688kB
2025-12-01T11:59:11,onnx-int8-api,0.25%,183.1MiB / 7.654GiB,2.34%,1.57kB / 0B,0B / 688kB
2025-12-01T11:59:14,onnx-int8-api,222.09%,278.5MiB / 7.654GiB,3.55%,63MB / 90.8kB,0B / 688kB
2025-12-01T11:59:17,onnx-int8-api,0.34%,277.8MiB / 7.654GiB,3.54%,63MB / 90.8kB,0B / 688kB
2025-12-01T11:59:20,onnx-int8-api,0.40%,277.8MiB / 7.654GiB,3.54%,63MB / 90.8kB,0B / 688kB
2025-12-01T11:59:23,onnx-int8-api,0.35%,277.8MiB / 7.654GiB,3.54%,63MB / 90.8kB,0B / 688kB
2025-12-01T11:59:26,onnx-int8-api,0.47%,277.7MiB / 7.654GiB,3.54%,63MB / 90.8kB,0B / 688kB
2025-12-01T11:59:29,onnx-int8-api,0.36%,277.7MiB / 7.654GiB,3.54%,63MB / 90.8kB,0B / 848kB
2025-12-01T11:59:32,onnx-int8-api,0.48%,277.7MiB / 7.654GiB,3.54%,63MB / 90.8kB,0B / 848kB
2025-12-01T11:59:35,onnx-int8-api,163.10%,288.4MiB / 7.654GiB,3.68%,86.4MB / 144kB,0B / 848kB
2025-12-01T11:59:38,onnx-int8-api,567.83%,307.3MiB / 7.654GiB,3.92%,221MB / 408kB,0B / 848kB
2025-12-01T11:59:41,onnx-int8-api,10.47%,278.8MiB / 7.654GiB,3.56%,320MB / 596kB,0B / 848kB
2025-12-01T11:59:44,onnx-int8-api,0.31%,278.8MiB / 7.654GiB,3.56%,320MB / 596kB,0B / 848kB
2025-12-01T11:59:47,onnx-int8-api,0.27%,278.8MiB / 7.654GiB,3.56%,320MB / 596kB,0B / 848kB
2025-12-01T11:59:50,onnx-int8-api,0.39%,278.8MiB / 7.654GiB,3.56%,320MB / 596kB,0B / 848kB
2025-12-01T11:59:53,onnx-int8-api,0.26%,278.8MiB / 7.654GiB,3.56%,320MB / 596kB,0B / 848kB
2025-12-01T11:59:56,onnx-int8-api,0.42%,278.8MiB / 7.654GiB,3.56%,320MB / 596kB,0B / 848kB
2025-12-01T11:59:59,onnx-int8-api,0.42%,278.8MiB / 7.654GiB,3.56%,320MB / 596kB,0B / 848kB
2025-12-01T12:00:02,onnx-int8-api,0.31%,278.8MiB / 7.654GiB,3.56%,320MB / 596kB,0B / 848kB
2025-12-01T12:00:05,onnx-int8-api,0.29%,278.8MiB / 7.654GiB,3.56%,320MB / 596kB,0B / 848kB
2025-12-01T12:00:08,onnx-int8-api,0.42%,278.8MiB / 7.654GiB,3.56%,320MB / 596kB,0B / 848kB
2025-12-01T12:00:11,onnx-int8-api,0.30%,278.8MiB / 7.654GiB,3.56%,320MB / 596kB,0B / 848kB
2025-12-01T12:00:14,onnx-int8-api,0.38%,278.8MiB / 7.654GiB,3.56%,320MB / 596kB,0B / 848kB
2025-12-01T12:00:17,onnx-int8-api,0.46%,278.8MiB / 7.654GiB,3.56%,320MB / 596kB,0B / 848kB
2025-12-01T12:00:20,onnx-int8-api,0.45%,278.8MiB / 7.654GiB,3.56%,320MB / 596kB,0B / 848kB
2025-12-01T12:00:23,onnx-int8-api,0.30%,278.8MiB / 7.654GiB,3.56%,320MB / 596kB,0B / 848kB
2025-12-01T12:00:26,onnx-int8-api,0.31%,278.8MiB / 7.654GiB,3.56%,320MB / 596kB,0B / 848kB
2025-12-01T12:00:29,onnx-int8-api,0.34%,278.8MiB / 7.654GiB,3.56%,320MB / 596kB,0B / 848kB
2025-12-01T12:00:31,onnx-int8-api,0.36%,278.8MiB / 7.654GiB,3.56%,320MB / 596kB,0B / 848kB
2025-12-01T12:00:34,onnx-int8-api,0.21%,278.8MiB / 7.654GiB,3.56%,320MB / 596kB,0B / 848kB
2025-12-01T12:00:37,onnx-int8-api,0.40%,278.8MiB / 7.654GiB,3.56%,320MB / 596kB,0B / 848kB
2025-12-01T12:00:39,onnx-int8-api,0.24%,278.8MiB / 7.654GiB,3.56%,320MB / 596kB,0B / 848kB
2025-12-01T12:00:42,onnx-int8-api,1.68%,278.8MiB / 7.654GiB,3.56%,320MB / 596kB,0B / 848kB
2025-12-01T12:00:45,onnx-int8-api,0.26%,278.8MiB / 7.654GiB,3.56%,320MB / 596kB,0B / 848kB
2025-12-01T12:00:48,onnx-int8-api,0.65%,278.9MiB / 7.654GiB,3.56%,320MB / 596kB,0B / 848kB
2025-12-01T12:00:50,onnx-int8-api,17.25%,279.1MiB / 7.654GiB,3.56%,320MB / 596kB,0B / 848kB
2025-12-01T12:00:53,onnx-int8-api,NA,NA,NA,NA,NA,NA
2025-12-01T12:00:54,onnx-int8-api,NA,NA,NA,NA,NA,NA
2025-12-01T12:00:55,onnx-int8-api,NA,NA,NA,NA,NA,NA
2025-12-01T12:00:56,onnx-int8-api,NA,NA,NA,NA,NA,NA
2025-12-01T12:00:57,onnx-int8-api,NA,NA,NA,NA,NA,NA
2025-12-01T12:00:58,onnx-int8-api,NA,NA,NA,NA,NA,NA
2025-12-01T12:00:59,onnx-int8-api,NA,NA,NA,NA,NA,NA
2025-12-01T12:01:00,onnx-int8-api,NA,NA,NA,NA,NA,NA
2025-12-01T12:01:01,onnx-int8-api,NA,NA,NA,NA,NA,NA
2025-12-01T12:01:02,onnx-int8-api,NA,NA,NA,NA,NA,NA
2025-12-01T12:01:03,onnx-int8-api,NA,NA,NA,NA,NA,NA
2025-12-01T12:01:04,onnx-int8-api,NA,NA,NA,NA,NA,NA
2025-12-01T12:01:05,onnx-int8-api,NA,NA,NA,NA,NA,NA
2025-12-01T12:01:06,onnx-int8-api,NA,NA,NA,NA,NA,NA
2025-12-01T12:01:07,onnx-int8-api,NA,NA,NA,NA,NA,NA
2025-12-01T12:01:08,onnx-int8-api,NA,NA,NA,NA,NA,NA
2025-12-01T12:01:09,onnx-int8-api,NA,NA,NA,NA,NA,NA
2025-12-01T12:01:10,onnx-int8-api,NA,NA,NA,NA,NA,NA
2025-12-01T12:01:11,onnx-int8-api,NA,NA,NA,NA,NA,NA
2025-12-01T12:01:12,onnx-int8-api,NA,NA,NA,NA,NA,NA
2025-12-01T12:01:13,onnx-int8-api,NA,NA,NA,NA,NA,NA
2025-12-01T12:01:15,onnx-int8-api,NA,NA,NA,NA,NA,NA
2025-12-01T12:01:16,onnx-int8-api,NA,NA,NA,NA,NA,NA
2025-12-01T12:01:17,onnx-int8-api,NA,NA,NA,NA,NA,NA
2025-12-01T12:01:18,onnx-int8-api,NA,NA,NA,NA,NA,NA
2025-12-01T12:01:19,onnx-int8-api,NA,NA,NA,NA,NA,NA
2025-12-01T12:01:20,onnx-int8-api,NA,NA,NA,NA,NA,NA
2025-12-01T12:01:21,onnx-int8-api,NA,NA,NA,NA,NA,NA
2025-12-01T12:01:22,onnx-int8-api,NA,NA,NA,NA,NA,NA
2025-12-01T12:01:23,onnx-int8-api,NA,NA,NA,NA,NA,NA
2025-12-01T12:01:24,onnx-int8-api,NA,NA,NA,NA,NA,NA
2025-12-01T12:01:25,onnx-int8-api,NA,NA,NA,NA,NA,NA
2025-12-01T12:01:26,onnx-int8-api,NA,NA,NA,NA,NA,NA
2025-12-01T12:01:27,onnx-int8-api,NA,NA,NA,NA,NA,NA
2025-12-01T12:01:28,onnx-int8-api,NA,NA,NA,NA,NA,NA
2025-12-01T12:01:29,onnx-int8-api,NA,NA,NA,NA,NA,NA
2025-12-01T12:01:30,onnx-int8-api,NA,NA,NA,NA,NA,NA
2025-12-01T12:01:31,onnx-int8-api,NA,NA,NA,NA,NA,NA
2025-12-01T12:01:32,onnx-int8-api,NA,NA,NA,NA,NA,NA
2025-12-01T12:01:33,onnx-int8-api,NA,NA,NA,NA,NA,NA
2025-12-01T12:01:34,onnx-int8-api,NA,NA,NA,NA,NA,NA
2025-12-01T12:01:35,onnx-int8-api,NA,NA,NA,NA,NA,NA
2025-12-01T12:01:36,onnx-int8-api,NA,NA,NA,NA,NA,NA
2025-12-01T12:01:37,onnx-int8-api,NA,NA,NA,NA,NA,NA
2025-12-01T12:01:39,onnx-int8-api,NA,NA,NA,NA,NA,NA
2025-12-01T12:01:40,onnx-int8-api,NA,NA,NA,NA,NA,NA
2025-12-01T12:01:41,onnx-int8-api,NA,NA,NA,NA,NA,NA
2025-12-01T12:01:42,onnx-int8-api,NA,NA,NA,NA,NA,NA
2025-12-01T12:01:43,onnx-int8-api,NA,NA,NA,NA,NA,NA
2025-12-01T12:01:44,onnx-int8-api,NA,NA,NA,NA,NA,NA
2025-12-01T12:01:45,onnx-int8-api,NA,NA,NA,NA,NA,NA
2025-12-01T12:01:46,onnx-int8-api,NA,NA,NA,NA,NA,NA
2025-12-01T12:01:47,onnx-int8-api,NA,NA,NA,NA,NA,NA
2025-12-01T12:01:48,onnx-int8-api,NA,NA,NA,NA,NA,NA
2025-12-01T12:01:49,onnx-int8-api,NA,NA,NA,NA,NA,NA
2025-12-01T12:01:50,onnx-int8-api,NA,NA,NA,NA,NA,NA
2025-12-01T12:01:51,onnx-int8-api,NA,NA,NA,NA,NA,NA
2025-12-01T12:01:52,onnx-int8-api,NA,NA,NA,NA,NA,NA
2025-12-01T12:01:53,onnx-int8-api,NA,NA,NA,NA,NA,NA
2025-12-01T12:01:54,onnx-int8-api,NA,NA,NA,NA,NA,NA
2025-12-01T12:01:55,onnx-int8-api,NA,NA,NA,NA,NA,NA
2025-12-01T12:01:56,onnx-int8-api,NA,NA,NA,NA,NA,NA
2025-12-01T12:01:57,onnx-int8-api,NA,NA,NA,NA,NA,NA
2025-12-01T12:01:58,onnx-int8-api,NA,NA,NA,NA,NA,NA
2025-12-01T12:01:59,onnx-int8-api,NA,NA,NA,NA,NA,NA
2025-12-01T12:02:00,onnx-int8-api,NA,NA,NA,NA,NA,NA
2025-12-01T12:02:01,onnx-int8-api,NA,NA,NA,NA,NA,NA
2025-12-01T12:02:02,onnx-int8-api,NA,NA,NA,NA,NA,NA
2025-12-01T12:02:03,onnx-int8-api,NA,NA,NA,NA,NA,NA
2025-12-01T12:02:04,onnx-int8-api,NA,NA,NA,NA,NA,NA
2025-12-01T12:02:05,onnx-int8-api,NA,NA,NA,NA,NA,NA
2025-12-01T12:02:07,onnx-int8-api,NA,NA,NA,NA,NA,NA
2025-12-01T12:02:08,onnx-int8-api,NA,NA,NA,NA,NA,NA
2025-12-01T12:02:09,onnx-int8-api,NA,NA,NA,NA,NA,NA
2025-12-01T12:02:10,onnx-int8-api,NA,NA,NA,NA,NA,NA
2025-12-01T12:02:11,onnx-int8-api,NA,NA,NA,NA,NA,NA
2025-12-01T12:02:12,onnx-int8-api,NA,NA,NA,NA,NA,NA
2025-12-01T12:02:13,onnx-int8-api,NA,NA,NA,NA,NA,NA
2025-12-01T12:02:14,onnx-int8-api,NA,NA,NA,NA,NA,NA
2025-12-01T12:02:15,onnx-int8-api,NA,NA,NA,NA,NA,NA
2025-12-01T12:02:16,onnx-int8-api,NA,NA,NA,NA,NA,NA
2025-12-01T12:02:17,onnx-int8-api,NA,NA,NA,NA,NA,NA
2025-12-01T12:02:18,onnx-int8-api,NA,NA,NA,NA,NA,NA
2025-12-01T12:02:19,onnx-int8-api,NA,NA,NA,NA,NA,NA
2025-12-01T12:02:20,onnx-int8-api,NA,NA,NA,NA,NA,NA
2025-12-01T12:02:21,onnx-int8-api,NA,NA,NA,NA,NA,NA
2025-12-01T12:02:22,onnx-int8-api,NA,NA,NA,NA,NA,NA
2025-12-01T12:02:23,onnx-int8-api,NA,NA,NA,NA,NA,NA
2025-12-01T12:02:24,onnx-int8-api,NA,NA,NA,NA,NA,NA
2025-12-01T12:02:25,onnx-int8-api,NA,NA,NA,NA,NA,NA
2025-12-01T12:02:26,onnx-int8-api,NA,NA,NA,NA,NA,NA
2025-12-01T12:02:27,onnx-int8-api,NA,NA,NA,NA,NA,NA
2025-12-01T12:02:28,onnx-int8-api,NA,NA,NA,NA,NA,NA
2025-12-01T12:02:29,onnx-int8-api,NA,NA,NA,NA,NA,NA
2025-12-01T12:02:30,onnx-int8-api,NA,NA,NA,NA,NA,NA
2025-12-01T12:02:32,onnx-int8-api,NA,NA,NA,NA,NA,NA
2025-12-01T12:02:33,onnx-int8-api,NA,NA,NA,NA,NA,NA
2025-12-01T12:02:34,onnx-int8-api,NA,NA,NA,NA,NA,NA
2025-12-01T12:02:35,onnx-int8-api,NA,NA,NA,NA,NA,NA
2025-12-01T12:02:36,onnx-int8-api,NA,NA,NA,NA,NA,NA
2025-12-01T12:02:37,onnx-int8-api,NA,NA,NA,NA,NA,NA
2025-12-01T12:02:38,onnx-int8-api,NA,NA,NA,NA,NA,NA
2025-12-01T12:02:39,onnx-int8-api,NA,NA,NA,NA,NA,NA
2025-12-01T12:02:40,onnx-int8-api,NA,NA,NA,NA,NA,NA
2025-12-01T12:02:41,onnx-int8-api,NA,NA,NA,NA,NA,NA
2025-12-01T12:02:42,onnx-int8-api,NA,NA,NA,NA,NA,NA
2025-12-01T12:02:43,onnx-int8-api,NA,NA,NA,NA,NA,NA
2025-12-01T12:02:44,onnx-int8-api,NA,NA,NA,NA,NA,NA
2025-12-01T12:02:45,onnx-int8-api,NA,NA,NA,NA,NA,NA
2025-12-01T12:02:46,onnx-int8-api,NA,NA,NA,NA,NA,NA
2025-12-01T12:02:47,onnx-int8-api,NA,NA,NA,NA,NA,NA
2025-12-01T12:02:48,onnx-int8-api,NA,NA,NA,NA,NA,NA
2025-12-01T12:02:49,onnx-int8-api,NA,NA,NA,NA,NA,NA
2025-12-01T12:02:50,onnx-int8-api,NA,NA,NA,NA,NA,NA
2025-12-01T12:02:51,onnx-int8-api,NA,NA,NA,NA,NA,NA
2025-12-01T12:02:52,onnx-int8-api,NA,NA,NA,NA,NA,NA
2025-12-01T12:02:53,onnx-int8-api,NA,NA,NA,NA,NA,NA
2025-12-01T12:02:54,onnx-int8-api,NA,NA,NA,NA,NA,NA
2025-12-01T12:02:55,onnx-int8-api,NA,NA,NA,NA,NA,NA
2025-12-01T12:02:56,onnx-int8-api,NA,NA,NA,NA,NA,NA
2025-12-01T12:02:58,onnx-int8-api,NA,NA,NA,NA,NA,NA
2025-12-01T12:02:59,onnx-int8-api,NA,NA,NA,NA,NA,NA
2025-12-01T12:03:00,onnx-int8-api,NA,NA,NA,NA,NA,NA
2025-12-01T12:03:01,onnx-int8-api,NA,NA,NA,NA,NA,NA
2025-12-01T12:03:02,onnx-int8-api,NA,NA,NA,NA,NA,NA
2025-12-01T12:03:03,onnx-int8-api,NA,NA,NA,NA,NA,NA
2025-12-01T12:03:04,onnx-int8-api,NA,NA,NA,NA,NA,NA
2025-12-01T12:03:05,onnx-int8-api,NA,NA,NA,NA,NA,NA
2025-12-01T12:03:06,onnx-int8-api,NA,NA,NA,NA,NA,NA
2025-12-01T12:03:07,onnx-int8-api,NA,NA,NA,NA,NA,NA
2025-12-01T12:03:08,onnx-int8-api,NA,NA,NA,NA,NA,NA
2025-12-01T12:03:09,onnx-int8-api,NA,NA,NA,NA,NA,NA
2025-12-01T12:03:10,onnx-int8-api,NA,NA,NA,NA,NA,NA
2025-12-01T12:03:11,onnx-int8-api,NA,NA,NA,NA,NA,NA
2025-12-01T12:03:12,onnx-int8-api,NA,NA,NA,NA,NA,NA
2025-12-01T12:03:13,onnx-int8-api,NA,NA,NA,NA,NA,NA
2025-12-01T12:03:14,onnx-int8-api,NA,NA,NA,NA,NA,NA
2025-12-01T12:03:15,onnx-int8-api,NA,NA,NA,NA,NA,NA
2025-12-01T12:03:16,onnx-int8-api,NA,NA,NA,NA,NA,NA
2025-12-01T12:03:17,onnx-int8-api,NA,NA,NA,NA,NA,NA
2025-12-01T12:03:18,onnx-int8-api,NA,NA,NA,NA,NA,NA
2025-12-01T12:03:19,onnx-int8-api,NA,NA,NA,NA,NA,NA
2025-12-01T12:03:20,onnx-int8-api,NA,NA,NA,NA,NA,NA
2025-12-01T12:03:21,onnx-int8-api,NA,NA,NA,NA,NA,NA
2025-12-01T12:03:22,onnx-int8-api,NA,NA,NA,NA,NA,NA
2025-12-01T12:03:23,onnx-int8-api,NA,NA,NA,NA,NA,NA
2025-12-01T12:03:25,onnx-int8-api,NA,NA,NA,NA,NA,NA
2025-12-01T12:03:26,onnx-int8-api,NA,NA,NA,NA,NA,NA
2025-12-01T12:03:27,onnx-int8-api,NA,NA,NA,NA,NA,NA
2025-12-01T12:03:28,onnx-int8-api,NA,NA,NA,NA,NA,NA
2025-12-01T12:03:29,onnx-int8-api,NA,NA,NA,NA,NA,NA
2025-12-01T12:03:30,onnx-int8-api,NA,NA,NA,NA,NA,NA
2025-12-01T12:03:31,onnx-int8-api,NA,NA,NA,NA,NA,NA
2025-12-01T12:03:32,onnx-int8-api,NA,NA,NA,NA,NA,NA
2025-12-01T12:03:33,onnx-int8-api,NA,NA,NA,NA,NA,NA
2025-12-01T12:03:34,onnx-int8-api,NA,NA,NA,NA,NA,NA
2025-12-01T12:03:35,onnx-int8-api,NA,NA,NA,NA,NA,NA
2025-12-01T12:03:36,onnx-int8-api,NA,NA,NA,NA,NA,NA
2025-12-01T12:03:37,onnx-int8-api,NA,NA,NA,NA,NA,NA
2025-12-01T12:03:38,onnx-int8-api,NA,NA,NA,NA,NA,NA
2025-12-01T12:03:39,onnx-int8-api,NA,NA,NA,NA,NA,NA
2025-12-01T12:03:40,onnx-int8-api,NA,NA,NA,NA,NA,NA
2025-12-01T12:03:41,onnx-int8-api,NA,NA,NA,NA,NA,NA
2025-12-01T12:03:42,onnx-int8-api,NA,NA,NA,NA,NA,NA
2025-12-01T12:03:43,onnx-int8-api,NA,NA,NA,NA,NA,NA
2025-12-01T12:03:44,onnx-int8-api,NA,NA,NA,NA,NA,NA
2025-12-01T12:03:45,onnx-int8-api,NA,NA,NA,NA,NA,NA
2025-12-01T12:03:46,onnx-int8-api,NA,NA,NA,NA,NA,NA
2025-12-01T12:03:48,onnx-int8-api,NA,NA,NA,NA,NA,NA
2025-12-01T12:03:49,onnx-int8-api,NA,NA,NA,NA,NA,NA
2025-12-01T12:03:50,onnx-int8-api,NA,NA,NA,NA,NA,NA
2025-12-01T12:03:51,onnx-int8-api,NA,NA,NA,NA,NA,NA
2025-12-01T12:03:52,onnx-int8-api,NA,NA,NA,NA,NA,NA
2025-12-01T12:03:53,onnx-int8-api,NA,NA,NA,NA,NA,NA
2025-12-01T12:03:54,onnx-int8-api,NA,NA,NA,NA,NA,NA
2025-12-01T12:03:55,onnx-int8-api,NA,NA,NA,NA,NA,NA
2025-12-01T12:03:56,onnx-int8-api,NA,NA,NA,NA,NA,NA
2025-12-01T12:03:57,onnx-int8-api,NA,NA,NA,NA,NA,NA
2025-12-01T12:03:58,onnx-int8-api,NA,NA,NA,NA,NA,NA
2025-12-01T12:03:59,onnx-int8-api,NA,NA,NA,NA,NA,NA
2025-12-01T12:04:00,onnx-int8-api,NA,NA,NA,NA,NA,NA
2025-12-01T12:04:01,onnx-int8-api,NA,NA,NA,NA,NA,NA
2025-12-01T12:04:02,onnx-int8-api,NA,NA,NA,NA,NA,NA
2025-12-01T12:04:03,onnx-int8-api,NA,NA,NA,NA,NA,NA
2025-12-01T12:04:04,onnx-int8-api,NA,NA,NA,NA,NA,NA
2025-12-01T12:04:05,onnx-int8-api,NA,NA,NA,NA,NA,NA
2025-12-01T12:04:06,onnx-int8-api,NA,NA,NA,NA,NA,NA
2025-12-01T12:04:07,onnx-int8-api,NA,NA,NA,NA,NA,NA
2025-12-01T12:04:08,onnx-int8-api,NA,NA,NA,NA,NA,NA
2025-12-01T12:04:09,onnx-int8-api,NA,NA,NA,NA,NA,NA
2025-12-01T12:04:10,onnx-int8-api,NA,NA,NA,NA,NA,NA
2025-12-01T12:04:11,onnx-int8-api,NA,NA,NA,NA,NA,NA
2025-12-01T12:04:12,onnx-int8-api,NA,NA,NA,NA,NA,NA
2025-12-01T12:04:13,onnx-int8-api,NA,NA,NA,NA,NA,NA
2025-12-01T12:04:14,onnx-int8-api,NA,NA,NA,NA,NA,NA
2025-12-01T12:04:15,onnx-int8-api,NA,NA,NA,NA,NA,NA
2025-12-01T12:04:17,onnx-int8-api,NA,NA,NA,NA,NA,NA
2025-12-01T12:04:18,onnx-int8-api,NA,NA,NA,NA,NA,NA
2025-12-01T12:04:19,onnx-int8-api,NA,NA,NA,NA,NA,NA
2025-12-01T12:04:20,onnx-int8-api,NA,NA,NA,NA,NA,NA
2025-12-01T12:04:21,onnx-int8-api,NA,NA,NA,NA,NA,NA
2025-12-01T12:04:22,onnx-int8-api,NA,NA,NA,NA,NA,NA
2025-12-01T12:04:23,onnx-int8-api,NA,NA,NA,NA,NA,NA
2025-12-01T12:04:24,onnx-int8-api,NA,NA,NA,NA,NA,NA
2025-12-01T12:04:25,onnx-int8-api,NA,NA,NA,NA,NA,NA
2025-12-01T12:04:26,onnx-int8-api,NA,NA,NA,NA,NA,NA
2025-12-01T12:04:27,onnx-int8-api,NA,NA,NA,NA,NA,NA
2025-12-01T12:04:28,onnx-int8-api,NA,NA,NA,NA,NA,NA
2025-12-01T12:04:29,onnx-int8-api,NA,NA,NA,NA,NA,NA
2025-12-01T12:04:30,onnx-int8-api,NA,NA,NA,NA,NA,NA
2025-12-01T12:04:31,onnx-int8-api,NA,NA,NA,NA,NA,NA
2025-12-01T12:04:32,onnx-int8-api,NA,NA,NA,NA,NA,NA
2025-12-01T12:04:33,onnx-int8-api,NA,NA,NA,NA,NA,NA
2025-12-01T12:04:34,onnx-int8-api,NA,NA,NA,NA,NA,NA
2025-12-01T12:04:35,onnx-int8-api,NA,NA,NA,NA,NA,NA
2025-12-01T12:04:36,onnx-int8-api,NA,NA,NA,NA,NA,NA
2025-12-01T12:04:37,onnx-int8-api,NA,NA,NA,NA,NA,NA
2025-12-01T12:04:38,onnx-int8-api,NA,NA,NA,NA,NA,NA
2025-12-01T12:04:39,onnx-int8-api,NA,NA,NA,NA,NA,NA
2025-12-01T12:04:41,onnx-int8-api,NA,NA,NA,NA,NA,NA
2025-12-01T12:04:42,onnx-int8-api,NA,NA,NA,NA,NA,NA
2025-12-01T12:04:43,onnx-int8-api,NA,NA,NA,NA,NA,NA
2025-12-01T12:04:44,onnx-int8-api,NA,NA,NA,NA,NA,NA
2025-12-01T12:04:45,onnx-int8-api,NA,NA,NA,NA,NA,NA
2025-12-01T12:04:46,onnx-int8-api,NA,NA,NA,NA,NA,NA
2025-12-01T12:04:47,onnx-int8-api,NA,NA,NA,NA,NA,NA
2025-12-01T12:04:48,onnx-int8-api,NA,NA,NA,NA,NA,NA
2025-12-01T12:04:49,onnx-int8-api,NA,NA,NA,NA,NA,NA
2025-12-01T12:04:50,onnx-int8-api,NA,NA,NA,NA,NA,NA
2025-12-01T12:04:51,onnx-int8-api,NA,NA,NA,NA,NA,NA
2025-12-01T12:04:52,onnx-int8-api,NA,NA,NA,NA,NA,NA
2025-12-01T12:04:53,onnx-int8-api,NA,NA,NA,NA,NA,NA
2025-12-01T12:04:54,onnx-int8-api,NA,NA,NA,NA,NA,NA
2025-12-01T12:04:55,onnx-int8-api,NA,NA,NA,NA,NA,NA
2025-12-01T12:04:56,onnx-int8-api,NA,NA,NA,NA,NA,NA
2025-12-01T12:04:57,onnx-int8-api,NA,NA,NA,NA,NA,NA
2025-12-01T12:04:58,onnx-int8-api,NA,NA,NA,NA,NA,NA
2025-12-01T12:04:59,onnx-int8-api,NA,NA,NA,NA,NA,NA
2025-12-01T12:05:00,onnx-int8-api,NA,NA,NA,NA,NA,NA
2025-12-01T12:05:01,onnx-int8-api,NA,NA,NA,NA,NA,NA
2025-12-01T12:05:02,onnx-int8-api,NA,NA,NA,NA,NA,NA
2025-12-01T12:05:03,onnx-int8-api,NA,NA,NA,NA,NA,NA
2025-12-01T12:05:04,onnx-int8-api,NA,NA,NA,NA,NA,NA
2025-12-01T12:05:05,onnx-int8-api,NA,NA,NA,NA,NA,NA
2025-12-01T12:05:06,onnx-int8-api,NA,NA,NA,NA,NA,NA
2025-12-01T12:05:07,onnx-int8-api,NA,NA,NA,NA,NA,NA
2025-12-01T12:05:09,onnx-int8-api,NA,NA,NA,NA,NA,NA
2025-12-01T12:05:10,onnx-int8-api,NA,NA,NA,NA,NA,NA
2025-12-01T12:05:11,onnx-int8-api,NA,NA,NA,NA,NA,NA
2025-12-01T12:05:12,onnx-int8-api,NA,NA,NA,NA,NA,NA
2025-12-01T12:05:13,onnx-int8-api,NA,NA,NA,NA,NA,NA
2025-12-01T12:05:14,onnx-int8-api,NA,NA,NA,NA,NA,NA
2025-12-01T12:05:15,onnx-int8-api,NA,NA,NA,NA,NA,NA
2025-12-01T12:05:16,onnx-int8-api,NA,NA,NA,NA,NA,NA
2025-12-01T12:05:17,onnx-int8-api,NA,NA,NA,NA,NA,NA
2025-12-01T12:05:18,onnx-int8-api,NA,NA,NA,NA,NA,NA
2025-12-01T12:05:19,onnx-int8-api,NA,NA,NA,NA,NA,NA
2025-12-01T12:05:20,onnx-int8-api,NA,NA,NA,NA,NA,NA
2025-12-01T12:05:21,onnx-int8-api,NA,NA,NA,NA,NA,NA
2025-12-01T12:05:22,onnx-int8-api,NA,NA,NA,NA,NA,NA
2025-12-01T12:05:23,onnx-int8-api,NA,NA,NA,NA,NA,NA
2025-12-01T12:05:24,onnx-int8-api,NA,NA,NA,NA,NA,NA
2025-12-01T12:05:25,onnx-int8-api,NA,NA,NA,NA,NA,NA
2025-12-01T12:05:26,onnx-int8-api,NA,NA,NA,NA,NA,NA
2025-12-01T12:05:27,onnx-int8-api,NA,NA,NA,NA,NA,NA
2025-12-01T12:05:28,onnx-int8-api,NA,NA,NA,NA,NA,NA
2025-12-01T12:05:29,onnx-int8-api,NA,NA,NA,NA,NA,NA
2025-12-01T12:05:30,onnx-int8-api,NA,NA,NA,NA,NA,NA
2025-12-01T12:05:31,onnx-int8-api,NA,NA,NA,NA,NA,NA
2025-12-01T12:05:32,onnx-int8-api,NA,NA,NA,NA,NA,NA
2025-12-01T12:05:33,onnx-int8-api,NA,NA,NA,NA,NA,NA
2025-12-01T12:05:35,onnx-int8-api,NA,NA,NA,NA,NA,NA
2025-12-01T12:05:36,onnx-int8-api,NA,NA,NA,NA,NA,NA
2025-12-01T12:05:37,onnx-int8-api,NA,NA,NA,NA,NA,NA
2025-12-01T12:05:38,onnx-int8-api,NA,NA,NA,NA,NA,NA
2025-12-01T12:05:39,onnx-int8-api,NA,NA,NA,NA,NA,NA
2025-12-01T12:05:40,onnx-int8-api,NA,NA,NA,NA,NA,NA
2025-12-01T12:05:41,onnx-int8-api,NA,NA,NA,NA,NA,NA
2025-12-01T12:05:42,onnx-int8-api,NA,NA,NA,NA,NA,NA
2025-12-01T12:05:43,onnx-int8-api,NA,NA,NA,NA,NA,NA
2025-12-01T12:05:44,onnx-int8-api,NA,NA,NA,NA,NA,NA
2025-12-01T12:05:45,onnx-int8-api,NA,NA,NA,NA,NA,NA
2025-12-01T12:05:46,onnx-int8-api,NA,NA,NA,NA,NA,NA
2025-12-01T12:05:47,onnx-int8-api,NA,NA,NA,NA,NA,NA
2025-12-01T12:05:48,onnx-int8-api,NA,NA,NA,NA,NA,NA
2025-12-01T12:05:49,onnx-int8-api,NA,NA,NA,NA,NA,NA
2025-12-01T12:05:50,onnx-int8-api,NA,NA,NA,NA,NA,NA
2025-12-01T12:05:51,onnx-int8-api,NA,NA,NA,NA,NA,NA
2025-12-01T12:05:52,onnx-int8-api,NA,NA,NA,NA,NA,NA
2025-12-01T12:05:53,onnx-int8-api,NA,NA,NA,NA,NA,NA
2025-12-01T12:05:54,onnx-int8-api,NA,NA,NA,NA,NA,NA
2025-12-01T12:05:55,onnx-int8-api,NA,NA,NA,NA,NA,NA
2025-12-01T12:05:56,onnx-int8-api,NA,NA,NA,NA,NA,NA
2025-12-01T12:05:57,onnx-int8-api,NA,NA,NA,NA,NA,NA
2025-12-01T12:05:58,onnx-int8-api,NA,NA,NA,NA,NA,NA
2025-12-01T12:05:59,onnx-int8-api,NA,NA,NA,NA,NA,NA
2025-12-01T12:06:00,onnx-int8-api,NA,NA,NA,NA,NA,NA
2025-12-01T12:06:01,onnx-int8-api,NA,NA,NA,NA,NA,NA
2025-12-01T12:06:03,onnx-int8-api,NA,NA,NA,NA,NA,NA
2025-12-01T12:06:04,onnx-int8-api,NA,NA,NA,NA,NA,NA
2025-12-01T12:06:05,onnx-int8-api,NA,NA,NA,NA,NA,NA
2025-12-01T12:06:06,onnx-int8-api,NA,NA,NA,NA,NA,NA
2025-12-01T12:06:07,onnx-int8-api,NA,NA,NA,NA,NA,NA
2025-12-01T12:06:08,onnx-int8-api,NA,NA,NA,NA,NA,NA
2025-12-01T12:06:09,onnx-int8-api,NA,NA,NA,NA,NA,NA
2025-12-01T12:06:10,onnx-int8-api,NA,NA,NA,NA,NA,NA
2025-12-01T12:06:11,onnx-int8-api,NA,NA,NA,NA,NA,NA
2025-12-01T12:06:12,onnx-int8-api,NA,NA,NA,NA,NA,NA
2025-12-01T12:06:13,onnx-int8-api,NA,NA,NA,NA,NA,NA
2025-12-01T12:06:14,onnx-int8-api,NA,NA,NA,NA,NA,NA
2025-12-01T12:06:15,onnx-int8-api,NA,NA,NA,NA,NA,NA
2025-12-01T12:06:16,onnx-int8-api,NA,NA,NA,NA,NA,NA
2025-12-01T12:06:17,onnx-int8-api,NA,NA,NA,NA,NA,NA
2025-12-01T12:06:18,onnx-int8-api,NA,NA,NA,NA,NA,NA
2025-12-01T12:06:19,onnx-int8-api,NA,NA,NA,NA,NA,NA
2025-12-01T12:06:20,onnx-int8-api,NA,NA,NA,NA,NA,NA
2025-12-01T12:06:21,onnx-int8-api,NA,NA,NA,NA,NA,NA
2025-12-01T12:06:22,onnx-int8-api,NA,NA,NA,NA,NA,NA
2025-12-01T12:06:23,onnx-int8-api,NA,NA,NA,NA,NA,NA
2025-12-01T12:06:24,onnx-int8-api,NA,NA,NA,NA,NA,NA
2025-12-01T12:06:25,onnx-int8-api,NA,NA,NA,NA,NA,NA
2025-12-01T12:06:26,onnx-int8-api,NA,NA,NA,NA,NA,NA
2025-12-01T12:06:27,onnx-int8-api,NA,NA,NA,NA,NA,NA
2025-12-01T12:06:28,onnx-int8-api,NA,NA,NA,NA,NA,NA
2025-12-01T12:06:29,onnx-int8-api,NA,NA,NA,NA,NA,NA
2025-12-01T12:06:30,onnx-int8-api,NA,NA,NA,NA,NA,NA
2025-12-01T12:06:31,onnx-int8-api,NA,NA,NA,NA,NA,NA
2025-12-01T12:06:32,onnx-int8-api,NA,NA,NA,NA,NA,NA
2025-12-01T12:06:33,onnx-int8-api,NA,NA,NA,NA,NA,NA
2025-12-01T12:06:34,onnx-int8-api,NA,NA,NA,NA,NA,NA
2025-12-01T12:06:36,onnx-int8-api,NA,NA,NA,NA,NA,NA
2025-12-01T12:06:37,onnx-int8-api,NA,NA,NA,NA,NA,NA
2025-12-01T12:06:38,onnx-int8-api,NA,NA,NA,NA,NA,NA
2025-12-01T12:06:39,onnx-int8-api,NA,NA,NA,NA,NA,NA
2025-12-01T12:06:40,onnx-int8-api,NA,NA,NA,NA,NA,NA
2025-12-01T12:06:41,onnx-int8-api,NA,NA,NA,NA,NA,NA
2025-12-01T12:06:42,onnx-int8-api,NA,NA,NA,NA,NA,NA
2025-12-01T12:06:43,onnx-int8-api,NA,NA,NA,NA,NA,NA
2025-12-01T12:06:44,onnx-int8-api,NA,NA,NA,NA,NA,NA
2025-12-01T12:06:45,onnx-int8-api,NA,NA,NA,NA,NA,NA
2025-12-01T12:06:46,onnx-int8-api,NA,NA,NA,NA,NA,NA
2025-12-01T12:06:47,onnx-int8-api,NA,NA,NA,NA,NA,NA
2025-12-01T12:06:48,onnx-int8-api,NA,NA,NA,NA,NA,NA
2025-12-01T12:06:49,onnx-int8-api,NA,NA,NA,NA,NA,NA
2025-12-01T12:06:50,onnx-int8-api,NA,NA,NA,NA,NA,NA
2025-12-01T12:06:51,onnx-int8-api,NA,NA,NA,NA,NA,NA
2025-12-01T12:06:52,onnx-int8-api,NA,NA,NA,NA,NA,NA
2025-12-01T12:06:53,onnx-int8-api,NA,NA,NA,NA,NA,NA
2025-12-01T12:06:54,onnx-int8-api,NA,NA,NA,NA,NA,NA
2025-12-01T12:06:55,onnx-int8-api,NA,NA,NA,NA,NA,NA
2025-12-01T12:06:56,onnx-int8-api,NA,NA,NA,NA,NA,NA
2025-12-01T12:06:57,onnx-int8-api,NA,NA,NA,NA,NA,NA
2025-12-01T12:06:58,onnx-int8-api,NA,NA,NA,NA,NA,NA
2025-12-01T12:06:59,onnx-int8-api,NA,NA,NA,NA,NA,NA
2025-12-01T12:07:00,onnx-int8-api,NA,NA,NA,NA,NA,NA
2025-12-01T12:07:01,onnx-int8-api,NA,NA,NA,NA,NA,NA
2025-12-01T12:07:02,onnx-int8-api,NA,NA,NA,NA,NA,NA
2025-12-01T12:07:03,onnx-int8-api,NA,NA,NA,NA,NA,NA
2025-12-01T12:07:04,onnx-int8-api,NA,NA,NA,NA,NA,NA
2025-12-01T12:07:05,onnx-int8-api,NA,NA,NA,NA,NA,NA
2025-12-01T12:07:06,onnx-int8-api,NA,NA,NA,NA,NA,NA
2025-12-01T12:07:07,onnx-int8-api,NA,NA,NA,NA,NA,NA
2025-12-01T12:07:09,onnx-int8-api,NA,NA,NA,NA,NA,NA
2025-12-01T12:07:10,onnx-int8-api,NA,NA,NA,NA,NA,NA
2025-12-01T12:07:11,onnx-int8-api,NA,NA,NA,NA,NA,NA
2025-12-01T12:07:12,onnx-int8-api,NA,NA,NA,NA,NA,NA
2025-12-01T12:07:13,onnx-int8-api,NA,NA,NA,NA,NA,NA
2025-12-01T12:07:14,onnx-int8-api,NA,NA,NA,NA,NA,NA
2025-12-01T12:07:15,onnx-int8-api,NA,NA,NA,NA,NA,NA
2025-12-01T12:07:16,onnx-int8-api,NA,NA,NA,NA,NA,NA
2025-12-01T12:07:17,onnx-int8-api,NA,NA,NA,NA,NA,NA
2025-12-01T12:07:18,onnx-int8-api,NA,NA,NA,NA,NA,NA
2025-12-01T12:07:19,onnx-int8-api,NA,NA,NA,NA,NA,NA
2025-12-01T12:07:20,onnx-int8-api,NA,NA,NA,NA,NA,NA
2025-12-01T12:07:21,onnx-int8-api,NA,NA,NA,NA,NA,NA
2025-12-01T12:07:22,onnx-int8-api,NA,NA,NA,NA,NA,NA
2025-12-01T12:07:23,onnx-int8-api,NA,NA,NA,NA,NA,NA
2025-12-01T12:07:24,onnx-int8-api,NA,NA,NA,NA,NA,NA
2025-12-01T12:07:25,onnx-int8-api,NA,NA,NA,NA,NA,NA
2025-12-01T12:07:26,onnx-int8-api,NA,NA,NA,NA,NA,NA
2025-12-01T12:07:27,onnx-int8-api,NA,NA,NA,NA,NA,NA
2025-12-01T12:07:28,onnx-int8-api,NA,NA,NA,NA,NA,NA
2025-12-01T12:07:29,onnx-int8-api,NA,NA,NA,NA,NA,NA
2025-12-01T12:07:30,onnx-int8-api,NA,NA,NA,NA,NA,NA
2025-12-01T12:07:31,onnx-int8-api,NA,NA,NA,NA,NA,NA
2025-12-01T12:07:32,onnx-int8-api,NA,NA,NA,NA,NA,NA
2025-12-01T12:07:33,onnx-int8-api,NA,NA,NA,NA,NA,NA
2025-12-01T12:07:34,onnx-int8-api,NA,NA,NA,NA,NA,NA
2025-12-01T12:07:36,onnx-int8-api,NA,NA,NA,NA,NA,NA
2025-12-01T12:07:37,onnx-int8-api,NA,NA,NA,NA,NA,NA
2025-12-01T12:07:38,onnx-int8-api,NA,NA,NA,NA,NA,NA
2025-12-01T12:07:39,onnx-int8-api,NA,NA,NA,NA,NA,NA
2025-12-01T12:07:40,onnx-int8-api,NA,NA,NA,NA,NA,NA
2025-12-01T12:07:41,onnx-int8-api,NA,NA,NA,NA,NA,NA
2025-12-01T12:07:42,onnx-int8-api,NA,NA,NA,NA,NA,NA
2025-12-01T12:07:43,onnx-int8-api,NA,NA,NA,NA,NA,NA
2025-12-01T12:07:44,onnx-int8-api,NA,NA,NA,NA,NA,NA
2025-12-01T12:07:45,onnx-int8-api,NA,NA,NA,NA,NA,NA
2025-12-01T12:07:46,onnx-int8-api,NA,NA,NA,NA,NA,NA
2025-12-01T12:07:47,onnx-int8-api,NA,NA,NA,NA,NA,NA
2025-12-01T12:07:48,onnx-int8-api,NA,NA,NA,NA,NA,NA
2025-12-01T12:07:49,onnx-int8-api,NA,NA,NA,NA,NA,NA
2025-12-01T12:07:50,onnx-int8-api,NA,NA,NA,NA,NA,NA
2025-12-01T12:07:51,onnx-int8-api,NA,NA,NA,NA,NA,NA
2025-12-01T12:07:52,onnx-int8-api,NA,NA,NA,NA,NA,NA
2025-12-01T12:07:53,onnx-int8-api,NA,NA,NA,NA,NA,NA
2025-12-01T12:07:54,onnx-int8-api,NA,NA,NA,NA,NA,NA
2025-12-01T12:07:55,onnx-int8-api,NA,NA,NA,NA,NA,NA
2025-12-01T12:07:56,onnx-int8-api,NA,NA,NA,NA,NA,NA
2025-12-01T12:07:57,onnx-int8-api,NA,NA,NA,NA,NA,NA
2025-12-01T12:07:58,onnx-int8-api,NA,NA,NA,NA,NA,NA
2025-12-01T12:07:59,onnx-int8-api,NA,NA,NA,NA,NA,NA
2025-12-01T12:08:00,onnx-int8-api,NA,NA,NA,NA,NA,NA
2025-12-01T12:08:01,onnx-int8-api,NA,NA,NA,NA,NA,NA
2025-12-01T12:08:02,onnx-int8-api,NA,NA,NA,NA,NA,NA
2025-12-01T12:08:03,onnx-int8-api,NA,NA,NA,NA,NA,NA
2025-12-01T12:08:04,onnx-int8-api,NA,NA,NA,NA,NA,NA
2025-12-01T12:08:05,onnx-int8-api,NA,NA,NA,NA,NA,NA
2025-12-01T12:08:07,onnx-int8-api,NA,NA,NA,NA,NA,NA
2025-12-01T12:08:08,onnx-int8-api,NA,NA,NA,NA,NA,NA
2025-12-01T12:08:09,onnx-int8-api,NA,NA,NA,NA,NA,NA
2025-12-01T12:08:10,onnx-int8-api,NA,NA,NA,NA,NA,NA
2025-12-01T12:08:11,onnx-int8-api,NA,NA,NA,NA,NA,NA
2025-12-01T12:08:12,onnx-int8-api,NA,NA,NA,NA,NA,NA
2025-12-01T12:08:13,onnx-int8-api,NA,NA,NA,NA,NA,NA
2025-12-01T12:08:14,onnx-int8-api,NA,NA,NA,NA,NA,NA
2025-12-01T12:08:15,onnx-int8-api,NA,NA,NA,NA,NA,NA
2025-12-01T12:08:16,onnx-int8-api,NA,NA,NA,NA,NA,NA
2025-12-01T12:08:17,onnx-int8-api,NA,NA,NA,NA,NA,NA
2025-12-01T12:08:18,onnx-int8-api,NA,NA,NA,NA,NA,NA
2025-12-01T12:08:19,onnx-int8-api,NA,NA,NA,NA,NA,NA
2025-12-01T12:08:20,onnx-int8-api,NA,NA,NA,NA,NA,NA
2025-12-01T12:08:21,onnx-int8-api,NA,NA,NA,NA,NA,NA
2025-12-01T12:08:22,onnx-int8-api,NA,NA,NA,NA,NA,NA
2025-12-01T12:08:23,onnx-int8-api,NA,NA,NA,NA,NA,NA
2025-12-01T12:08:24,onnx-int8-api,NA,NA,NA,NA,NA,NA
2025-12-01T12:08:25,onnx-int8-api,NA,NA,NA,NA,NA,NA
2025-12-01T12:08:26,onnx-int8-api,NA,NA,NA,NA,NA,NA
2025-12-01T12:08:27,onnx-int8-api,NA,NA,NA,NA,NA,NA
2025-12-01T12:08:28,onnx-int8-api,NA,NA,NA,NA,NA,NA
2025-12-01T12:08:29,onnx-int8-api,NA,NA,NA,NA,NA,NA
2025-12-01T12:08:31,onnx-int8-api,NA,NA,NA,NA,NA,NA
2025-12-01T12:08:32,onnx-int8-api,NA,NA,NA,NA,NA,NA
2025-12-01T12:08:33,onnx-int8-api,NA,NA,NA,NA,NA,NA
2025-12-01T12:08:34,onnx-int8-api,NA,NA,NA,NA,NA,NA
2025-12-01T12:08:35,onnx-int8-api,NA,NA,NA,NA,NA,NA
2025-12-01T12:08:36,onnx-int8-api,NA,NA,NA,NA,NA,NA
2025-12-01T12:08:37,onnx-int8-api,NA,NA,NA,NA,NA,NA
2025-12-01T12:08:38,onnx-int8-api,NA,NA,NA,NA,NA,NA
2025-12-01T12:08:39,onnx-int8-api,NA,NA,NA,NA,NA,NA
2025-12-01T12:08:40,onnx-int8-api,NA,NA,NA,NA,NA,NA
2025-12-01T12:08:41,onnx-int8-api,NA,NA,NA,NA,NA,NA
2025-12-01T12:08:42,onnx-int8-api,NA,NA,NA,NA,NA,NA
2025-12-01T12:08:43,onnx-int8-api,NA,NA,NA,NA,NA,NA
2025-12-01T12:08:44,onnx-int8-api,NA,NA,NA,NA,NA,NA
2025-12-01T12:08:45,onnx-int8-api,NA,NA,NA,NA,NA,NA
2025-12-01T12:08:46,onnx-int8-api,NA,NA,NA,NA,NA,NA
2025-12-01T12:08:47,onnx-int8-api,NA,NA,NA,NA,NA,NA
2025-12-01T12:08:48,onnx-int8-api,NA,NA,NA,NA,NA,NA
2025-12-01T12:08:49,onnx-int8-api,NA,NA,NA,NA,NA,NA
2025-12-01T12:08:50,onnx-int8-api,NA,NA,NA,NA,NA,NA
2025-12-01T12:08:51,onnx-int8-api,NA,NA,NA,NA,NA,NA
2025-12-01T12:08:52,onnx-int8-api,NA,NA,NA,NA,NA,NA
2025-12-01T12:08:53,onnx-int8-api,NA,NA,NA,NA,NA,NA
2025-12-01T12:08:54,onnx-int8-api,NA,NA,NA,NA,NA,NA
2025-12-01T12:08:56,onnx-int8-api,NA,NA,NA,NA,NA,NA
2025-12-01T12:08:57,onnx-int8-api,NA,NA,NA,NA,NA,NA
2025-12-01T12:08:58,onnx-int8-api,NA,NA,NA,NA,NA,NA
2025-12-01T12:08:59,onnx-int8-api,NA,NA,NA,NA,NA,NA
2025-12-01T12:09:00,onnx-int8-api,NA,NA,NA,NA,NA,NA
2025-12-01T12:09:01,onnx-int8-api,NA,NA,NA,NA,NA,NA
2025-12-01T12:09:02,onnx-int8-api,NA,NA,NA,NA,NA,NA
2025-12-01T12:09:03,onnx-int8-api,NA,NA,NA,NA,NA,NA
2025-12-01T12:09:04,onnx-int8-api,NA,NA,NA,NA,NA,NA
2025-12-01T12:09:05,onnx-int8-api,NA,NA,NA,NA,NA,NA
2025-12-01T12:09:06,onnx-int8-api,NA,NA,NA,NA,NA,NA
2025-12-01T12:09:07,onnx-int8-api,NA,NA,NA,NA,NA,NA
2025-12-01T12:09:08,onnx-int8-api,NA,NA,NA,NA,NA,NA
2025-12-01T12:09:09,onnx-int8-api,NA,NA,NA,NA,NA,NA
2025-12-01T12:09:10,onnx-int8-api,NA,NA,NA,NA,NA,NA
2025-12-01T12:09:11,onnx-int8-api,NA,NA,NA,NA,NA,NA
2025-12-01T12:09:12,onnx-int8-api,NA,NA,NA,NA,NA,NA
2025-12-01T12:09:13,onnx-int8-api,NA,NA,NA,NA,NA,NA
2025-12-01T12:09:14,onnx-int8-api,NA,NA,NA,NA,NA,NA
2025-12-01T12:09:15,onnx-int8-api,NA,NA,NA,NA,NA,NA
2025-12-01T12:09:16,onnx-int8-api,NA,NA,NA,NA,NA,NA
2025-12-01T12:09:17,onnx-int8-api,NA,NA,NA,NA,NA,NA
2025-12-01T12:09:18,onnx-int8-api,NA,NA,NA,NA,NA,NA
2025-12-01T12:09:19,onnx-int8-api,NA,NA,NA,NA,NA,NA
2025-12-01T12:09:21,onnx-int8-api,NA,NA,NA,NA,NA,NA
2025-12-01T12:09:22,onnx-int8-api,NA,NA,NA,NA,NA,NA
2025-12-01T12:09:23,onnx-int8-api,NA,NA,NA,NA,NA,NA
2025-12-01T12:09:24,onnx-int8-api,NA,NA,NA,NA,NA,NA
2025-12-01T12:09:25,onnx-int8-api,NA,NA,NA,NA,NA,NA
2025-12-01T12:09:26,onnx-int8-api,NA,NA,NA,NA,NA,NA
2025-12-01T12:09:27,onnx-int8-api,NA,NA,NA,NA,NA,NA
2025-12-01T12:09:28,onnx-int8-api,NA,NA,NA,NA,NA,NA
2025-12-01T12:09:29,onnx-int8-api,NA,NA,NA,NA,NA,NA
2025-12-01T12:09:30,onnx-int8-api,NA,NA,NA,NA,NA,NA
2025-12-01T12:09:31,onnx-int8-api,NA,NA,NA,NA,NA,NA
2025-12-01T12:09:32,onnx-int8-api,NA,NA,NA,NA,NA,NA
2025-12-01T12:09:33,onnx-int8-api,NA,NA,NA,NA,NA,NA
2025-12-01T12:09:34,onnx-int8-api,NA,NA,NA,NA,NA,NA
2025-12-01T12:09:35,onnx-int8-api,NA,NA,NA,NA,NA,NA
2025-12-01T12:09:36,onnx-int8-api,NA,NA,NA,NA,NA,NA
2025-12-01T12:09:37,onnx-int8-api,NA,NA,NA,NA,NA,NA
2025-12-01T12:09:38,onnx-int8-api,NA,NA,NA,NA,NA,NA
2025-12-01T12:09:39,onnx-int8-api,NA,NA,NA,NA,NA,NA
2025-12-01T12:09:40,onnx-int8-api,NA,NA,NA,NA,NA,NA
2025-12-01T12:09:41,onnx-int8-api,NA,NA,NA,NA,NA,NA
2025-12-01T12:09:42,onnx-int8-api,NA,NA,NA,NA,NA,NA
2025-12-01T12:09:43,onnx-int8-api,NA,NA,NA,NA,NA,NA
2025-12-01T12:09:44,onnx-int8-api,NA,NA,NA,NA,NA,NA
2025-12-01T12:09:45,onnx-int8-api,NA,NA,NA,NA,NA,NA
2025-12-01T12:09:46,onnx-int8-api,NA,NA,NA,NA,NA,NA
2025-12-01T12:09:47,onnx-int8-api,NA,NA,NA,NA,NA,NA
2025-12-01T12:09:49,onnx-int8-api,NA,NA,NA,NA,NA,NA
2025-12-01T12:09:50,onnx-int8-api,NA,NA,NA,NA,NA,NA
2025-12-01T12:09:51,onnx-int8-api,NA,NA,NA,NA,NA,NA
2025-12-01T12:09:52,onnx-int8-api,NA,NA,NA,NA,NA,NA
2025-12-01T12:09:53,onnx-int8-api,NA,NA,NA,NA,NA,NA
2025-12-01T12:09:54,onnx-int8-api,NA,NA,NA,NA,NA,NA
2025-12-01T12:09:55,onnx-int8-api,NA,NA,NA,NA,NA,NA
2025-12-01T12:09:56,onnx-int8-api,NA,NA,NA,NA,NA,NA
2025-12-01T12:09:57,onnx-int8-api,NA,NA,NA,NA,NA,NA
2025-12-01T12:09:58,onnx-int8-api,NA,NA,NA,NA,NA,NA
2025-12-01T12:09:59,onnx-int8-api,NA,NA,NA,NA,NA,NA
2025-12-01T12:10:00,onnx-int8-api,NA,NA,NA,NA,NA,NA
2025-12-01T12:10:01,onnx-int8-api,NA,NA,NA,NA,NA,NA
2025-12-01T12:10:02,onnx-int8-api,NA,NA,NA,NA,NA,NA
2025-12-01T12:10:03,onnx-int8-api,NA,NA,NA,NA,NA,NA
2025-12-01T12:10:04,onnx-int8-api,NA,NA,NA,NA,NA,NA
2025-12-01T12:10:05,onnx-int8-api,NA,NA,NA,NA,NA,NA
2025-12-01T12:10:06,onnx-int8-api,NA,NA,NA,NA,NA,NA
2025-12-01T12:10:07,onnx-int8-api,NA,NA,NA,NA,NA,NA
2025-12-01T12:10:08,onnx-int8-api,NA,NA,NA,NA,NA,NA
2025-12-01T12:10:09,onnx-int8-api,NA,NA,NA,NA,NA,NA
2025-12-01T12:10:10,onnx-int8-api,NA,NA,NA,NA,NA,NA
2025-12-01T12:10:11,onnx-int8-api,NA,NA,NA,NA,NA,NA
2025-12-01T12:10:12,onnx-int8-api,NA,NA,NA,NA,NA,NA
2025-12-01T12:10:13,onnx-int8-api,NA,NA,NA,NA,NA,NA
2025-12-01T12:10:14,onnx-int8-api,NA,NA,NA,NA,NA,NA
2025-12-01T12:10:15,onnx-int8-api,NA,NA,NA,NA,NA,NA
2025-12-01T12:10:16,onnx-int8-api,NA,NA,NA,NA,NA,NA
2025-12-01T12:10:18,onnx-int8-api,NA,NA,NA,NA,NA,NA
2025-12-01T12:10:19,onnx-int8-api,NA,NA,NA,NA,NA,NA
2025-12-01T12:10:20,onnx-int8-api,NA,NA,NA,NA,NA,NA
2025-12-01T12:10:21,onnx-int8-api,NA,NA,NA,NA,NA,NA
2025-12-01T12:10:22,onnx-int8-api,NA,NA,NA,NA,NA,NA
2025-12-01T12:10:23,onnx-int8-api,NA,NA,NA,NA,NA,NA
2025-12-01T12:10:24,onnx-int8-api,NA,NA,NA,NA,NA,NA
2025-12-01T12:10:25,onnx-int8-api,NA,NA,NA,NA,NA,NA
2025-12-01T12:10:26,onnx-int8-api,NA,NA,NA,NA,NA,NA
2025-12-01T12:10:27,onnx-int8-api,NA,NA,NA,NA,NA,NA
2025-12-01T12:10:28,onnx-int8-api,NA,NA,NA,NA,NA,NA
2025-12-01T12:10:29,onnx-int8-api,NA,NA,NA,NA,NA,NA
2025-12-01T12:10:30,onnx-int8-api,NA,NA,NA,NA,NA,NA
2025-12-01T12:10:31,onnx-int8-api,NA,NA,NA,NA,NA,NA
2025-12-01T12:10:32,onnx-int8-api,NA,NA,NA,NA,NA,NA
2025-12-01T12:10:33,onnx-int8-api,NA,NA,NA,NA,NA,NA
2025-12-01T12:10:34,onnx-int8-api,NA,NA,NA,NA,NA,NA
2025-12-01T12:10:35,onnx-int8-api,NA,NA,NA,NA,NA,NA
2025-12-01T12:10:36,onnx-int8-api,NA,NA,NA,NA,NA,NA
2025-12-01T12:10:37,onnx-int8-api,NA,NA,NA,NA,NA,NA
2025-12-01T12:10:38,onnx-int8-api,NA,NA,NA,NA,NA,NA
2025-12-01T12:10:39,onnx-int8-api,NA,NA,NA,NA,NA,NA
2025-12-01T12:10:40,onnx-int8-api,NA,NA,NA,NA,NA,NA
2025-12-01T12:10:41,onnx-int8-api,NA,NA,NA,NA,NA,NA
2025-12-01T12:10:42,onnx-int8-api,NA,NA,NA,NA,NA,NA
2025-12-01T12:10:44,onnx-int8-api,NA,NA,NA,NA,NA,NA
2025-12-01T12:10:45,onnx-int8-api,NA,NA,NA,NA,NA,NA
2025-12-01T12:10:46,onnx-int8-api,NA,NA,NA,NA,NA,NA
2025-12-01T12:10:47,onnx-int8-api,NA,NA,NA,NA,NA,NA
2025-12-01T12:10:48,onnx-int8-api,NA,NA,NA,NA,NA,NA
2025-12-01T12:10:49,onnx-int8-api,NA,NA,NA,NA,NA,NA
2025-12-01T12:10:50,onnx-int8-api,NA,NA,NA,NA,NA,NA
2025-12-01T12:10:51,onnx-int8-api,NA,NA,NA,NA,NA,NA
2025-12-01T12:10:52,onnx-int8-api,NA,NA,NA,NA,NA,NA
2025-12-01T12:10:53,onnx-int8-api,NA,NA,NA,NA,NA,NA
2025-12-01T12:10:54,onnx-int8-api,NA,NA,NA,NA,NA,NA
2025-12-01T12:10:55,onnx-int8-api,NA,NA,NA,NA,NA,NA
2025-12-01T12:10:56,onnx-int8-api,NA,NA,NA,NA,NA,NA
2025-12-01T12:10:57,onnx-int8-api,NA,NA,NA,NA,NA,NA
2025-12-01T12:10:58,onnx-int8-api,NA,NA,NA,NA,NA,NA
2025-12-01T12:10:59,onnx-int8-api,NA,NA,NA,NA,NA,NA
2025-12-01T12:11:00,onnx-int8-api,NA,NA,NA,NA,NA,NA
2025-12-01T12:11:01,onnx-int8-api,NA,NA,NA,NA,NA,NA
2025-12-01T12:11:02,onnx-int8-api,NA,NA,NA,NA,NA,NA
2025-12-01T12:11:03,onnx-int8-api,NA,NA,NA,NA,NA,NA
2025-12-01T12:11:04,onnx-int8-api,NA,NA,NA,NA,NA,NA
2025-12-01T12:11:05,onnx-int8-api,NA,NA,NA,NA,NA,NA
2025-12-01T12:11:06,onnx-int8-api,NA,NA,NA,NA,NA,NA
2025-12-01T12:11:07,onnx-int8-api,NA,NA,NA,NA,NA,NA
2025-12-01T12:11:08,onnx-int8-api,NA,NA,NA,NA,NA,NA
2025-12-01T12:11:10,onnx-int8-api,NA,NA,NA,NA,NA,NA
2025-12-01T12:11:11,onnx-int8-api,NA,NA,NA,NA,NA,NA
2025-12-01T12:11:12,onnx-int8-api,NA,NA,NA,NA,NA,NA
2025-12-01T12:11:13,onnx-int8-api,NA,NA,NA,NA,NA,NA
2025-12-01T12:11:14,onnx-int8-api,NA,NA,NA,NA,NA,NA
2025-12-01T12:11:15,onnx-int8-api,NA,NA,NA,NA,NA,NA
2025-12-01T12:11:16,onnx-int8-api,NA,NA,NA,NA,NA,NA
2025-12-01T12:11:17,onnx-int8-api,NA,NA,NA,NA,NA,NA
2025-12-01T12:11:18,onnx-int8-api,NA,NA,NA,NA,NA,NA
2025-12-01T12:11:19,onnx-int8-api,NA,NA,NA,NA,NA,NA
2025-12-01T12:11:20,onnx-int8-api,NA,NA,NA,NA,NA,NA
2025-12-01T12:11:21,onnx-int8-api,NA,NA,NA,NA,NA,NA
2025-12-01T12:11:22,onnx-int8-api,NA,NA,NA,NA,NA,NA
2025-12-01T12:11:23,onnx-int8-api,NA,NA,NA,NA,NA,NA
2025-12-01T12:11:24,onnx-int8-api,NA,NA,NA,NA,NA,NA
2025-12-01T12:11:25,onnx-int8-api,NA,NA,NA,NA,NA,NA
2025-12-01T12:11:26,onnx-int8-api,NA,NA,NA,NA,NA,NA
2025-12-01T12:11:27,onnx-int8-api,NA,NA,NA,NA,NA,NA
2025-12-01T12:11:28,onnx-int8-api,NA,NA,NA,NA,NA,NA
2025-12-01T12:11:29,onnx-int8-api,NA,NA,NA,NA,NA,NA
2025-12-01T12:11:30,onnx-int8-api,NA,NA,NA,NA,NA,NA
2025-12-01T12:11:31,onnx-int8-api,NA,NA,NA,NA,NA,NA
2025-12-01T12:11:32,onnx-int8-api,NA,NA,NA,NA,NA,NA
2025-12-01T12:11:33,onnx-int8-api,NA,NA,NA,NA,NA,NA
2025-12-01T12:11:34,onnx-int8-api,NA,NA,NA,NA,NA,NA
2025-12-01T12:11:35,onnx-int8-api,NA,NA,NA,NA,NA,NA
2025-12-01T12:11:37,onnx-int8-api,NA,NA,NA,NA,NA,NA
2025-12-01T12:11:38,onnx-int8-api,NA,NA,NA,NA,NA,NA
2025-12-01T12:11:39,onnx-int8-api,NA,NA,NA,NA,NA,NA
2025-12-01T12:11:40,onnx-int8-api,NA,NA,NA,NA,NA,NA
2025-12-01T12:11:41,onnx-int8-api,NA,NA,NA,NA,NA,NA
2025-12-01T12:11:42,onnx-int8-api,NA,NA,NA,NA,NA,NA
2025-12-01T12:11:43,onnx-int8-api,NA,NA,NA,NA,NA,NA
2025-12-01T12:11:44,onnx-int8-api,NA,NA,NA,NA,NA,NA
2025-12-01T12:11:45,onnx-int8-api,NA,NA,NA,NA,NA,NA
2025-12-01T12:11:46,onnx-int8-api,NA,NA,NA,NA,NA,NA
2025-12-01T12:11:47,onnx-int8-api,NA,NA,NA,NA,NA,NA
2025-12-01T12:11:48,onnx-int8-api,NA,NA,NA,NA,NA,NA
2025-12-01T12:11:49,onnx-int8-api,NA,NA,NA,NA,NA,NA
2025-12-01T12:11:50,onnx-int8-api,NA,NA,NA,NA,NA,NA
2025-12-01T12:11:51,onnx-int8-api,NA,NA,NA,NA,NA,NA
2025-12-01T12:11:52,onnx-int8-api,NA,NA,NA,NA,NA,NA
2025-12-01T12:11:53,onnx-int8-api,NA,NA,NA,NA,NA,NA
2025-12-01T12:11:54,onnx-int8-api,NA,NA,NA,NA,NA,NA
2025-12-01T12:11:55,onnx-int8-api,NA,NA,NA,NA,NA,NA
2025-12-01T12:11:56,onnx-int8-api,NA,NA,NA,NA,NA,NA
2025-12-01T12:11:57,onnx-int8-api,NA,NA,NA,NA,NA,NA
2025-12-01T12:11:58,onnx-int8-api,NA,NA,NA,NA,NA,NA
2025-12-01T12:11:59,onnx-int8-api,NA,NA,NA,NA,NA,NA
2025-12-01T12:12:00,onnx-int8-api,NA,NA,NA,NA,NA,NA
2025-12-01T12:12:01,onnx-int8-api,NA,NA,NA,NA,NA,NA
2025-12-01T12:12:02,onnx-int8-api,NA,NA,NA,NA,NA,NA
2025-12-01T12:12:03,onnx-int8-api,NA,NA,NA,NA,NA,NA
2025-12-01T12:12:04,onnx-int8-api,NA,NA,NA,NA,NA,NA
2025-12-01T12:12:06,onnx-int8-api,NA,NA,NA,NA,NA,NA
2025-12-01T12:12:07,onnx-int8-api,NA,NA,NA,NA,NA,NA
2025-12-01T12:12:08,onnx-int8-api,NA,NA,NA,NA,NA,NA
2025-12-01T12:12:09,onnx-int8-api,NA,NA,NA,NA,NA,NA
2025-12-01T12:12:10,onnx-int8-api,NA,NA,NA,NA,NA,NA
2025-12-01T12:12:11,onnx-int8-api,NA,NA,NA,NA,NA,NA
2025-12-01T12:12:12,onnx-int8-api,NA,NA,NA,NA,NA,NA
2025-12-01T12:12:13,onnx-int8-api,NA,NA,NA,NA,NA,NA
2025-12-01T12:12:14,onnx-int8-api,NA,NA,NA,NA,NA,NA
2025-12-01T12:12:15,onnx-int8-api,NA,NA,NA,NA,NA,NA
2025-12-01T12:12:16,onnx-int8-api,NA,NA,NA,NA,NA,NA
2025-12-01T12:12:17,onnx-int8-api,NA,NA,NA,NA,NA,NA
2025-12-01T12:12:18,onnx-int8-api,NA,NA,NA,NA,NA,NA
2025-12-01T12:12:19,onnx-int8-api,NA,NA,NA,NA,NA,NA
2025-12-01T12:12:20,onnx-int8-api,NA,NA,NA,NA,NA,NA
2025-12-01T12:12:21,onnx-int8-api,NA,NA,NA,NA,NA,NA
2025-12-01T12:12:22,onnx-int8-api,NA,NA,NA,NA,NA,NA
2025-12-01T12:12:23,onnx-int8-api,NA,NA,NA,NA,NA,NA
2025-12-01T12:12:24,onnx-int8-api,NA,NA,NA,NA,NA,NA
2025-12-01T12:12:25,onnx-int8-api,NA,NA,NA,NA,NA,NA
2025-12-01T12:12:26,onnx-int8-api,NA,NA,NA,NA,NA,NA
2025-12-01T12:12:27,onnx-int8-api,NA,NA,NA,NA,NA,NA
2025-12-01T12:12:28,onnx-int8-api,NA,NA,NA,NA,NA,NA
2025-12-01T12:12:29,onnx-int8-api,NA,NA,NA,NA,NA,NA
2025-12-01T12:12:30,onnx-int8-api,NA,NA,NA,NA,NA,NA
2025-12-01T12:12:31,onnx-int8-api,NA,NA,NA,NA,NA,NA
2025-12-01T12:12:32,onnx-int8-api,NA,NA,NA,NA,NA,NA
2025-12-01T12:12:34,onnx-int8-api,NA,NA,NA,NA,NA,NA
2025-12-01T12:12:35,onnx-int8-api,NA,NA,NA,NA,NA,NA
2025-12-01T12:12:36,onnx-int8-api,NA,NA,NA,NA,NA,NA
2025-12-01T12:12:37,onnx-int8-api,NA,NA,NA,NA,NA,NA
2025-12-01T12:12:38,onnx-int8-api,NA,NA,NA,NA,NA,NA
2025-12-01T12:12:39,onnx-int8-api,NA,NA,NA,NA,NA,NA
2025-12-01T12:12:40,onnx-int8-api,NA,NA,NA,NA,NA,NA
2025-12-01T12:12:41,onnx-int8-api,NA,NA,NA,NA,NA,NA
2025-12-01T12:12:42,onnx-int8-api,NA,NA,NA,NA,NA,NA
2025-12-01T12:12:43,onnx-int8-api,NA,NA,NA,NA,NA,NA
2025-12-01T12:12:44,onnx-int8-api,NA,NA,NA,NA,NA,NA
2025-12-01T12:12:45,onnx-int8-api,NA,NA,NA,NA,NA,NA
2025-12-01T12:12:46,onnx-int8-api,NA,NA,NA,NA,NA,NA
2025-12-01T12:12:47,onnx-int8-api,NA,NA,NA,NA,NA,NA
2025-12-01T12:12:48,onnx-int8-api,NA,NA,NA,NA,NA,NA
2025-12-01T12:12:49,onnx-int8-api,NA,NA,NA,NA,NA,NA
2025-12-01T12:12:50,onnx-int8-api,NA,NA,NA,NA,NA,NA
2025-12-01T12:12:51,onnx-int8-api,NA,NA,NA,NA,NA,NA
2025-12-01T12:12:52,onnx-int8-api,NA,NA,NA,NA,NA,NA
2025-12-01T12:12:53,onnx-int8-api,NA,NA,NA,NA,NA,NA
2025-12-01T12:12:54,onnx-int8-api,NA,NA,NA,NA,NA,NA
2025-12-01T12:12:55,onnx-int8-api,NA,NA,NA,NA,NA,NA
2025-12-01T12:12:56,onnx-int8-api,NA,NA,NA,NA,NA,NA
2025-12-01T12:12:57,onnx-int8-api,NA,NA,NA,NA,NA,NA
2025-12-01T12:12:58,onnx-int8-api,NA,NA,NA,NA,NA,NA
2025-12-01T12:12:59,onnx-int8-api,NA,NA,NA,NA,NA,NA
2025-12-01T12:13:01,onnx-int8-api,NA,NA,NA,NA,NA,NA
2025-12-01T12:13:02,onnx-int8-api,NA,NA,NA,NA,NA,NA
2025-12-01T12:13:03,onnx-int8-api,NA,NA,NA,NA,NA,NA
2025-12-01T12:13:04,onnx-int8-api,NA,NA,NA,NA,NA,NA
2025-12-01T12:13:05,onnx-int8-api,NA,NA,NA,NA,NA,NA
2025-12-01T12:13:06,onnx-int8-api,NA,NA,NA,NA,NA,NA
2025-12-01T12:13:07,onnx-int8-api,NA,NA,NA,NA,NA,NA
2025-12-01T12:13:08,onnx-int8-api,NA,NA,NA,NA,NA,NA
2025-12-01T12:13:09,onnx-int8-api,NA,NA,NA,NA,NA,NA
2025-12-01T12:13:10,onnx-int8-api,NA,NA,NA,NA,NA,NA
2025-12-01T12:13:11,onnx-int8-api,NA,NA,NA,NA,NA,NA
2025-12-01T12:13:12,onnx-int8-api,NA,NA,NA,NA,NA,NA
2025-12-01T12:13:13,onnx-int8-api,NA,NA,NA,NA,NA,NA
2025-12-01T12:13:14,onnx-int8-api,NA,NA,NA,NA,NA,NA
2025-12-01T12:13:15,onnx-int8-api,NA,NA,NA,NA,NA,NA
2025-12-01T12:13:16,onnx-int8-api,NA,NA,NA,NA,NA,NA
2025-12-01T12:13:17,onnx-int8-api,NA,NA,NA,NA,NA,NA
2025-12-01T12:13:18,onnx-int8-api,NA,NA,NA,NA,NA,NA
2025-12-01T12:13:19,onnx-int8-api,NA,NA,NA,NA,NA,NA
2025-12-01T12:13:20,onnx-int8-api,NA,NA,NA,NA,NA,NA
2025-12-01T12:13:21,onnx-int8-api,NA,NA,NA,NA,NA,NA
2025-12-01T12:13:22,onnx-int8-api,NA,NA,NA,NA,NA,NA
2025-12-01T12:13:23,onnx-int8-api,NA,NA,NA,NA,NA,NA
2025-12-01T12:13:24,onnx-int8-api,NA,NA,NA,NA,NA,NA
2025-12-01T12:13:25,onnx-int8-api,NA,NA,NA,NA,NA,NA
2025-12-01T12:13:27,onnx-int8-api,NA,NA,NA,NA,NA,NA
2025-12-01T12:13:28,onnx-int8-api,NA,NA,NA,NA,NA,NA
2025-12-01T12:13:29,onnx-int8-api,NA,NA,NA,NA,NA,NA
2025-12-01T12:13:30,onnx-int8-api,NA,NA,NA,NA,NA,NA
2025-12-01T12:13:31,onnx-int8-api,NA,NA,NA,NA,NA,NA
2025-12-01T12:13:32,onnx-int8-api,NA,NA,NA,NA,NA,NA
2025-12-01T12:13:33,onnx-int8-api,NA,NA,NA,NA,NA,NA
2025-12-01T12:13:34,onnx-int8-api,NA,NA,NA,NA,NA,NA
2025-12-01T12:13:35,onnx-int8-api,NA,NA,NA,NA,NA,NA
2025-12-01T12:13:36,onnx-int8-api,NA,NA,NA,NA,NA,NA
2025-12-01T12:13:37,onnx-int8-api,NA,NA,NA,NA,NA,NA
2025-12-01T12:13:38,onnx-int8-api,NA,NA,NA,NA,NA,NA
2025-12-01T12:13:39,onnx-int8-api,NA,NA,NA,NA,NA,NA
2025-12-01T12:13:40,onnx-int8-api,NA,NA,NA,NA,NA,NA
2025-12-01T12:13:41,onnx-int8-api,NA,NA,NA,NA,NA,NA
2025-12-01T12:13:42,onnx-int8-api,NA,NA,NA,NA,NA,NA
2025-12-01T12:13:43,onnx-int8-api,NA,NA,NA,NA,NA,NA
2025-12-01T12:13:44,onnx-int8-api,NA,NA,NA,NA,NA,NA
2025-12-01T12:13:45,onnx-int8-api,NA,NA,NA,NA,NA,NA
2025-12-01T12:13:46,onnx-int8-api,NA,NA,NA,NA,NA,NA
2025-12-01T12:13:47,onnx-int8-api,NA,NA,NA,NA,NA,NA
2025-12-01T12:13:48,onnx-int8-api,NA,NA,NA,NA,NA,NA
2025-12-01T12:13:49,onnx-int8-api,NA,NA,NA,NA,NA,NA
2025-12-01T12:13:50,onnx-int8-api,NA,NA,NA,NA,NA,NA
2025-12-01T12:13:51,onnx-int8-api,NA,NA,NA,NA,NA,NA
2025-12-01T12:13:53,onnx-int8-api,NA,NA,NA,NA,NA,NA
2025-12-01T12:13:54,onnx-int8-api,NA,NA,NA,NA,NA,NA
2025-12-01T12:13:55,onnx-int8-api,NA,NA,NA,NA,NA,NA
2025-12-01T12:13:56,onnx-int8-api,NA,NA,NA,NA,NA,NA
2025-12-01T12:13:57,onnx-int8-api,NA,NA,NA,NA,NA,NA
2025-12-01T12:13:58,onnx-int8-api,NA,NA,NA,NA,NA,NA
2025-12-01T12:13:59,onnx-int8-api,NA,NA,NA,NA,NA,NA
2025-12-01T12:14:00,onnx-int8-api,NA,NA,NA,NA,NA,NA
2025-12-01T12:14:01,onnx-int8-api,NA,NA,NA,NA,NA,NA
2025-12-01T12:14:02,onnx-int8-api,NA,NA,NA,NA,NA,NA
2025-12-01T12:14:03,onnx-int8-api,NA,NA,NA,NA,NA,NA
2025-12-01T12:14:04,onnx-int8-api,NA,NA,NA,NA,NA,NA
2025-12-01T12:14:05,onnx-int8-api,NA,NA,NA,NA,NA,NA
2025-12-01T12:14:06,onnx-int8-api,NA,NA,NA,NA,NA,NA
2025-12-01T12:14:07,onnx-int8-api,NA,NA,NA,NA,NA,NA
2025-12-01T12:14:08,onnx-int8-api,NA,NA,NA,NA,NA,NA
2025-12-01T12:14:09,onnx-int8-api,NA,NA,NA,NA,NA,NA
2025-12-01T12:14:10,onnx-int8-api,NA,NA,NA,NA,NA,NA
2025-12-01T12:14:11,onnx-int8-api,NA,NA,NA,NA,NA,NA
2025-12-01T12:14:12,onnx-int8-api,NA,NA,NA,NA,NA,NA
2025-12-01T12:14:13,onnx-int8-api,NA,NA,NA,NA,NA,NA
2025-12-01T12:14:14,onnx-int8-api,NA,NA,NA,NA,NA,NA
2025-12-01T12:14:15,onnx-int8-api,NA,NA,NA,NA,NA,NA
2025-12-01T12:14:16,onnx-int8-api,NA,NA,NA,NA,NA,NA
2025-12-01T12:14:17,onnx-int8-api,NA,NA,NA,NA,NA,NA
2025-12-01T12:14:18,onnx-int8-api,NA,NA,NA,NA,NA,NA
2025-12-01T12:14:20,onnx-int8-api,NA,NA,NA,NA,NA,NA
2025-12-01T12:14:21,onnx-int8-api,NA,NA,NA,NA,NA,NA
2025-12-01T12:14:22,onnx-int8-api,NA,NA,NA,NA,NA,NA
2025-12-01T12:14:23,onnx-int8-api,NA,NA,NA,NA,NA,NA
2025-12-01T12:14:24,onnx-int8-api,NA,NA,NA,NA,NA,NA
2025-12-01T12:14:25,onnx-int8-api,NA,NA,NA,NA,NA,NA
2025-12-01T12:14:26,onnx-int8-api,NA,NA,NA,NA,NA,NA
2025-12-01T12:14:27,onnx-int8-api,NA,NA,NA,NA,NA,NA
2025-12-01T12:14:28,onnx-int8-api,NA,NA,NA,NA,NA,NA
2025-12-01T12:14:29,onnx-int8-api,NA,NA,NA,NA,NA,NA
2025-12-01T12:14:30,onnx-int8-api,NA,NA,NA,NA,NA,NA
2025-12-01T12:14:31,onnx-int8-api,NA,NA,NA,NA,NA,NA
2025-12-01T12:14:32,onnx-int8-api,NA,NA,NA,NA,NA,NA
2025-12-01T12:14:33,onnx-int8-api,NA,NA,NA,NA,NA,NA
2025-12-01T12:14:34,onnx-int8-api,NA,NA,NA,NA,NA,NA
2025-12-01T12:14:35,onnx-int8-api,NA,NA,NA,NA,NA,NA
2025-12-01T12:14:36,onnx-int8-api,NA,NA,NA,NA,NA,NA
2025-12-01T12:14:37,onnx-int8-api,NA,NA,NA,NA,NA,NA
2025-12-01T12:14:38,onnx-int8-api,NA,NA,NA,NA,NA,NA
2025-12-01T12:14:39,onnx-int8-api,NA,NA,NA,NA,NA,NA
2025-12-01T12:14:40,onnx-int8-api,NA,NA,NA,NA,NA,NA
2025-12-01T12:14:41,onnx-int8-api,NA,NA,NA,NA,NA,NA
2025-12-01T12:14:42,onnx-int8-api,NA,NA,NA,NA,NA,NA
2025-12-01T12:14:43,onnx-int8-api,NA,NA,NA,NA,NA,NA
2025-12-01T12:14:44,onnx-int8-api,NA,NA,NA,NA,NA,NA
2025-12-01T12:14:45,onnx-int8-api,NA,NA,NA,NA,NA,NA
2025-12-01T12:14:46,onnx-int8-api,NA,NA,NA,NA,NA,NA
2025-12-01T12:14:47,onnx-int8-api,NA,NA,NA,NA,NA,NA
2025-12-01T12:14:48,onnx-int8-api,NA,NA,NA,NA,NA,NA
2025-12-01T12:14:50,onnx-int8-api,NA,NA,NA,NA,NA,NA
2025-12-01T12:14:51,onnx-int8-api,NA,NA,NA,NA,NA,NA
2025-12-01T12:14:52,onnx-int8-api,NA,NA,NA,NA,NA,NA
2025-12-01T12:14:53,onnx-int8-api,NA,NA,NA,NA,NA,NA
2025-12-01T12:14:54,onnx-int8-api,NA,NA,NA,NA,NA,NA
2025-12-01T12:14:55,onnx-int8-api,NA,NA,NA,NA,NA,NA
2025-12-01T12:14:56,onnx-int8-api,NA,NA,NA,NA,NA,NA
2025-12-01T12:14:57,onnx-int8-api,NA,NA,NA,NA,NA,NA
2025-12-01T12:14:58,onnx-int8-api,NA,NA,NA,NA,NA,NA
2025-12-01T12:14:59,onnx-int8-api,NA,NA,NA,NA,NA,NA
2025-12-01T12:15:00,onnx-int8-api,NA,NA,NA,NA,NA,NA
2025-12-01T12:15:01,onnx-int8-api,NA,NA,NA,NA,NA,NA
2025-12-01T12:15:02,onnx-int8-api,NA,NA,NA,NA,NA,NA
2025-12-01T12:15:03,onnx-int8-api,NA,NA,NA,NA,NA,NA
2025-12-01T12:15:04,onnx-int8-api,NA,NA,NA,NA,NA,NA
2025-12-01T12:15:05,onnx-int8-api,NA,NA,NA,NA,NA,NA
2025-12-01T12:15:06,onnx-int8-api,NA,NA,NA,NA,NA,NA
2025-12-01T12:15:07,onnx-int8-api,NA,NA,NA,NA,NA,NA
2025-12-01T12:15:08,onnx-int8-api,NA,NA,NA,NA,NA,NA
2025-12-01T12:15:09,onnx-int8-api,NA,NA,NA,NA,NA,NA
2025-12-01T12:15:10,onnx-int8-api,NA,NA,NA,NA,NA,NA
2025-12-01T12:15:11,onnx-int8-api,NA,NA,NA,NA,NA,NA
2025-12-01T12:15:12,onnx-int8-api,NA,NA,NA,NA,NA,NA
2025-12-01T12:15:13,onnx-int8-api,NA,NA,NA,NA,NA,NA
2025-12-01T12:15:15,onnx-int8-api,NA,NA,NA,NA,NA,NA
2025-12-01T12:15:16,onnx-int8-api,NA,NA,NA,NA,NA,NA
2025-12-01T12:15:17,onnx-int8-api,NA,NA,NA,NA,NA,NA
2025-12-01T12:15:18,onnx-int8-api,NA,NA,NA,NA,NA,NA
2025-12-01T12:15:19,onnx-int8-api,NA,NA,NA,NA,NA,NA
2025-12-01T12:15:20,onnx-int8-api,NA,NA,NA,NA,NA,NA
2025-12-01T12:15:21,onnx-int8-api,NA,NA,NA,NA,NA,NA
2025-12-01T12:15:22,onnx-int8-api,NA,NA,NA,NA,NA,NA
2025-12-01T12:15:23,onnx-int8-api,NA,NA,NA,NA,NA,NA
2025-12-01T12:15:24,onnx-int8-api,NA,NA,NA,NA,NA,NA
2025-12-01T12:15:25,onnx-int8-api,NA,NA,NA,NA,NA,NA
2025-12-01T12:15:26,onnx-int8-api,NA,NA,NA,NA,NA,NA
2025-12-01T12:15:27,onnx-int8-api,NA,NA,NA,NA,NA,NA
2025-12-01T12:15:28,onnx-int8-api,NA,NA,NA,NA,NA,NA
2025-12-01T12:15:29,onnx-int8-api,NA,NA,NA,NA,NA,NA
2025-12-01T12:15:30,onnx-int8-api,NA,NA,NA,NA,NA,NA
2025-12-01T12:15:31,onnx-int8-api,NA,NA,NA,NA,NA,NA
2025-12-01T12:15:32,onnx-int8-api,NA,NA,NA,NA,NA,NA
2025-12-01T12:15:33,onnx-int8-api,NA,NA,NA,NA,NA,NA
2025-12-01T12:15:34,onnx-int8-api,NA,NA,NA,NA,NA,NA
2025-12-01T12:15:35,onnx-int8-api,NA,NA,NA,NA,NA,NA
2025-12-01T12:15:36,onnx-int8-api,NA,NA,NA,NA,NA,NA
2025-12-01T12:15:37,onnx-int8-api,NA,NA,NA,NA,NA,NA
2025-12-01T12:15:38,onnx-int8-api,NA,NA,NA,NA,NA,NA
2025-12-01T12:15:39,onnx-int8-api,NA,NA,NA,NA,NA,NA
2025-12-01T12:15:40,onnx-int8-api,NA,NA,NA,NA,NA,NA
2025-12-01T12:15:41,onnx-int8-api,NA,NA,NA,NA,NA,NA
2025-12-01T12:15:43,onnx-int8-api,NA,NA,NA,NA,NA,NA
2025-12-01T12:15:44,onnx-int8-api,NA,NA,NA,NA,NA,NA
2025-12-01T12:15:45,onnx-int8-api,NA,NA,NA,NA,NA,NA
2025-12-01T12:15:46,onnx-int8-api,NA,NA,NA,NA,NA,NA
2025-12-01T12:15:47,onnx-int8-api,NA,NA,NA,NA,NA,NA
2025-12-01T12:15:48,onnx-int8-api,NA,NA,NA,NA,NA,NA
2025-12-01T12:15:49,onnx-int8-api,NA,NA,NA,NA,NA,NA
2025-12-01T12:15:50,onnx-int8-api,NA,NA,NA,NA,NA,NA
2025-12-01T12:15:51,onnx-int8-api,NA,NA,NA,NA,NA,NA
2025-12-01T12:15:52,onnx-int8-api,NA,NA,NA,NA,NA,NA
2025-12-01T12:15:53,onnx-int8-api,NA,NA,NA,NA,NA,NA
2025-12-01T12:15:54,onnx-int8-api,NA,NA,NA,NA,NA,NA
2025-12-01T12:15:55,onnx-int8-api,NA,NA,NA,NA,NA,NA
2025-12-01T12:15:56,onnx-int8-api,NA,NA,NA,NA,NA,NA
2025-12-01T12:15:57,onnx-int8-api,NA,NA,NA,NA,NA,NA
2025-12-01T12:15:58,onnx-int8-api,NA,NA,NA,NA,NA,NA
2025-12-01T12:15:59,onnx-int8-api,NA,NA,NA,NA,NA,NA
2025-12-01T12:16:00,onnx-int8-api,NA,NA,NA,NA,NA,NA
2025-12-01T12:16:01,onnx-int8-api,NA,NA,NA,NA,NA,NA
2025-12-01T12:16:02,onnx-int8-api,NA,NA,NA,NA,NA,NA
2025-12-01T12:16:03,onnx-int8-api,NA,NA,NA,NA,NA,NA
2025-12-01T12:16:04,onnx-int8-api,NA,NA,NA,NA,NA,NA
2025-12-01T12:16:05,onnx-int8-api,NA,NA,NA,NA,NA,NA
2025-12-01T12:16:06,onnx-int8-api,NA,NA,NA,NA,NA,NA
2025-12-01T12:16:07,onnx-int8-api,NA,NA,NA,NA,NA,NA
2025-12-01T12:16:09,onnx-int8-api,NA,NA,NA,NA,NA,NA
2025-12-01T12:16:10,onnx-int8-api,NA,NA,NA,NA,NA,NA
2025-12-01T12:16:11,onnx-int8-api,NA,NA,NA,NA,NA,NA
2025-12-01T12:16:12,onnx-int8-api,NA,NA,NA,NA,NA,NA
2025-12-01T12:16:13,onnx-int8-api,NA,NA,NA,NA,NA,NA
2025-12-01T12:16:14,onnx-int8-api,NA,NA,NA,NA,NA,NA
2025-12-01T12:16:15,onnx-int8-api,NA,NA,NA,NA,NA,NA
2025-12-01T12:16:16,onnx-int8-api,NA,NA,NA,NA,NA,NA
2025-12-01T12:16:17,onnx-int8-api,NA,NA,NA,NA,NA,NA
2025-12-01T12:16:18,onnx-int8-api,NA,NA,NA,NA,NA,NA
2025-12-01T12:16:19,onnx-int8-api,NA,NA,NA,NA,NA,NA
2025-12-01T12:16:20,onnx-int8-api,NA,NA,NA,NA,NA,NA
2025-12-01T12:16:21,onnx-int8-api,NA,NA,NA,NA,NA,NA
2025-12-01T12:16:22,onnx-int8-api,NA,NA,NA,NA,NA,NA
2025-12-01T12:16:23,onnx-int8-api,NA,NA,NA,NA,NA,NA
2025-12-01T12:16:24,onnx-int8-api,NA,NA,NA,NA,NA,NA
2025-12-01T12:16:25,onnx-int8-api,NA,NA,NA,NA,NA,NA
2025-12-01T12:16:26,onnx-int8-api,NA,NA,NA,NA,NA,NA
2025-12-01T12:16:27,onnx-int8-api,NA,NA,NA,NA,NA,NA
2025-12-01T12:16:28,onnx-int8-api,NA,NA,NA,NA,NA,NA
2025-12-01T12:16:29,onnx-int8-api,NA,NA,NA,NA,NA,NA
2025-12-01T12:16:30,onnx-int8-api,NA,NA,NA,NA,NA,NA
2025-12-01T12:16:31,onnx-int8-api,NA,NA,NA,NA,NA,NA
2025-12-01T12:16:32,onnx-int8-api,NA,NA,NA,NA,NA,NA
2025-12-01T12:16:33,onnx-int8-api,NA,NA,NA,NA,NA,NA
2025-12-01T12:16:35,onnx-int8-api,NA,NA,NA,NA,NA,NA
2025-12-01T12:16:36,onnx-int8-api,NA,NA,NA,NA,NA,NA
2025-12-01T12:16:37,onnx-int8-api,NA,NA,NA,NA,NA,NA
2025-12-01T12:16:38,onnx-int8-api,NA,NA,NA,NA,NA,NA
2025-12-01T12:16:39,onnx-int8-api,NA,NA,NA,NA,NA,NA
2025-12-01T12:16:40,onnx-int8-api,NA,NA,NA,NA,NA,NA
2025-12-01T12:16:41,onnx-int8-api,NA,NA,NA,NA,NA,NA
2025-12-01T12:16:42,onnx-int8-api,NA,NA,NA,NA,NA,NA
2025-12-01T12:16:43,onnx-int8-api,NA,NA,NA,NA,NA,NA
2025-12-01T12:16:44,onnx-int8-api,NA,NA,NA,NA,NA,NA
2025-12-01T12:16:45,onnx-int8-api,NA,NA,NA,NA,NA,NA
2025-12-01T12:16:46,onnx-int8-api,NA,NA,NA,NA,NA,NA
2025-12-01T12:16:47,onnx-int8-api,NA,NA,NA,NA,NA,NA
2025-12-01T12:16:48,onnx-int8-api,NA,NA,NA,NA,NA,NA
2025-12-01T12:16:49,onnx-int8-api,NA,NA,NA,NA,NA,NA
2025-12-01T12:16:50,onnx-int8-api,NA,NA,NA,NA,NA,NA
2025-12-01T12:16:51,onnx-int8-api,NA,NA,NA,NA,NA,NA
2025-12-01T12:16:52,onnx-int8-api,NA,NA,NA,NA,NA,NA
2025-12-01T12:16:53,onnx-int8-api,NA,NA,NA,NA,NA,NA
2025-12-01T12:16:54,onnx-int8-api,NA,NA,NA,NA,NA,NA
2025-12-01T12:16:55,onnx-int8-api,NA,NA,NA,NA,NA,NA
2025-12-01T12:16:56,onnx-int8-api,NA,NA,NA,NA,NA,NA
2025-12-01T12:16:57,onnx-int8-api,NA,NA,NA,NA,NA,NA
2025-12-01T12:16:58,onnx-int8-api,NA,NA,NA,NA,NA,NA
2025-12-01T12:16:59,onnx-int8-api,NA,NA,NA,NA,NA,NA
2025-12-01T12:17:00,onnx-int8-api,NA,NA,NA,NA,NA,NA
2025-12-01T12:17:02,onnx-int8-api,NA,NA,NA,NA,NA,NA
2025-12-01T12:17:03,onnx-int8-api,NA,NA,NA,NA,NA,NA
2025-12-01T12:17:04,onnx-int8-api,NA,NA,NA,NA,NA,NA
2025-12-01T12:17:05,onnx-int8-api,NA,NA,NA,NA,NA,NA
2025-12-01T12:17:06,onnx-int8-api,NA,NA,NA,NA,NA,NA
2025-12-01T12:17:07,onnx-int8-api,NA,NA,NA,NA,NA,NA
2025-12-01T12:17:08,onnx-int8-api,NA,NA,NA,NA,NA,NA
2025-12-01T12:17:09,onnx-int8-api,NA,NA,NA,NA,NA,NA
2025-12-01T12:17:10,onnx-int8-api,NA,NA,NA,NA,NA,NA
2025-12-01T12:17:11,onnx-int8-api,NA,NA,NA,NA,NA,NA
2025-12-01T12:17:12,onnx-int8-api,NA,NA,NA,NA,NA,NA
2025-12-01T12:17:13,onnx-int8-api,NA,NA,NA,NA,NA,NA
2025-12-01T12:17:14,onnx-int8-api,NA,NA,NA,NA,NA,NA
2025-12-01T12:17:15,onnx-int8-api,NA,NA,NA,NA,NA,NA
2025-12-01T12:17:16,onnx-int8-api,NA,NA,NA,NA,NA,NA
2025-12-01T12:17:17,onnx-int8-api,NA,NA,NA,NA,NA,NA
2025-12-01T12:17:18,onnx-int8-api,NA,NA,NA,NA,NA,NA
2025-12-01T12:17:19,onnx-int8-api,NA,NA,NA,NA,NA,NA
2025-12-01T12:17:20,onnx-int8-api,NA,NA,NA,NA,NA,NA
2025-12-01T12:17:21,onnx-int8-api,NA,NA,NA,NA,NA,NA
2025-12-01T12:17:22,onnx-int8-api,NA,NA,NA,NA,NA,NA
2025-12-01T12:17:23,onnx-int8-api,NA,NA,NA,NA,NA,NA
2025-12-01T12:17:24,onnx-int8-api,NA,NA,NA,NA,NA,NA
2025-12-01T12:17:25,onnx-int8-api,NA,NA,NA,NA,NA,NA
2025-12-01T12:17:27,onnx-int8-api,NA,NA,NA,NA,NA,NA
2025-12-01T12:17:28,onnx-int8-api,NA,NA,NA,NA,NA,NA
2025-12-01T12:17:29,onnx-int8-api,NA,NA,NA,NA,NA,NA
2025-12-01T12:17:30,onnx-int8-api,NA,NA,NA,NA,NA,NA
2025-12-01T12:17:31,onnx-int8-api,NA,NA,NA,NA,NA,NA
2025-12-01T12:17:32,onnx-int8-api,NA,NA,NA,NA,NA,NA
2025-12-01T12:17:33,onnx-int8-api,NA,NA,NA,NA,NA,NA
2025-12-01T12:17:34,onnx-int8-api,NA,NA,NA,NA,NA,NA
2025-12-01T12:17:35,onnx-int8-api,NA,NA,NA,NA,NA,NA
2025-12-01T12:17:36,onnx-int8-api,NA,NA,NA,NA,NA,NA
2025-12-01T12:17:37,onnx-int8-api,NA,NA,NA,NA,NA,NA
2025-12-01T12:17:38,onnx-int8-api,NA,NA,NA,NA,NA,NA
2025-12-01T12:17:39,onnx-int8-api,NA,NA,NA,NA,NA,NA
2025-12-01T12:17:40,onnx-int8-api,NA,NA,NA,NA,NA,NA
2025-12-01T12:17:41,onnx-int8-api,NA,NA,NA,NA,NA,NA
2025-12-01T12:17:42,onnx-int8-api,NA,NA,NA,NA,NA,NA
2025-12-01T12:17:43,onnx-int8-api,NA,NA,NA,NA,NA,NA
2025-12-01T12:17:44,onnx-int8-api,NA,NA,NA,NA,NA,NA
2025-12-01T12:17:45,onnx-int8-api,NA,NA,NA,NA,NA,NA
2025-12-01T12:17:46,onnx-int8-api,NA,NA,NA,NA,NA,NA
2025-12-01T12:17:47,onnx-int8-api,NA,NA,NA,NA,NA,NA
2025-12-01T12:17:48,onnx-int8-api,NA,NA,NA,NA,NA,NA
2025-12-01T12:17:49,onnx-int8-api,NA,NA,NA,NA,NA,NA
2025-12-01T12:17:50,onnx-int8-api,NA,NA,NA,NA,NA,NA
2025-12-01T12:17:51,onnx-int8-api,NA,NA,NA,NA,NA,NA
2025-12-01T12:17:52,onnx-int8-api,NA,NA,NA,NA,NA,NA
2025-12-01T12:17:53,onnx-int8-api,NA,NA,NA,NA,NA,NA
2025-12-01T12:17:55,onnx-int8-api,NA,NA,NA,NA,NA,NA
2025-12-01T12:17:56,onnx-int8-api,NA,NA,NA,NA,NA,NA
2025-12-01T12:17:57,onnx-int8-api,NA,NA,NA,NA,NA,NA
2025-12-01T12:17:58,onnx-int8-api,NA,NA,NA,NA,NA,NA
2025-12-01T12:17:59,onnx-int8-api,NA,NA,NA,NA,NA,NA
2025-12-01T12:18:00,onnx-int8-api,NA,NA,NA,NA,NA,NA
2025-12-01T12:18:01,onnx-int8-api,NA,NA,NA,NA,NA,NA
2025-12-01T12:18:02,onnx-int8-api,NA,NA,NA,NA,NA,NA
2025-12-01T12:18:03,onnx-int8-api,NA,NA,NA,NA,NA,NA
2025-12-01T12:18:04,onnx-int8-api,NA,NA,NA,NA,NA,NA
2025-12-01T12:18:05,onnx-int8-api,NA,NA,NA,NA,NA,NA
2025-12-01T12:18:06,onnx-int8-api,NA,NA,NA,NA,NA,NA
2025-12-01T12:18:07,onnx-int8-api,NA,NA,NA,NA,NA,NA
2025-12-01T12:18:08,onnx-int8-api,NA,NA,NA,NA,NA,NA
2025-12-01T12:18:09,onnx-int8-api,NA,NA,NA,NA,NA,NA
2025-12-01T12:18:10,onnx-int8-api,NA,NA,NA,NA,NA,NA
2025-12-01T12:18:11,onnx-int8-api,NA,NA,NA,NA,NA,NA
2025-12-01T12:18:12,onnx-int8-api,NA,NA,NA,NA,NA,NA
2025-12-01T12:18:13,onnx-int8-api,NA,NA,NA,NA,NA,NA
2025-12-01T12:18:14,onnx-int8-api,NA,NA,NA,NA,NA,NA
2025-12-01T12:18:15,onnx-int8-api,NA,NA,NA,NA,NA,NA
2025-12-01T12:18:16,onnx-int8-api,NA,NA,NA,NA,NA,NA
2025-12-01T12:18:17,onnx-int8-api,NA,NA,NA,NA,NA,NA
2025-12-01T12:18:18,onnx-int8-api,NA,NA,NA,NA,NA,NA
2025-12-01T12:18:19,onnx-int8-api,NA,NA,NA,NA,NA,NA
2025-12-01T12:18:20,onnx-int8-api,NA,NA,NA,NA,NA,NA
2025-12-01T12:18:22,onnx-int8-api,NA,NA,NA,NA,NA,NA
2025-12-01T12:18:23,onnx-int8-api,NA,NA,NA,NA,NA,NA
2025-12-01T12:18:24,onnx-int8-api,NA,NA,NA,NA,NA,NA
2025-12-01T12:18:25,onnx-int8-api,NA,NA,NA,NA,NA,NA
2025-12-01T12:18:26,onnx-int8-api,NA,NA,NA,NA,NA,NA
2025-12-01T12:18:27,onnx-int8-api,NA,NA,NA,NA,NA,NA
2025-12-01T12:18:28,onnx-int8-api,NA,NA,NA,NA,NA,NA
2025-12-01T12:18:29,onnx-int8-api,NA,NA,NA,NA,NA,NA
2025-12-01T12:18:30,onnx-int8-api,NA,NA,NA,NA,NA,NA
2025-12-01T12:18:31,onnx-int8-api,NA,NA,NA,NA,NA,NA
2025-12-01T12:18:32,onnx-int8-api,NA,NA,NA,NA,NA,NA
2025-12-01T12:18:33,onnx-int8-api,NA,NA,NA,NA,NA,NA
2025-12-01T12:18:34,onnx-int8-api,NA,NA,NA,NA,NA,NA
2025-12-01T12:18:35,onnx-int8-api,NA,NA,NA,NA,NA,NA
2025-12-01T12:18:36,onnx-int8-api,NA,NA,NA,NA,NA,NA
2025-12-01T12:18:37,onnx-int8-api,NA,NA,NA,NA,NA,NA
2025-12-01T12:18:38,onnx-int8-api,NA,NA,NA,NA,NA,NA
2025-12-01T12:18:39,onnx-int8-api,NA,NA,NA,NA,NA,NA
2025-12-01T12:18:40,onnx-int8-api,NA,NA,NA,NA,NA,NA
2025-12-01T12:18:41,onnx-int8-api,NA,NA,NA,NA,NA,NA
2025-12-01T12:18:42,onnx-int8-api,NA,NA,NA,NA,NA,NA
2025-12-01T12:18:43,onnx-int8-api,NA,NA,NA,NA,NA,NA
2025-12-01T12:18:44,onnx-int8-api,NA,NA,NA,NA,NA,NA
2025-12-01T12:18:46,onnx-int8-api,NA,NA,NA,NA,NA,NA
2025-12-01T12:18:47,onnx-int8-api,NA,NA,NA,NA,NA,NA
2025-12-01T12:18:48,onnx-int8-api,NA,NA,NA,NA,NA,NA
2025-12-01T12:18:49,onnx-int8-api,NA,NA,NA,NA,NA,NA
2025-12-01T12:18:50,onnx-int8-api,NA,NA,NA,NA,NA,NA
2025-12-01T12:18:51,onnx-int8-api,NA,NA,NA,NA,NA,NA
2025-12-01T12:18:52,onnx-int8-api,NA,NA,NA,NA,NA,NA
2025-12-01T12:18:53,onnx-int8-api,NA,NA,NA,NA,NA,NA
2025-12-01T12:18:54,onnx-int8-api,NA,NA,NA,NA,NA,NA
2025-12-01T12:18:55,onnx-int8-api,NA,NA,NA,NA,NA,NA
2025-12-01T12:18:56,onnx-int8-api,NA,NA,NA,NA,NA,NA
2025-12-01T12:18:57,onnx-int8-api,NA,NA,NA,NA,NA,NA
2025-12-01T12:18:58,onnx-int8-api,NA,NA,NA,NA,NA,NA
2025-12-01T12:18:59,onnx-int8-api,NA,NA,NA,NA,NA,NA
2025-12-01T12:19:00,onnx-int8-api,NA,NA,NA,NA,NA,NA
2025-12-01T12:19:01,onnx-int8-api,NA,NA,NA,NA,NA,NA
2025-12-01T12:19:02,onnx-int8-api,NA,NA,NA,NA,NA,NA
2025-12-01T12:19:03,onnx-int8-api,NA,NA,NA,NA,NA,NA
2025-12-01T12:19:04,onnx-int8-api,NA,NA,NA,NA,NA,NA
2025-12-01T12:19:05,onnx-int8-api,NA,NA,NA,NA,NA,NA
2025-12-01T12:19:06,onnx-int8-api,NA,NA,NA,NA,NA,NA
2025-12-01T12:19:07,onnx-int8-api,NA,NA,NA,NA,NA,NA
2025-12-01T12:19:08,onnx-int8-api,NA,NA,NA,NA,NA,NA
2025-12-01T12:19:09,onnx-int8-api,NA,NA,NA,NA,NA,NA
2025-12-01T12:19:11,onnx-int8-api,NA,NA,NA,NA,NA,NA
2025-12-01T12:19:12,onnx-int8-api,NA,NA,NA,NA,NA,NA
2025-12-01T12:19:13,onnx-int8-api,NA,NA,NA,NA,NA,NA
2025-12-01T12:19:14,onnx-int8-api,NA,NA,NA,NA,NA,NA
2025-12-01T12:19:15,onnx-int8-api,NA,NA,NA,NA,NA,NA
2025-12-01T12:19:16,onnx-int8-api,NA,NA,NA,NA,NA,NA
2025-12-01T12:19:17,onnx-int8-api,NA,NA,NA,NA,NA,NA
2025-12-01T12:19:18,onnx-int8-api,NA,NA,NA,NA,NA,NA
2025-12-01T12:19:19,onnx-int8-api,NA,NA,NA,NA,NA,NA
2025-12-01T12:19:20,onnx-int8-api,NA,NA,NA,NA,NA,NA
2025-12-01T12:19:21,onnx-int8-api,NA,NA,NA,NA,NA,NA
2025-12-01T12:19:22,onnx-int8-api,NA,NA,NA,NA,NA,NA
2025-12-01T12:19:23,onnx-int8-api,NA,NA,NA,NA,NA,NA
2025-12-01T12:19:24,onnx-int8-api,NA,NA,NA,NA,NA,NA
2025-12-01T12:19:25,onnx-int8-api,NA,NA,NA,NA,NA,NA
2025-12-01T12:19:26,onnx-int8-api,NA,NA,NA,NA,NA,NA
2025-12-01T12:19:27,onnx-int8-api,NA,NA,NA,NA,NA,NA
2025-12-01T12:19:28,onnx-int8-api,NA,NA,NA,NA,NA,NA
2025-12-01T12:19:29,onnx-int8-api,NA,NA,NA,NA,NA,NA
2025-12-01T12:19:30,onnx-int8-api,NA,NA,NA,NA,NA,NA
2025-12-01T12:19:31,onnx-int8-api,NA,NA,NA,NA,NA,NA
2025-12-01T12:19:32,onnx-int8-api,NA,NA,NA,NA,NA,NA
2025-12-01T12:19:33,onnx-int8-api,NA,NA,NA,NA,NA,NA
2025-12-01T12:19:34,onnx-int8-api,NA,NA,NA,NA,NA,NA
2025-12-01T12:19:36,onnx-int8-api,NA,NA,NA,NA,NA,NA
2025-12-01T12:19:37,onnx-int8-api,NA,NA,NA,NA,NA,NA
2025-12-01T12:19:38,onnx-int8-api,NA,NA,NA,NA,NA,NA
2025-12-01T12:19:39,onnx-int8-api,NA,NA,NA,NA,NA,NA
2025-12-01T12:19:40,onnx-int8-api,NA,NA,NA,NA,NA,NA
2025-12-01T12:19:41,onnx-int8-api,NA,NA,NA,NA,NA,NA
2025-12-01T12:19:42,onnx-int8-api,NA,NA,NA,NA,NA,NA
2025-12-01T12:19:43,onnx-int8-api,NA,NA,NA,NA,NA,NA
2025-12-01T12:19:44,onnx-int8-api,NA,NA,NA,NA,NA,NA
2025-12-01T12:19:45,onnx-int8-api,NA,NA,NA,NA,NA,NA
2025-12-01T12:19:46,onnx-int8-api,NA,NA,NA,NA,NA,NA
2025-12-01T12:19:47,onnx-int8-api,NA,NA,NA,NA,NA,NA
2025-12-01T12:19:48,onnx-int8-api,NA,NA,NA,NA,NA,NA
2025-12-01T12:19:49,onnx-int8-api,NA,NA,NA,NA,NA,NA
2025-12-01T12:19:50,onnx-int8-api,NA,NA,NA,NA,NA,NA
2025-12-01T12:19:51,onnx-int8-api,NA,NA,NA,NA,NA,NA
2025-12-01T12:19:52,onnx-int8-api,NA,NA,NA,NA,NA,NA
2025-12-01T12:19:53,onnx-int8-api,NA,NA,NA,NA,NA,NA
2025-12-01T12:19:54,onnx-int8-api,NA,NA,NA,NA,NA,NA
2025-12-01T12:19:55,onnx-int8-api,NA,NA,NA,NA,NA,NA
2025-12-01T12:19:56,onnx-int8-api,NA,NA,NA,NA,NA,NA
2025-12-01T12:19:57,onnx-int8-api,NA,NA,NA,NA,NA,NA
2025-12-01T12:19:58,onnx-int8-api,NA,NA,NA,NA,NA,NA
2025-12-01T12:19:59,onnx-int8-api,NA,NA,NA,NA,NA,NA
2025-12-01T12:20:01,onnx-int8-api,NA,NA,NA,NA,NA,NA
